Workbook

Sheet Default Prob
A1: Germany Yield Curve | E1: Recovery | F1: 0.4
A2: Tenor | B2: Years | C2: Yield | E2: Today | F2: ='Credit Default Swap'!A2 -> 46125
A3: 1Y | B3: =IF(RIGHT(A3,1)="M", 1/12, 1) * VALUE(LEFT(A3, LEN(A3)-1)) -> 1 | C3: 0.0191 | E3: Tenor | F3: Years | G3: Germany Yield Interpolation | M3: Bond Yields | O3: Interval PD | P3: Hazard Rate | Q3: Survival Probability | R3: Default Probability
A4: 2Y | B4: =IF(RIGHT(A4,1)="M", 1/12, 1) * VALUE(LEFT(A4, LEN(A4)-1)) -> 2 | C4: 0.0182 | G4: Left Idx | H4: Left Node | I4: Left Yield | J4: Right Node | K4: Right Yield | L4: Fwd Yield | M4: Germany | N4: Big Bank
A5: 3Y | B5: =IF(RIGHT(A5,1)="M", 1/12, 1) * VALUE(LEFT(A5, LEN(A5)-1)) -> 3 | C5: 0.0185 | E5: =A17 -> 1Y | F5: =B17 -> 1 | G5: =MATCH(F5,$B$3:$B$13, 1) -> 1 | H5: =INDEX($B$3:$B$13, G5) -> 1 | I5: =INDEX($C$3:$C$13, G5) -> 0.0191 | J5: =INDEX($B$3:$B$13, G5+1) -> 2 | K5: =INDEX($C$3:$C$13, G5+1) -> 0.0182 | L5: =((1+K5)^J5 / (1+I5)^H5) ^ (1/(J5-H5)) - 1 -> 0.017300795 | M5: =((1+I5)^H5 * (1+L5)^(F5-H5)) ^ (1/F5) - 1 -> 0.0191 | N5: =C17 -> 0.0352 | O5: =1 - Q5 -> 0.025920917 | P5: =-LN(Q5)/F5 -> 0.026262785 | Q5: =1 - R5 -> 0.97407908 | R5: =(1 - (1 + M5)^F5 / (1 + N5)^F5) / (1 - $F$1) -> 0.025920917
A6: 4Y | B6: =IF(RIGHT(A6,1)="M", 1/12, 1) * VALUE(LEFT(A6, LEN(A6)-1)) -> 4 | C6: 0.0195 | E6: =A18 -> 2Y | F6: =B18 -> 2 | G6: =MATCH(F6,$B$3:$B$13, 1) -> 2 | H6: =INDEX($B$3:$B$13, G6) -> 2 | I6: =INDEX($C$3:$C$13, G6) -> 0.0182 | J6: =INDEX($B$3:$B$13, G6+1) -> 3 | K6: =INDEX($C$3:$C$13, G6+1) -> 0.0185 | L6: =((1+K6)^J6 / (1+I6)^H6) ^ (1/(J6-H6)) - 1 -> 0.019100265 | M6: =((1+I6)^H6 * (1+L6)^(F6-H6)) ^ (1/F6) - 1 -> 0.0182 | N6: =C18 -> 0.0311 | O6: =Q5 - Q6 -> 0.015521247 | P6: =LN(Q5 / Q6) / (F6 - F5) -> 0.016062594 | Q6: =1 - R6 -> 0.95855784 | R6: =(1 - (1 + M6)^F6 / (1 + N6)^F6) / (1 - $F$1) -> 0.041442164
A7: 5Y | B7: =IF(RIGHT(A7,1)="M", 1/12, 1) * VALUE(LEFT(A7, LEN(A7)-1)) -> 5 | C7: 0.0211 | E7: =A19 -> 3Y | F7: =B19 -> 3 | G7: =MATCH(F7,$B$3:$B$13, 1) -> 3 | H7: =INDEX($B$3:$B$13, G7) -> 3 | I7: =INDEX($C$3:$C$13, G7) -> 0.0185 | J7: =INDEX($B$3:$B$13, G7+1) -> 4 | K7: =INDEX($C$3:$C$13, G7+1) -> 0.0195 | L7: =((1+K7)^J7 / (1+I7)^H7) ^ (1/(J7-H7)) - 1 -> 0.022505895 | M7: =((1+I7)^H7 * (1+L7)^(F7-H7)) ^ (1/F7) - 1 -> 0.0185 | N7: =C19 -> 0.0315 | O7: =Q6 - Q7 -> 0.02078202 | P7: =LN(Q6 / Q7) / (F7 - F6) -> 0.021918983 | Q7: =1 - R7 -> 0.93777582 | R7: =(1 - (1 + M7)^F7 / (1 + N7)^F7) / (1 - $F$1) -> 0.062224184
A8: 6Y | B8: =IF(RIGHT(A8,1)="M", 1/12, 1) * VALUE(LEFT(A8, LEN(A8)-1)) -> 6 | C8: 0.0217 | E8: =A20 -> 4Y | F8: =B20 -> 4 | G8: =MATCH(F8,$B$3:$B$13, 1) -> 4 | H8: =INDEX($B$3:$B$13, G8) -> 4 | I8: =INDEX($C$3:$C$13, G8) -> 0.0195 | J8: =INDEX($B$3:$B$13, G8+1) -> 5 | K8: =INDEX($C$3:$C$13, G8+1) -> 0.0211 | L8: =((1+K8)^J8 / (1+I8)^H8) ^ (1/(J8-H8)) - 1 -> 0.02752515 | M8: =((1+I8)^H8 * (1+L8)^(F8-H8)) ^ (1/F8) - 1 -> 0.0195 | N8: =C20 -> 0.0327 | O8: =Q7 - Q8 -> 0.021369409 | P8: =LN(Q7 / Q8) / (F8 - F7) -> 0.023050976 | Q8: =1 - R8 -> 0.91640641 | R8: =(1 - (1 + M8)^F8 / (1 + N8)^F8) / (1 - $F$1) -> 0.083593593
A9: 7Y | B9: =IF(RIGHT(A9,1)="M", 1/12, 1) * VALUE(LEFT(A9, LEN(A9)-1)) -> 7 | C9: 0.0229 | E9: =A21 -> 5Y | F9: =B21 -> 5 | G9: =MATCH(F9,$B$3:$B$13, 1) -> 5 | H9: =INDEX($B$3:$B$13, G9) -> 5 | I9: =INDEX($C$3:$C$13, G9) -> 0.0211 | J9: =INDEX($B$3:$B$13, G9+1) -> 6 | K9: =INDEX($C$3:$C$13, G9+1) -> 0.0217 | L9: =((1+K9)^J9 / (1+I9)^H9) ^ (1/(J9-H9)) - 1 -> 0.024705293 | M9: =((1+I9)^H9 * (1+L9)^(F9-H9)) ^ (1/F9) - 1 -> 0.0211 | N9: =C21 -> 0.0341 | O9: =Q8 - Q9 -> 0.018566328 | P9: =LN(Q8 / Q9) / (F9 - F8) -> 0.020467975 | Q9: =1 - R9 -> 0.89784008 | R9: =(1 - (1 + M9)^F9 / (1 + N9)^F9) / (1 - $F$1) -> 0.10215992
A10: 8Y | B10: =IF(RIGHT(A10,1)="M", 1/12, 1) * VALUE(LEFT(A10, LEN(A10)-1)) -> 8 | C10: 0.024 | E10: =A22 -> 6Y | F10: =B22 -> 6 | G10: =MATCH(F10,$B$3:$B$13, 1) -> 6 | H10: =INDEX($B$3:$B$13, G10) -> 6 | I10: =INDEX($C$3:$C$13, G10) -> 0.0217 | J10: =INDEX($B$3:$B$13, G10+1) -> 7 | K10: =INDEX($C$3:$C$13, G10+1) -> 0.0229 | L10: =((1+K10)^J10 / (1+I10)^H10) ^ (1/(J10-H10)) - 1 -> 0.030129656 | M10: =((1+I10)^H10 * (1+L10)^(F10-H10)) ^ (1/F10) - 1 -> 0.0217 | N10: =C22 -> 0.0357 | O10: =Q9 - Q10 -> 0.028527836 | P10: =LN(Q9 / Q10) / (F10 - F9) -> 0.032289593 | Q10: =1 - R10 -> 0.86931224 | R10: =(1 - (1 + M10)^F10 / (1 + N10)^F10) / (1 - $F$1) -> 0.13068776
A11: 9Y | B11: =IF(RIGHT(A11,1)="M", 1/12, 1) * VALUE(LEFT(A11, LEN(A11)-1)) -> 9 | C11: 0.025 | E11: =A23 -> 7Y | F11: =B23 -> 7 | G11: =MATCH(F11,$B$3:$B$13, 1) -> 7 | H11: =INDEX($B$3:$B$13, G11) -> 7 | I11: =INDEX($C$3:$C$13, G11) -> 0.0229 | J11: =INDEX($B$3:$B$13, G11+1) -> 8 | K11: =INDEX($C$3:$C$13, G11+1) -> 0.024 | L11: =((1+K11)^J11 / (1+I11)^H11) ^ (1/(J11-H11)) - 1 -> 0.031733193 | M11: =((1+I11)^H11 * (1+L11)^(F11-H11)) ^ (1/F11) - 1 -> 0.0229 | N11: =C23 -> 0.0377 | O11: =Q10 - Q11 -> 0.028753237 | P11: =LN(Q10 / Q11) / (F11 - F10) -> 0.03363522 | Q11: =1 - R11 -> 0.84055901 | R11: =(1 - (1 + M11)^F11 / (1 + N11)^F11) / (1 - $F$1) -> 0.15944099
A12: 10Y | B12: =IF(RIGHT(A12,1)="M", 1/12, 1) * VALUE(LEFT(A12, LEN(A12)-1)) -> 10 | C12: 0.0256 | E12: =A24 -> 8Y | F12: =B24 -> 8 | G12: =MATCH(F12,$B$3:$B$13, 1) -> 8 | H12: =INDEX($B$3:$B$13, G12) -> 8 | I12: =INDEX($C$3:$C$13, G12) -> 0.024 | J12: =INDEX($B$3:$B$13, G12+1) -> 9 | K12: =INDEX($C$3:$C$13, G12+1) -> 0.025 | L12: =((1+K12)^J12 / (1+I12)^H12) ^ (1/(J12-H12)) - 1 -> 0.033035236 | M12: =((1+I12)^H12 * (1+L12)^(F12-H12)) ^ (1/F12) - 1 -> 0.024 | N12: =C24 -> 0.0399 | O12: =Q11 - Q12 -> 0.033842257 | P12: =LN(Q11 / Q12) / (F12 - F11) -> 0.041094539 | Q12: =1 - R12 -> 0.80671675 | R12: =(1 - (1 + M12)^F12 / (1 + N12)^F12) / (1 - $F$1) -> 0.19328325
A13: 15Y | B13: =IF(RIGHT(A13,1)="M", 1/12, 1) * VALUE(LEFT(A13, LEN(A13)-1)) -> 15 | C13: 0.0289 | E13: =A25 -> 9Y | F13: =B25 -> 9 | G13: =MATCH(F13,$B$3:$B$13, 1) -> 9 | H13: =INDEX($B$3:$B$13, G13) -> 9 | I13: =INDEX($C$3:$C$13, G13) -> 0.025 | J13: =INDEX($B$3:$B$13, G13+1) -> 10 | K13: =INDEX($C$3:$C$13, G13+1) -> 0.0256 | L13: =((1+K13)^J13 / (1+I13)^H13) ^ (1/(J13-H13)) - 1 -> 0.03101583 | M13: =((1+I13)^H13 * (1+L13)^(F13-H13)) ^ (1/F13) - 1 -> 0.025 | N13: =C25 -> 0.0428 | O13: =Q12 - Q13 -> 0.045955007 | P13: =LN(Q12 / Q13) / (F13 - F12) -> 0.058652391 | Q13: =1 - R13 -> 0.76076174 | R13: =(1 - (1 + M13)^F13 / (1 + N13)^F13) / (1 - $F$1) -> 0.23923826
E14: =A26 -> 10Y | F14: =B26 -> 10 | G14: =MATCH(F14,$B$3:$B$13, 1) -> 10 | H14: =INDEX($B$3:$B$13, G14) -> 10 | I14: =INDEX($C$3:$C$13, G14) -> 0.0256 | J14: =INDEX($B$3:$B$13, G14+1) -> 15 | K14: =INDEX($C$3:$C$13, G14+1) -> 0.0289 | L14: =((1+K14)^J14 / (1+I14)^H14) ^ (1/(J14-H14)) - 1 -> 0.035531889 | M14: =((1+I14)^H14 * (1+L14)^(F14-H14)) ^ (1/F14) - 1 -> 0.0256 | N14: =C26 -> 0.046 | O14: =Q13 - Q14 -> 0.058716562 | P14: =LN(Q13 / Q14) / (F14 - F13) -> 0.080322463 | Q14: =1 - R14 -> 0.70204518 | R14: =(1 - (1 + M14)^F14 / (1 + N14)^F14) / (1 - $F$1) -> 0.29795482
A15: Big Bank Yield Curve
A16: Tenor | B16: Years | C16: Yield | E16: Legend
A17: 1Y | B17: 1 | C17: 0.0352 | E17: Market Data
A18: 2Y | B18: 2 | C18: 0.0311 | E18: User Inputs
A19: 3Y | B19: 3 | C19: 0.0315 | E19: Calculations
A20: 4Y | B20: 4 | C20: 0.0327
A21: 5Y | B21: 5 | C21: 0.0341
A22: 6Y | B22: 6 | C22: 0.0357
A23: 7Y | B23: 7 | C23: 0.0377
A24: 8Y | B24: 8 | C24: 0.0399
A25: 9Y | B25: 9 | C25: 0.0428
A26: 10Y | B26: 10 | C26: 0.046

Sheet Credit Default Swap
A1: Today | C1: CDS Parameters | F1: Results
A2: 46125 | C2: Notional | D2: 1000000 | F2: Last Coupon | G2: {=OFFSET(A9, MATCH(D4,F9:F3003,1) + MATCH(1,OFFSET(D9,MATCH(D4,F9:F3003,1),0,3000),0) - 1, 0)} -> 48019
C3: Recovery | D3: 0.4 | F3: PV, Euro | G3: =SUM(P9:P3003) - SUM(N9:N3003) -> 5.8207661e-11
C4: Years | D4: 5 | F4: Fair Spread | G4: =SUM(P9:P3003) / SUM(N9:N3003) * D5 -> 0.013191967
C5: CDS Spread | D5: 0.013191967
A7: Date | B7: Month Day | C7: Next Coupon | D7: Is Coupon? | E7: Previous Coupon | F7: Years | G7: Hazard Rate | H7: Survival Probability | I7: Interval PD | J7: Discount Rate | K7: Discount Factor | L7: Protection Buyer | O7: Protection Seller | R7: Conventional coupon dates are March 20, June 20, September 20, December 20
L8: Coupon | M8: Accrued | N8: Expected PV | O8: Premium | P8: Expected PV | R8: If Today Is… | S8: Then next coupon date is…
A9: =A2 -> 46125 | B9: =DATE(2000, MONTH(A9), DAY(A9)) -> 36629 | C9: =VLOOKUP(B9, $R$9:$S$13, 2) -> 36697 | D9: =IF(C9=B9, 1, 0) -> 0 | E9: =A2 -> 46125 | F9: =(A9-$A$2)/365.25 -> 0 | G9: =INDEX('Default Prob'!$P$5:$P$14,MIN(1+_xlfn.IFNA(MATCH(F9,'Default Prob'!$F$5:$F$14,1),0),COUNT('Default Prob'!$P$5:$P$14))) -> 0.026262785 | H9: 1 | I9: 0 | J9: =INDEX('Default Prob'!$C$3:$C$13, _xlfn.IFNA(MATCH(F9, 'Default Prob'!$B$3:$B$13, 1), 1)) -> 0.0191 | K9: =1/((1+J9)^F9) -> 1 | L9: =IF(AND(D9, A9 <= $G$2), $D$5*$D$2*(A9-E9)/365.25, 0) -> 0 | M9: =IF(A9<=$G$2, $D$5*$D$2*(A9-E9)/365.25, 0) -> 0 | N9: =(L9*H9 + M9*I9) * K9 -> 0 | O9: =IF(A9<=$G$2, $D$2*(1-$D$3), 0) -> 600000 | P9: =O9*I9*K9 -> 0 | R9: 36526 | S9: =R10-1 -> 36605
A10: =WORKDAY(A9, 1) -> 46126 | B10: =DATE(2000, MONTH(A10), DAY(A10)) -> 36630 | C10: =VLOOKUP(B10, $R$9:$S$13, 2) -> 36697 | D10: =IF(OR(C10=B10, AND(C10<>C9, C9>B9)), 1, 0) -> 0 | E10: {=INDEX($A$9:A9, MAX(IF($D$9:D9=1, ROW(D$9:$D9)-ROW($D$9)+1, 0)))} -> 46125 | F10: =(A10-$A$2)/365.25 -> 0.0027378508 | G10: =INDEX('Default Prob'!$P$5:$P$14,MIN(1+_xlfn.IFNA(MATCH(F10,'Default Prob'!$F$5:$F$14,1),0),COUNT('Default Prob'!$P$5:$P$14))) -> 0.026262785 | H10: =H9*EXP(-G9*(F10-F9)) -> 0.9999281 | I10: =H9-H10 -> 7.1901001e-05 | J10: =INDEX('Default Prob'!$C$3:$C$13, _xlfn.IFNA(MATCH(F10, 'Default Prob'!$B$3:$B$13, 1), 1)) -> 0.0191 | K10: =1/((1+J10)^F10) -> 0.9999482 | L10: =IF(AND(D10, A10 <= $G$2), $D$5*$D$2*(A10-E10)/365.25, 0) -> 0 | M10: =IF(A10<=$G$2, $D$5*$D$2*(A10-E10)/365.25, 0) -> 36.117637 | N10: =(L10*H10 + M10*I10) * K10 -> 0.0025967597 | O10: =IF(A10<=$G$2, $D$2*(1-$D$3), 0) -> 600000 | P10: =O10*I10*K10 -> 43.138366 | R10: 36606 | S10: =R11-1 -> 36697
A11: =WORKDAY(A10, 1) -> 46127 | B11: =DATE(2000, MONTH(A11), DAY(A11)) -> 36631 | C11: =VLOOKUP(B11, $R$9:$S$13, 2) -> 36697 | D11: =IF(OR(C11=B11, AND(C11<>C10, C10>B10)), 1, 0) -> 0 | E11: {=INDEX($A$9:A10, MAX(IF($D$9:D10=1, ROW(D$9:$D10)-ROW($D$9)+1, 0)))} -> 46125 | F11: =(A11-$A$2)/365.25 -> 0.0054757016 | G11: =INDEX('Default Prob'!$P$5:$P$14,MIN(1+_xlfn.IFNA(MATCH(F11,'Default Prob'!$F$5:$F$14,1),0),COUNT('Default Prob'!$P$5:$P$14))) -> 0.026262785 | H11: =H10*EXP(-G10*(F11-F10)) -> 0.9998562 | I11: =H10-H11 -> 7.1895831e-05 | J11: =INDEX('Default Prob'!$C$3:$C$13, _xlfn.IFNA(MATCH(F11, 'Default Prob'!$B$3:$B$13, 1), 1)) -> 0.0191 | K11: =1/((1+J11)^F11) -> 0.99989641 | L11: =IF(AND(D11, A11 <= $G$2), $D$5*$D$2*(A11-E11)/365.25, 0) -> 0 | M11: =IF(A11<=$G$2, $D$5*$D$2*(A11-E11)/365.25, 0) -> 72.235273 | N11: =(L11*H11 + M11*I11) * K11 -> 0.005192877 | O11: =IF(A11<=$G$2, $D$2*(1-$D$3), 0) -> 600000 | P11: =O11*I11*K11 -> 43.13303 | R11: 36698 | S11: =R12-1 -> 36789
A12: =WORKDAY(A11, 1) -> 46128 | B12: =DATE(2000, MONTH(A12), DAY(A12)) -> 36632 | C12: =VLOOKUP(B12, $R$9:$S$13, 2) -> 36697 | D12: =IF(OR(C12=B12, AND(C12<>C11, C11>B11)), 1, 0) -> 0 | E12: {=INDEX($A$9:A11, MAX(IF($D$9:D11=1, ROW(D$9:$D11)-ROW($D$9)+1, 0)))} -> 46125 | F12: =(A12-$A$2)/365.25 -> 0.0082135524 | G12: =INDEX('Default Prob'!$P$5:$P$14,MIN(1+_xlfn.IFNA(MATCH(F12,'Default Prob'!$F$5:$F$14,1),0),COUNT('Default Prob'!$P$5:$P$14))) -> 0.026262785 | H12: =H11*EXP(-G11*(F12-F11)) -> 0.99978431 | I12: =H11-H12 -> 7.1890661e-05 | J12: =INDEX('Default Prob'!$C$3:$C$13, _xlfn.IFNA(MATCH(F12, 'Default Prob'!$B$3:$B$13, 1), 1)) -> 0.0191 | K12: =1/((1+J12)^F12) -> 0.99984461 | L12: =IF(AND(D12, A12 <= $G$2), $D$5*$D$2*(A12-E12)/365.25, 0) -> 0 | M12: =IF(A12<=$G$2, $D$5*$D$2*(A12-E12)/365.25, 0) -> 108.35291 | N12: =(L12*H12 + M12*I12) * K12 -> 0.007788352 | O12: =IF(A12<=$G$2, $D$2*(1-$D$3), 0) -> 600000 | P12: =O12*I12*K12 -> 43.127694 | R12: 36790 | S12: =R13-1 -> 36880
A13: =WORKDAY(A12, 1) -> 46129 | B13: =DATE(2000, MONTH(A13), DAY(A13)) -> 36633 | C13: =VLOOKUP(B13, $R$9:$S$13, 2) -> 36697 | D13: =IF(OR(C13=B13, AND(C13<>C12, C12>B12)), 1, 0) -> 0 | E13: {=INDEX($A$9:A12, MAX(IF($D$9:D12=1, ROW(D$9:$D12)-ROW($D$9)+1, 0)))} -> 46125 | F13: =(A13-$A$2)/365.25 -> 0.010951403 | G13: =INDEX('Default Prob'!$P$5:$P$14,MIN(1+_xlfn.IFNA(MATCH(F13,'Default Prob'!$F$5:$F$14,1),0),COUNT('Default Prob'!$P$5:$P$14))) -> 0.026262785 | H13: =H12*EXP(-G12*(F13-F12)) -> 0.99971243 | I13: =H12-H13 -> 7.1885492e-05 | J13: =INDEX('Default Prob'!$C$3:$C$13, _xlfn.IFNA(MATCH(F13, 'Default Prob'!$B$3:$B$13, 1), 1)) -> 0.0191 | K13: =1/((1+J13)^F13) -> 0.99979282 | L13: =IF(AND(D13, A13 <= $G$2), $D$5*$D$2*(A13-E13)/365.25, 0) -> 0 | M13: =IF(A13<=$G$2, $D$5*$D$2*(A13-E13)/365.25, 0) -> 144.47055 | N13: =(L13*H13 + M13*I13) * K13 -> 0.010383185 | O13: =IF(A13<=$G$2, $D$2*(1-$D$3), 0) -> 600000 | P13: =O13*I13*K13 -> 43.12236 | R13: 36881 | S13: =S9 -> 36605
A14: =WORKDAY(A13, 1) -> 46132 | B14: =DATE(2000, MONTH(A14), DAY(A14)) -> 36636 | C14: =VLOOKUP(B14, $R$9:$S$13, 2) -> 36697 | D14: =IF(OR(C14=B14, AND(C14<>C13, C13>B13)), 1, 0) -> 0 | E14: {=INDEX($A$9:A13, MAX(IF($D$9:D13=1, ROW(D$9:$D13)-ROW($D$9)+1, 0)))} -> 46125 | F14: =(A14-$A$2)/365.25 -> 0.019164956 | G14: =INDEX('Default Prob'!$P$5:$P$14,MIN(1+_xlfn.IFNA(MATCH(F14,'Default Prob'!$F$5:$F$14,1),0),COUNT('Default Prob'!$P$5:$P$14))) -> 0.026262785 | H14: =H13*EXP(-G13*(F14-F13)) -> 0.9994968 | I14: =H13-H14 -> 0.00021562547 | J14: =INDEX('Default Prob'!$C$3:$C$13, _xlfn.IFNA(MATCH(F14, 'Default Prob'!$B$3:$B$13, 1), 1)) -> 0.0191 | K14: =1/((1+J14)^F14) -> 0.99963747 | L14: =IF(AND(D14, A14 <= $G$2), $D$5*$D$2*(A14-E14)/365.25, 0) -> 0 | M14: =IF(A14<=$G$2, $D$5*$D$2*(A14-E14)/365.25, 0) -> 252.82346 | N14: =(L14*H14 + M14*I14) * K14 -> 0.054495412 | O14: =IF(A14<=$G$2, $D$2*(1-$D$3), 0) -> 600000 | P14: =O14*I14*K14 -> 129.32838
A15: =WORKDAY(A14, 1) -> 46133 | B15: =DATE(2000, MONTH(A15), DAY(A15)) -> 36637 | C15: =VLOOKUP(B15, $R$9:$S$13, 2) -> 36697 | D15: =IF(OR(C15=B15, AND(C15<>C14, C14>B14)), 1, 0) -> 0 | E15: {=INDEX($A$9:A14, MAX(IF($D$9:D14=1, ROW(D$9:$D14)-ROW($D$9)+1, 0)))} -> 46125 | F15: =(A15-$A$2)/365.25 -> 0.021902806 | G15: =INDEX('Default Prob'!$P$5:$P$14,MIN(1+_xlfn.IFNA(MATCH(F15,'Default Prob'!$F$5:$F$14,1),0),COUNT('Default Prob'!$P$5:$P$14))) -> 0.026262785 | H15: =H14*EXP(-G14*(F15-F14)) -> 0.99942494 | I15: =H14-H15 -> 7.186482e-05 | J15: =INDEX('Default Prob'!$C$3:$C$13, _xlfn.IFNA(MATCH(F15, 'Default Prob'!$B$3:$B$13, 1), 1)) -> 0.0191 | K15: =1/((1+J15)^F15) -> 0.99958569 | L15: =IF(AND(D15, A15 <= $G$2), $D$5*$D$2*(A15-E15)/365.25, 0) -> 0 | M15: =IF(A15<=$G$2, $D$5*$D$2*(A15-E15)/365.25, 0) -> 288.94109 | N15: =(L15*H15 + M15*I15) * K15 -> 0.020756097 | O15: =IF(A15<=$G$2, $D$2*(1-$D$3), 0) -> 600000 | P15: =O15*I15*K15 -> 43.101027
A16: =WORKDAY(A15, 1) -> 46134 | B16: =DATE(2000, MONTH(A16), DAY(A16)) -> 36638 | C16: =VLOOKUP(B16, $R$9:$S$13, 2) -> 36697 | D16: =IF(OR(C16=B16, AND(C16<>C15, C15>B15)), 1, 0) -> 0 | E16: {=INDEX($A$9:A15, MAX(IF($D$9:D15=1, ROW(D$9:$D15)-ROW($D$9)+1, 0)))} -> 46125 | F16: =(A16-$A$2)/365.25 -> 0.024640657 | G16: =INDEX('Default Prob'!$P$5:$P$14,MIN(1+_xlfn.IFNA(MATCH(F16,'Default Prob'!$F$5:$F$14,1),0),COUNT('Default Prob'!$P$5:$P$14))) -> 0.026262785 | H16: =H15*EXP(-G15*(F16-F15)) -> 0.99935308 | I16: =H15-H16 -> 7.1859653e-05 | J16: =INDEX('Default Prob'!$C$3:$C$13, _xlfn.IFNA(MATCH(F16, 'Default Prob'!$B$3:$B$13, 1), 1)) -> 0.0191 | K16: =1/((1+J16)^F16) -> 0.99953391 | L16: =IF(AND(D16, A16 <= $G$2), $D$5*$D$2*(A16-E16)/365.25, 0) -> 0 | M16: =IF(A16<=$G$2, $D$5*$D$2*(A16-E16)/365.25, 0) -> 325.05873 | N16: =(L16*H16 + M16*I16) * K16 -> 0.02334772 | O16: =IF(A16<=$G$2, $D$2*(1-$D$3), 0) -> 600000 | P16: =O16*I16*K16 -> 43.095696
A17: =WORKDAY(A16, 1) -> 46135 | B17: =DATE(2000, MONTH(A17), DAY(A17)) -> 36639 | C17: =VLOOKUP(B17, $R$9:$S$13, 2) -> 36697 | D17: =IF(OR(C17=B17, AND(C17<>C16, C16>B16)), 1, 0) -> 0 | E17: {=INDEX($A$9:A16, MAX(IF($D$9:D16=1, ROW(D$9:$D16)-ROW($D$9)+1, 0)))} -> 46125 | F17: =(A17-$A$2)/365.25 -> 0.027378508 | G17: =INDEX('Default Prob'!$P$5:$P$14,MIN(1+_xlfn.IFNA(MATCH(F17,'Default Prob'!$F$5:$F$14,1),0),COUNT('Default Prob'!$P$5:$P$14))) -> 0.026262785 | H17: =H16*EXP(-G16*(F17-F16)) -> 0.99928122 | I17: =H16-H17 -> 7.1854486e-05 | J17: =INDEX('Default Prob'!$C$3:$C$13, _xlfn.IFNA(MATCH(F17, 'Default Prob'!$B$3:$B$13, 1), 1)) -> 0.0191 | K17: =1/((1+J17)^F17) -> 0.99948214 | L17: =IF(AND(D17, A17 <= $G$2), $D$5*$D$2*(A17-E17)/365.25, 0) -> 0 | M17: =IF(A17<=$G$2, $D$5*$D$2*(A17-E17)/365.25, 0) -> 361.17637 | N17: =(L17*H17 + M17*I17) * K17 -> 0.025938703 | O17: =IF(A17<=$G$2, $D$2*(1-$D$3), 0) -> 600000 | P17: =O17*I17*K17 -> 43.090365
A18: =WORKDAY(A17, 1) -> 46136 | B18: =DATE(2000, MONTH(A18), DAY(A18)) -> 36640 | C18: =VLOOKUP(B18, $R$9:$S$13, 2) -> 36697 | D18: =IF(OR(C18=B18, AND(C18<>C17, C17>B17)), 1, 0) -> 0 | E18: {=INDEX($A$9:A17, MAX(IF($D$9:D17=1, ROW(D$9:$D17)-ROW($D$9)+1, 0)))} -> 46125 | F18: =(A18-$A$2)/365.25 -> 0.030116359 | G18: =INDEX('Default Prob'!$P$5:$P$14,MIN(1+_xlfn.IFNA(MATCH(F18,'Default Prob'!$F$5:$F$14,1),0),COUNT('Default Prob'!$P$5:$P$14))) -> 0.026262785 | H18: =H17*EXP(-G17*(F18-F17)) -> 0.99920937 | I18: =H17-H18 -> 7.184932e-05 | J18: =INDEX('Default Prob'!$C$3:$C$13, _xlfn.IFNA(MATCH(F18, 'Default Prob'!$B$3:$B$13, 1), 1)) -> 0.0191 | K18: =1/((1+J18)^F18) -> 0.99943036 | L18: =IF(AND(D18, A18 <= $G$2), $D$5*$D$2*(A18-E18)/365.25, 0) -> 0 | M18: =IF(A18<=$G$2, $D$5*$D$2*(A18-E18)/365.25, 0) -> 397.294 | N18: =(L18*H18 + M18*I18) * K18 -> 0.028529043 | O18: =IF(A18<=$G$2, $D$2*(1-$D$3), 0) -> 600000 | P18: =O18*I18*K18 -> 43.085035
A19: =WORKDAY(A18, 1) -> 46139 | B19: =DATE(2000, MONTH(A19), DAY(A19)) -> 36643 | C19: =VLOOKUP(B19, $R$9:$S$13, 2) -> 36697 | D19: =IF(OR(C19=B19, AND(C19<>C18, C18>B18)), 1, 0) -> 0 | E19: {=INDEX($A$9:A18, MAX(IF($D$9:D18=1, ROW(D$9:$D18)-ROW($D$9)+1, 0)))} -> 46125 | F19: =(A19-$A$2)/365.25 -> 0.038329911 | G19: =INDEX('Default Prob'!$P$5:$P$14,MIN(1+_xlfn.IFNA(MATCH(F19,'Default Prob'!$F$5:$F$14,1),0),COUNT('Default Prob'!$P$5:$P$14))) -> 0.026262785 | H19: =H18*EXP(-G18*(F19-F18)) -> 0.99899386 | I19: =H18-H19 -> 0.00021551696 | J19: =INDEX('Default Prob'!$C$3:$C$13, _xlfn.IFNA(MATCH(F19, 'Default Prob'!$B$3:$B$13, 1), 1)) -> 0.0191 | K19: =1/((1+J19)^F19) -> 0.99927507 | L19: =IF(AND(D19, A19 <= $G$2), $D$5*$D$2*(A19-E19)/365.25, 0) -> 0 | M19: =IF(A19<=$G$2, $D$5*$D$2*(A19-E19)/365.25, 0) -> 505.64691 | N19: =(L19*H19 + M19*I19) * K19 -> 0.10889649 | O19: =IF(A19<=$G$2, $D$2*(1-$D$3), 0) -> 600000 | P19: =O19*I19*K19 -> 129.21644
A20: =WORKDAY(A19, 1) -> 46140 | B20: =DATE(2000, MONTH(A20), DAY(A20)) -> 36644 | C20: =VLOOKUP(B20, $R$9:$S$13, 2) -> 36697 | D20: =IF(OR(C20=B20, AND(C20<>C19, C19>B19)), 1, 0) -> 0 | E20: {=INDEX($A$9:A19, MAX(IF($D$9:D19=1, ROW(D$9:$D19)-ROW($D$9)+1, 0)))} -> 46125 | F20: =(A20-$A$2)/365.25 -> 0.041067762 | G20: =INDEX('Default Prob'!$P$5:$P$14,MIN(1+_xlfn.IFNA(MATCH(F20,'Default Prob'!$F$5:$F$14,1),0),COUNT('Default Prob'!$P$5:$P$14))) -> 0.026262785 | H20: =H19*EXP(-G19*(F20-F19)) -> 0.99892203 | I20: =H19-H20 -> 7.1828658e-05 | J20: =INDEX('Default Prob'!$C$3:$C$13, _xlfn.IFNA(MATCH(F20, 'Default Prob'!$B$3:$B$13, 1), 1)) -> 0.0191 | K20: =1/((1+J20)^F20) -> 0.9992233 | L20: =IF(AND(D20, A20 <= $G$2), $D$5*$D$2*(A20-E20)/365.25, 0) -> 0 | M20: =IF(A20<=$G$2, $D$5*$D$2*(A20-E20)/365.25, 0) -> 541.76455 | N20: =(L20*H20 + M20*I20) * K20 -> 0.038883996 | O20: =IF(A20<=$G$2, $D$2*(1-$D$3), 0) -> 600000 | P20: =O20*I20*K20 -> 43.063721
A21: =WORKDAY(A20, 1) -> 46141 | B21: =DATE(2000, MONTH(A21), DAY(A21)) -> 36645 | C21: =VLOOKUP(B21, $R$9:$S$13, 2) -> 36697 | D21: =IF(OR(C21=B21, AND(C21<>C20, C20>B20)), 1, 0) -> 0 | E21: {=INDEX($A$9:A20, MAX(IF($D$9:D20=1, ROW(D$9:$D20)-ROW($D$9)+1, 0)))} -> 46125 | F21: =(A21-$A$2)/365.25 -> 0.043805613 | G21: =INDEX('Default Prob'!$P$5:$P$14,MIN(1+_xlfn.IFNA(MATCH(F21,'Default Prob'!$F$5:$F$14,1),0),COUNT('Default Prob'!$P$5:$P$14))) -> 0.026262785 | H21: =H20*EXP(-G20*(F21-F20)) -> 0.9988502 | I21: =H20-H21 -> 7.1823493e-05 | J21: =INDEX('Default Prob'!$C$3:$C$13, _xlfn.IFNA(MATCH(F21, 'Default Prob'!$B$3:$B$13, 1), 1)) -> 0.0191 | K21: =1/((1+J21)^F21) -> 0.99917155 | L21: =IF(AND(D21, A21 <= $G$2), $D$5*$D$2*(A21-E21)/365.25, 0) -> 0 | M21: =IF(A21<=$G$2, $D$5*$D$2*(A21-E21)/365.25, 0) -> 577.88219 | N21: =(L21*H21 + M21*I21) * K21 -> 0.041471132 | O21: =IF(A21<=$G$2, $D$2*(1-$D$3), 0) -> 600000 | P21: =O21*I21*K21 -> 43.058395
A22: =WORKDAY(A21, 1) -> 46142 | B22: =DATE(2000, MONTH(A22), DAY(A22)) -> 36646 | C22: =VLOOKUP(B22, $R$9:$S$13, 2) -> 36697 | D22: =IF(OR(C22=B22, AND(C22<>C21, C21>B21)), 1, 0) -> 0 | E22: {=INDEX($A$9:A21, MAX(IF($D$9:D21=1, ROW(D$9:$D21)-ROW($D$9)+1, 0)))} -> 46125 | F22: =(A22-$A$2)/365.25 -> 0.046543463 | G22: =INDEX('Default Prob'!$P$5:$P$14,MIN(1+_xlfn.IFNA(MATCH(F22,'Default Prob'!$F$5:$F$14,1),0),COUNT('Default Prob'!$P$5:$P$14))) -> 0.026262785 | H22: =H21*EXP(-G21*(F22-F21)) -> 0.99877839 | I22: =H21-H22 -> 7.1818329e-05 | J22: =INDEX('Default Prob'!$C$3:$C$13, _xlfn.IFNA(MATCH(F22, 'Default Prob'!$B$3:$B$13, 1), 1)) -> 0.0191 | K22: =1/((1+J22)^F22) -> 0.99911979 | L22: =IF(AND(D22, A22 <= $G$2), $D$5*$D$2*(A22-E22)/365.25, 0) -> 0 | M22: =IF(A22<=$G$2, $D$5*$D$2*(A22-E22)/365.25, 0) -> 613.99982 | N22: =(L22*H22 + M22*I22) * K22 -> 0.044057627 | O22: =IF(A22<=$G$2, $D$2*(1-$D$3), 0) -> 600000 | P22: =O22*I22*K22 -> 43.053068
A23: =WORKDAY(A22, 1) -> 46143 | B23: =DATE(2000, MONTH(A23), DAY(A23)) -> 36647 | C23: =VLOOKUP(B23, $R$9:$S$13, 2) -> 36697 | D23: =IF(OR(C23=B23, AND(C23<>C22, C22>B22)), 1, 0) -> 0 | E23: {=INDEX($A$9:A22, MAX(IF($D$9:D22=1, ROW(D$9:$D22)-ROW($D$9)+1, 0)))} -> 46125 | F23: =(A23-$A$2)/365.25 -> 0.049281314 | G23: =INDEX('Default Prob'!$P$5:$P$14,MIN(1+_xlfn.IFNA(MATCH(F23,'Default Prob'!$F$5:$F$14,1),0),COUNT('Default Prob'!$P$5:$P$14))) -> 0.026262785 | H23: =H22*EXP(-G22*(F23-F22)) -> 0.99870657 | I23: =H22-H23 -> 7.1813165e-05 | J23: =INDEX('Default Prob'!$C$3:$C$13, _xlfn.IFNA(MATCH(F23, 'Default Prob'!$B$3:$B$13, 1), 1)) -> 0.0191 | K23: =1/((1+J23)^F23) -> 0.99906804 | L23: =IF(AND(D23, A23 <= $G$2), $D$5*$D$2*(A23-E23)/365.25, 0) -> 0 | M23: =IF(A23<=$G$2, $D$5*$D$2*(A23-E23)/365.25, 0) -> 650.11746 | N23: =(L23*H23 + M23*I23) * K23 -> 0.046643482 | O23: =IF(A23<=$G$2, $D$2*(1-$D$3), 0) -> 600000 | P23: =O23*I23*K23 -> 43.047743
A24: =WORKDAY(A23, 1) -> 46146 | B24: =DATE(2000, MONTH(A24), DAY(A24)) -> 36650 | C24: =VLOOKUP(B24, $R$9:$S$13, 2) -> 36697 | D24: =IF(OR(C24=B24, AND(C24<>C23, C23>B23)), 1, 0) -> 0 | E24: {=INDEX($A$9:A23, MAX(IF($D$9:D23=1, ROW(D$9:$D23)-ROW($D$9)+1, 0)))} -> 46125 | F24: =(A24-$A$2)/365.25 -> 0.057494867 | G24: =INDEX('Default Prob'!$P$5:$P$14,MIN(1+_xlfn.IFNA(MATCH(F24,'Default Prob'!$F$5:$F$14,1),0),COUNT('Default Prob'!$P$5:$P$14))) -> 0.026262785 | H24: =H23*EXP(-G23*(F24-F23)) -> 0.99849116 | I24: =H23-H24 -> 0.00021540852 | J24: =INDEX('Default Prob'!$C$3:$C$13, _xlfn.IFNA(MATCH(F24, 'Default Prob'!$B$3:$B$13, 1), 1)) -> 0.0191 | K24: =1/((1+J24)^F24) -> 0.9989128 | L24: =IF(AND(D24, A24 <= $G$2), $D$5*$D$2*(A24-E24)/365.25, 0) -> 0 | M24: =IF(A24<=$G$2, $D$5*$D$2*(A24-E24)/365.25, 0) -> 758.47037 | N24: =(L24*H24 + M24*I24) * K24 -> 0.16320335 | O24: =IF(A24<=$G$2, $D$2*(1-$D$3), 0) -> 600000 | P24: =O24*I24*K24 -> 129.10459
A25: =WORKDAY(A24, 1) -> 46147 | B25: =DATE(2000, MONTH(A25), DAY(A25)) -> 36651 | C25: =VLOOKUP(B25, $R$9:$S$13, 2) -> 36697 | D25: =IF(OR(C25=B25, AND(C25<>C24, C24>B24)), 1, 0) -> 0 | E25: {=INDEX($A$9:A24, MAX(IF($D$9:D24=1, ROW(D$9:$D24)-ROW($D$9)+1, 0)))} -> 46125 | F25: =(A25-$A$2)/365.25 -> 0.060232717 | G25: =INDEX('Default Prob'!$P$5:$P$14,MIN(1+_xlfn.IFNA(MATCH(F25,'Default Prob'!$F$5:$F$14,1),0),COUNT('Default Prob'!$P$5:$P$14))) -> 0.026262785 | H25: =H24*EXP(-G24*(F25-F24)) -> 0.99841937 | I25: =H24-H25 -> 7.1792514e-05 | J25: =INDEX('Default Prob'!$C$3:$C$13, _xlfn.IFNA(MATCH(F25, 'Default Prob'!$B$3:$B$13, 1), 1)) -> 0.0191 | K25: =1/((1+J25)^F25) -> 0.99886105 | L25: =IF(AND(D25, A25 <= $G$2), $D$5*$D$2*(A25-E25)/365.25, 0) -> 0 | M25: =IF(A25<=$G$2, $D$5*$D$2*(A25-E25)/365.25, 0) -> 794.58801 | N25: =(L25*H25 + M25*I25) * K25 -> 0.056980499 | O25: =IF(A25<=$G$2, $D$2*(1-$D$3), 0) -> 600000 | P25: =O25*I25*K25 -> 43.026448
... A3003: =WORKDAY(A3002, 1) -> 50315 | B3003: =DATE(2000, MONTH(A3003), DAY(A3003)) -> 36801 | C3003: =VLOOKUP(B3003, $R$9:$S$13, 2) -> 36880 | D3003: =IF(OR(C3003=B3003, AND(C3003<>C3002, C3002>B3002)), 1, 0) -> 0 | E3003: {=INDEX($A$9:A3002, MAX(IF($D$9:D3002=1, ROW(D$9:$D3002)-ROW($D$9)+1, 0)))} -> 50304 | F3003: =(A3003-$A$2)/365.25 -> 11.471595 | G3003: =INDEX('Default Prob'!$P$5:$P$14,MIN(1+_xlfn.IFNA(MATCH(F3003,'Default Prob'!$F$5:$F$14,1),0),COUNT('Default Prob'!$P$5:$P$14))) -> 0.080322463 | H3003: =H3002*EXP(-G3002*(F3003-F3002)) -> 0.62388354 | I3003: =H3002-H3003 -> 0.00013721389 | J3003: =INDEX('Default Prob'!$C$3:$C$13, _xlfn.IFNA(MATCH(F3003, 'Default Prob'!$B$3:$B$13, 1), 1)) -> 0.0256 | K3003: =1/((1+J3003)^F3003) -> 0.74828096 | L3003: =IF(AND(D3003, A3003 <= $G$2), $D$5*$D$2*(A3003-E3003)/365.25, 0) -> 0 | M3003: =IF(A3003<=$G$2, $D$5*$D$2*(A3003-E3003)/365.25, 0) -> 0 | N3003: =(L3003*H3003 + M3003*I3003) * K3003 -> 0 | O3003: =IF(A3003<=$G$2, $D$2*(1-$D$3), 0) -> 0 | P3003: =O3003*I3003*K3003 -> 0

Sheet Sensitivities
A1: Bank | D1: Germany
A2: Tenor | B2: EUR/bp | D2: Tenor | E2: EUR/bp
A3: 1Y | B3: 4.0828239 | D3: 1Y | E3: -3.6045927
A4: 2Y | B4: 7.0351862 | D4: 2Y | E4: -7.0734304
A5: 3Y | B5: 9.4763983 | D5: 3Y | E5: -9.7891965
A6: 4Y | B6: 18.086171 | D6: 4Y | E6: -18.039791
A7: 5Y | B7: 337.03619 | D7: 5Y | E7: -341.7089
A8: 6Y | B8: 98.639362 | D8: 6Y | E8: -99.966761
A9: 7Y | B9: -1.3824319e-10 | D9: 7Y | E9: -1.3824319e-10
A10: Total | B10: =SUM(B3:B9) -> 474.35614 | D10: Total | E10: =SUM(E3:E9) -> -480.18267
F46: 0
