Workbook

Sheet Pricing
A1: Input market data
A2: Instrument | B2: Years | C2: Quote | D2: Model | E2: PV01 / million | G2: // Assumptions:
A3: 3M Fixing | B3: 0.25 | C3: 0.0253 | D3: {=TRANSPOSE(Bootstrap!A308:H308)} -> 0.0253 | E3: 24.842252 | G3: // All swaps are quarterly 3M-Euribor (floating leg) versus annual coupon (fixed leg). This is market convention for Euribor swaps.
A4: 1Y Swap | B4: 1 | C4: 0.0232 | D4: 0.0232 | E4: 97.723053 | G4: // All coupon periods are exactly 1/4 of a year. We ignore intricansies of the Gregorian calendar.
A5: 2Y Swap | B5: 2 | C5: 0.0229 | D5: 0.0229 | E5: 193.287 | G5: // Underlying model is a cubic spline of expected Euribor fixings
A6: 3Y Swap | B6: 3 | C6: 0.0236 | D6: 0.0236 | E6: 286.51548 | G6: // A 1-year swap includes fixings at times 0, 0.25, 0.5 and 0.75, so it will be adding x=0.75 as a spline node
A7: 4Y Swap | B7: 4 | C7: 0.0242 | D7: 0.0242 | E7: 329.0742 | G7: // Each segment of the spine is given by a*x^3 + b*x^2 + c*c + d
A8: 5Y Swap | B8: 5 | C8: 0.0248 | D8: 0.0248 | E8: 465.81144 | G8: // A cubic spline tries to match values on the end of the segment, as well as two derivatives
A9: 7Y Swap | B9: 7 | C9: 0.0257 | D9: 0.0257 | E9: 635.46978 | G9: // Target value for a derivative at interior points is an average of secants
A10: 10Y Swap | B10: 10 | C10: 0.0269 | D10: 0.0269 | E10: 872.1977 | G10: // To help with monotonicity, we set derivatives to zero in case slopes on the left and on the right have opposite signs
A12: Continously compounded yield & pricing a swap
B13: Spline Coefficients | L13: Buyer's | M13: Buyer's
A14: Years | B14: a | C14: b | D14: c | E14: d | G14: Swap Start | H14: 2.5 | I14: (years) | K14: Instrument | L14: PV01 | M14: Hedge Notional
A15: =Bootstrap!A298 -> 0 | B15: =Bootstrap!H298 -> 0.021795525 | C15: =Bootstrap!I298 -> -0.024519965 | D15: =Bootstrap!J298 -> 0 | E15: =Bootstrap!K298 -> 0.0253 | G15: Swap End | H15: 5 | I15: (years) | K15: =A3 -> 3M Fixing | L15: -15.760438 | M15: =-L15/E3*1000000 -> 634420.68
A16: =Bootstrap!A299 -> 0.75 | B16: =Bootstrap!H299 -> -0.0037060713 | C16: =Bootstrap!I299 -> 0.015057783 | D16: =Bootstrap!J299 -> -0.016332679 | E16: =Bootstrap!K299 -> 0.026045512 | G16: Fixed Freq | H16: 2 | I16: (1=annually, 2=semi, 4=quarterly) | K16: =A4 -> 1Y Swap | L16: 64.439762 | M16: =-L16/E4*1000000 -> -659412.08
A17: =Bootstrap!A300 -> 1.75 | B17: =Bootstrap!H300 -> 0.00027360595 | C17: =Bootstrap!I300 -> -0.0024030576 | D17: =Bootstrap!J300 -> 0.0082169775 | E17: =Bootstrap!K300 -> 0.015228854 | G17: Notional | H17: 1000000 | K17: =A5 -> 2Y Swap | L17: -195.77212 | M17: =-L17/E5*1000000 -> 1012857.2
A18: =Bootstrap!A301 -> 2.75 | B18: =Bootstrap!H301 -> 0.00076954098 | C18: =Bootstrap!I301 -> -0.0075376686 | D18: =Bootstrap!J301 -> 0.025205812 | E18: =Bootstrap!K301 -> -0.0029738436 | G18: Swap Rate | H18: 0.026277855 | K18: =A6 -> 3Y Swap | L18: -112.87181 | M18: =-L18/E6*1000000 -> 393946.63
A19: =Bootstrap!A302 -> 3.75 | B19: =Bootstrap!H302 -> -0.00099382573 | C19: =Bootstrap!I302 -> 0.012524492 | D19: =Bootstrap!J302 -> -0.050868357 | E19: =Bootstrap!K302 -> 0.093170202 | K19: =A7 -> 4Y Swap | L19: -39.632179 | M19: =-L19/E7*1000000 -> 120435.39
A20: =Bootstrap!A303 -> 4.75 | B20: =Bootstrap!H303 -> 0.00027148645 | C20: =Bootstrap!I303 -> -0.0047335044 | D20: =Bootstrap!J303 -> 0.027436787 | E20: =Bootstrap!K303 -> -0.025001577 | G20: Buyer PV | H20: =SUM(I26:I66)-SUM(J26:J66) -> 0 | K20: =A8 -> 5Y Swap | L20: 462.84905 | M20: =-L20/E8*1000000 -> -993640.37
A21: =Bootstrap!A304 -> 6.75 | B21: =Bootstrap!H304 -> -0.00010944565 | C21: =Bootstrap!I304 -> 0.002692027 | D21: =Bootstrap!J304 -> -0.020739229 | E21: =Bootstrap!K304 -> 0.07901524 | G21: Seller PV | H21: =-H20 -> 0 | K21: =A9 -> 7Y Swap | L21: -0.024887871 | M21: =-L21/E9*1000000 -> 39.164523
A22: =Bootstrap!A305 -> 9.75 | B22: =Bootstrap!H305 -> 6.6637222e-08 | C22: =Bootstrap!I305 -> -1.3977157e-05 | D22: =Bootstrap!J305 -> 0.0007963148 | E22: =Bootstrap!K305 -> 0.02478071 | G22: Fair Swap | H22: =H18 * SUM(I27:I66)/SUM(J27:J66) -> 0.026277855 | K22: =A10 -> 10Y Swap | L22: -0.00099093842 | M22: =-L22/E10*1000000 -> 1.1361397
L23: =SUM(L15:L22) -> 163.22639 | M23: =SUM(M15:M22) -> 508647.71
A25: Years | B25: Left X | C25: a | D25: b | E25: c | F25: d | G25: Euribor | H25: Disc Fact | I25: Float PV | J25: Fixed PV
A26: 0 | B26: {=INDEX(A15:A23, MATCH(A26:A66, A15:A23, 1))} -> 0 | C26: {=VLOOKUP(B26:B66, A15:E22, COLUMN(B15)-COLUMN(A15)+1, FALSE)} -> 0.021795525 | D26: {=VLOOKUP(B26:B66, A15:E22, COLUMN(C15)-COLUMN(A15)+1, FALSE)} -> -0.024519965 | E26: {=VLOOKUP(B26:B66, A15:E22, COLUMN(D15)-COLUMN(A15)+1, FALSE)} -> 0 | F26: {=VLOOKUP(B26:B66, A15:E22, COLUMN(E15)-COLUMN(A15)+1, FALSE)} -> 0.0253 | G26: =C26*A26^3 + D26*A26^2 + E26*A26 + F26 -> 0.0253 | H26: 1
A27: 0.25 | B27: 0 | C27: 0.021795525 | D27: -0.024519965 | E27: 0 | F27: 0.0253 | G27: =C27*A27^3 + D27*A27^2 + E27*A27 + F27 -> 0.024108057 | H27: =H26 / (1 + G26*(A27-A26)) -> 0.99371475 | I27: {=(A27:A66 <= H15) * (A27:A66 > H14) * G26:G65 * H27:H66 * (A27:A66-A26:A65) * H17} -> 0 | J27: {=(A27:A66 <= H15) * (A27:A66 > H14) * (ROUND((H14+A27:A66)*H16, 0)=(H14+A27:A66)*H16) * H27:H66 * H17 * H18 / H16} -> 0
A28: 0.5 | B28: 0 | C28: 0.021795525 | D28: -0.024519965 | E28: 0 | F28: 0.0253 | G28: =C28*A28^3 + D28*A28^2 + E28*A28 + F28 -> 0.021894449 | H28: =H27 / (1 + G27*(A28-A27)) -> 0.9877615 | I28: 0 | J28: 0
A29: 0.75 | B29: 0.75 | C29: -0.0037060713 | D29: 0.015057783 | E29: -0.016332679 | F29: 0.026045512 | G29: =C29*A29^3 + D29*A29^2 + E29*A29 + F29 -> 0.020702506 | H29: =H28 / (1 + G28*(A29-A28)) -> 0.98238431 | I29: 0 | J29: 0
A30: 1 | B30: 0.75 | C30: -0.0037060713 | D30: 0.015057783 | E30: -0.016332679 | F30: 0.026045512 | G30: =C30*A30^3 + D30*A30^2 + E30*A30 + F30 -> 0.021064544 | H30: =H29 / (1 + G29*(A30-A29)) -> 0.97732604 | I30: 0 | J30: 0
A31: 1.25 | B31: 0.75 | C31: -0.0037060713 | D31: 0.015057783 | E31: -0.016332679 | F31: 0.026045512 | G31: =C31*A31^3 + D31*A31^2 + E31*A31 + F31 -> 0.021919028 | H31: =H30 / (1 + G30*(A31-A30)) -> 0.97220627 | I31: 0 | J31: 0
A32: 1.5 | B32: 0.75 | C32: -0.0037060713 | D32: 0.015057783 | E32: -0.016332679 | F32: 0.026045512 | G32: =C32*A32^3 + D32*A32^2 + E32*A32 + F32 -> 0.022918514 | H32: =H31 / (1 + G31*(A32-A31)) -> 0.96690785 | I32: 0 | J32: 0
A33: 1.75 | B33: 1.75 | C33: 0.00027360595 | D33: -0.0024030576 | E33: 0.0082169775 | F33: 0.015228854 | G33: =C33*A33^3 + D33*A33^2 + E33*A33 + F33 -> 0.023715557 | H33: =H32 / (1 + G32*(A33-A32)) -> 0.96139938 | I33: 0 | J33: 0
A34: 2 | B34: 1.75 | C34: 0.00027360595 | D34: -0.0024030576 | E34: 0.0082169775 | F34: 0.015228854 | G34: =C34*A34^3 + D34*A34^2 + E34*A34 + F34 -> 0.024239426 | H34: =H33 / (1 + G33*(A34-A33)) -> 0.95573295 | I34: 0 | J34: 0
A35: 2.25 | B35: 1.75 | C35: 0.00027360595 | D35: -0.0024030576 | E35: 0.0082169775 | F35: 0.015228854 | G35: =C35*A35^3 + D35*A35^2 + E35*A35 + F35 -> 0.024668117 | H35: =H34 / (1 + G34*(A35-A34)) -> 0.94997623 | I35: 0 | J35: 0
A36: 2.5 | B36: 1.75 | C36: 0.00027360595 | D36: -0.0024030576 | E36: 0.0082169775 | F36: 0.015228854 | G36: =C36*A36^3 + D36*A36^2 + E36*A36 + F36 -> 0.02502728 | H36: =H35 / (1 + G35*(A36-A35)) -> 0.94415361 | I36: 0 | J36: 0
A37: 2.75 | B37: 2.75 | C37: 0.00076954098 | D37: -0.0075376686 | E37: 0.025205812 | F37: -0.0029738436 | G37: =C37*A37^3 + D37*A37^2 + E37*A37 + F37 -> 0.025342567 | H37: =H36 / (1 + G36*(A37-A36)) -> 0.93828294 | I37: 5870.6675 | J37: 0
A38: 3 | B38: 2.75 | C38: 0.00076954098 | D38: -0.0075376686 | E38: 0.025205812 | F38: -0.0029738436 | G38: =C38*A38^3 + D38*A38^2 + E38*A38 + F38 -> 0.025582181 | H38: =H37 / (1 + G37*(A38-A37)) -> 0.93237574 | I38: 5907.1988 | J38: 12250.417
A39: 3.25 | B39: 2.75 | C39: 0.00076954098 | D39: -0.0075376686 | E39: 0.025205812 | F39: -0.0029738436 | G39: =C39*A39^3 + D39*A39^2 + E39*A39 + F39 -> 0.025745319 | H39: =H38 / (1 + G38*(A39-A38)) -> 0.92645058 | I39: 5925.1565 | J39: 0
... A65: 9.75 | B65: 9.75 | C65: 6.6637222e-08 | D65: -1.3977157e-05 | E65: 0.0007963148 | F65: 0.02478071 | G65: =C65*A65^3 + D65*A65^2 + E65*A65 + F65 -> 0.03127784 | H65: =H64 / (1 + G64*(A65-A64)) -> 0.77132731 | I65: 0 | J65: 0
A66: 10 | B66: 9.75 | C66: 6.6637222e-08 | D66: -1.3977157e-05 | E66: 0.0007963148 | F66: 0.02478071 | H66: =H65 / (1 + G65*(A66-A65)) -> 0.76534275 | I66: 0 | J66: 0

Sheet Bootstrap
A1: Instrument | B1: Quote | C1: Maturity in Years | E1: // Bump ("shock") for the numerical estimation | J1: =Pricing!G2 -> // Assumptions:
A2: =Pricing!A3 -> 3M Fixing | B2: =Pricing!C3 -> 0.0253 | C2: =Pricing!B3 -> 0.25 | E2: // of the dertivative in the Newton method | J2: // All swaps are quarterly 3M-Euribor (floating leg) versus annual coupon (fixed leg). This is market convention for Euribor swaps.
A3: =Pricing!A4 -> 1Y Swap | B3: =Pricing!C4 -> 0.0232 | C3: =Pricing!B4 -> 1 | E3: Bump | F3: 0.0001 | J3: // All coupon periods are exactly 1/4 of a year. We ignore intricansies of the Gregorian calendar.
A4: =Pricing!A5 -> 2Y Swap | B4: =Pricing!C5 -> 0.0229 | C4: =Pricing!B5 -> 2 | J4: // Underlying model is a cubic spline of expected Euribor fixings
A5: =Pricing!A6 -> 3Y Swap | B5: =Pricing!C6 -> 0.0236 | C5: =Pricing!B6 -> 3 | E5: Monotonic | F5: TRUE | J5: // A 1-year swap includes fixings at times 0, 0.25, 0.5 and 0.75, so it will be adding x=0.75 as a spline node
A6: =Pricing!A7 -> 4Y Swap | B6: =Pricing!C7 -> 0.0242 | C6: =Pricing!B7 -> 4 | E6: Fixed Freq | F6: 1 | J6: // Each segment of the spine is given by a*x^3 + b*x^2 + c*c + d
A7: =Pricing!A8 -> 5Y Swap | B7: =Pricing!C8 -> 0.0248 | C7: =Pricing!B8 -> 5 | J7: // A cubic spline tries to match values on the end of the segment, as well as two derivatives
A8: =Pricing!A9 -> 7Y Swap | B8: =Pricing!C9 -> 0.0257 | C8: =Pricing!B9 -> 7 | J8: // Target value for a derivative at interior points is an average of secants
A9: =Pricing!A10 -> 10Y Swap | B9: =Pricing!C10 -> 0.0269 | C9: =Pricing!B10 -> 10 | J9: // To help with monotonicity, we set derivatives to zero in case slopes on the left and on the right have opposite signs
A11: 1. Initial guess | M11: 1a. Bump parameter #1 | Z11: 1b. Bump parameter #2 | AM11: 1c. Bump parameter #3 | AZ11: 1d. Bump parameter #4 | BM11: 1e. Bump parameter #5 | BZ11: 1f. Bump parameter #6 | CM11: 1g. Bump parameter #7 | CZ11: 1h. Bump parameter #8
A12: Left Boundary | C12: Right Boundary | E12: Slope | F12: Derivatives | H12: Spline Coefficients | M12: Bump | N12: Left Boundary | P12: Right Boundary | R12: Slope | S12: Derivatives | U12: Spline Coefficients | Z12: Bump | AA12: Left Boundary | AC12: Right Boundary | AE12: Slope | AF12: Derivatives | AH12: Spline Coefficients | AM12: Bump | AN12: Left Boundary | AP12: Right Boundary | AR12: Slope | AS12: Derivatives | AU12: Spline Coefficients | AZ12: Bump | BA12: Left Boundary | BC12: Right Boundary | BE12: Slope | BF12: Derivatives | BH12: Spline Coefficients | BM12: Bump | BN12: Left Boundary | BP12: Right Boundary | BR12: Slope | BS12: Derivatives | BU12: Spline Coefficients | BZ12: Bump | CA12: Left Boundary | CC12: Right Boundary | CE12: Slope | CF12: Derivatives | CH12: Spline Coefficients | CM12: Bump | CN12: Left Boundary | CP12: Right Boundary | CR12: Slope | CS12: Derivatives | CU12: Spline Coefficients | CZ12: Bump | DA12: Left Boundary | DC12: Right Boundary | DE12: Slope | DF12: Derivatives | DH12: Spline Coefficients
A13: Years | B13: Euribor | C13: Years | D13: Euribor | F13: Left | G13: Right | H13: a | I13: b | J13: c | K13: d | M13: =$F$3 -> 0.0001 | N13: Years | O13: Euribor | P13: Years | Q13: Euribor | S13: Left | T13: Right | U13: a | V13: b | W13: c | X13: d | Z13: =$F$3 -> 0.0001 | AA13: Years | AB13: Euribor | AC13: Years | AD13: Euribor | AF13: Left | AG13: Right | AH13: a | AI13: b | AJ13: c | AK13: d | AM13: =$F$3 -> 0.0001 | AN13: Years | AO13: Euribor | AP13: Years | AQ13: Euribor | AS13: Left | AT13: Right | AU13: a | AV13: b | AW13: c | AX13: d | AZ13: =$F$3 -> 0.0001 | BA13: Years | BB13: Euribor | BC13: Years | BD13: Euribor | BF13: Left | BG13: Right | BH13: a | BI13: b | BJ13: c | BK13: d | BM13: =$F$3 -> 0.0001 | BN13: Years | BO13: Euribor | BP13: Years | BQ13: Euribor | BS13: Left | BT13: Right | BU13: a | BV13: b | BW13: c | BX13: d | BZ13: =$F$3 -> 0.0001 | CA13: Years | CB13: Euribor | CC13: Years | CD13: Euribor | CF13: Left | CG13: Right | CH13: a | CI13: b | CJ13: c | CK13: d | CM13: =$F$3 -> 0.0001 | CN13: Years | CO13: Euribor | CP13: Years | CQ13: Euribor | CS13: Left | CT13: Right | CU13: a | CV13: b | CW13: c | CX13: d | CZ13: =$F$3 -> 0.0001 | DA13: Years | DB13: Euribor | DC13: Years | DD13: Euribor | DF13: Left | DG13: Right | DH13: a | DI13: b | DJ13: c | DK13: d
A14: =C2-0.25 -> 0 | B14: =B2 -> 0.0253 | C14: =A15 -> 0.75 | D14: =B15 -> 0.0211 | E14: =(D14-B14)/(C14-A14) -> -0.0056 | F14: 0 | G14: =IF($F$5, (E14*E15>=0) * AVERAGE(E14:E15), AVERAGE(E14:E15)) -> 0 | H14: =(F14+G14-2*(D14-B14)/(C14-A14))/(C14-A14)^2 -> 0.019911111 | I14: =((D14-B14)/(C14-A14) - F14 - H14*(C14^2 + A14*C14 - 2*A14^2))/(C14-A14) -> -0.0224 | J14: =F14-2*I14*A14 - 3*H14*A14^2 -> 0 | K14: =B14 -H14*A14^3 - I14*A14^2 - J14*A14 -> 0.0253 | N14: =$A14 -> 0 | O14: =$B14+M13 -> 0.0254 | P14: =N15 -> 0.75 | Q14: =O15 -> 0.0211 | R14: =(Q14-O14)/(P14-N14) -> -0.0057333333 | S14: 0 | T14: =IF($F$5, (R14*R15>=0) * AVERAGE(R14:R15), AVERAGE(R14:R15)) -> 0 | U14: =(S14+T14-2*(Q14-O14)/(P14-N14))/(P14-N14)^2 -> 0.020385185 | V14: =((Q14-O14)/(P14-N14) - S14 - U14*(P14^2 + N14*P14 - 2*N14^2))/(P14-N14) -> -0.022933333 | W14: =S14-2*V14*N14 - 3*U14*N14^2 -> 0 | X14: =O14 -U14*N14^3 - V14*N14^2 - W14*N14 -> 0.0254 | AA14: =$A14 -> 0 | AB14: =$B14 -> 0.0253 | AC14: =AA15 -> 0.75 | AD14: =AB15 -> 0.0212 | AE14: =(AD14-AB14)/(AC14-AA14) -> -0.0054666667 | AF14: 0 | AG14: =IF($F$5, (AE14*AE15>=0) * AVERAGE(AE14:AE15), AVERAGE(AE14:AE15)) -> 0 | AH14: =(AF14+AG14-2*(AD14-AB14)/(AC14-AA14))/(AC14-AA14)^2 -> 0.019437037 | AI14: =((AD14-AB14)/(AC14-AA14) - AF14 - AH14*(AC14^2 + AA14*AC14 - 2*AA14^2))/(AC14-AA14) -> -0.021866667 | AJ14: =AF14-2*AI14*AA14 - 3*AH14*AA14^2 -> 0 | AK14: =AB14 -AH14*AA14^3 - AI14*AA14^2 - AJ14*AA14 -> 0.0253 | AN14: =$A14 -> 0 | AO14: =$B14 -> 0.0253 | AP14: =AN15 -> 0.75 | AQ14: =AO15 -> 0.0211 | AR14: =(AQ14-AO14)/(AP14-AN14) -> -0.0056 | AS14: 0 | AT14: =IF($F$5, (AR14*AR15>=0) * AVERAGE(AR14:AR15), AVERAGE(AR14:AR15)) -> 0 | AU14: =(AS14+AT14-2*(AQ14-AO14)/(AP14-AN14))/(AP14-AN14)^2 -> 0.019911111 | AV14: =((AQ14-AO14)/(AP14-AN14) - AS14 - AU14*(AP14^2 + AN14*AP14 - 2*AN14^2))/(AP14-AN14) -> -0.0224 | AW14: =AS14-2*AV14*AN14 - 3*AU14*AN14^2 -> 0 | AX14: =AO14 -AU14*AN14^3 - AV14*AN14^2 - AW14*AN14 -> 0.0253 | BA14: =$A14 -> 0 | BB14: =$B14 -> 0.0253 | BC14: =BA15 -> 0.75 | BD14: =BB15 -> 0.0211 | BE14: =(BD14-BB14)/(BC14-BA14) -> -0.0056 | BF14: 0 | BG14: =IF($F$5, (BE14*BE15>=0) * AVERAGE(BE14:BE15), AVERAGE(BE14:BE15)) -> 0 | BH14: =(BF14+BG14-2*(BD14-BB14)/(BC14-BA14))/(BC14-BA14)^2 -> 0.019911111 | BI14: =((BD14-BB14)/(BC14-BA14) - BF14 - BH14*(BC14^2 + BA14*BC14 - 2*BA14^2))/(BC14-BA14) -> -0.0224 | BJ14: =BF14-2*BI14*BA14 - 3*BH14*BA14^2 -> 0 | BK14: =BB14 -BH14*BA14^3 - BI14*BA14^2 - BJ14*BA14 -> 0.0253 | BN14: =$A14 -> 0 | BO14: =$B14 -> 0.0253 | BP14: =BN15 -> 0.75 | BQ14: =BO15 -> 0.0211 | BR14: =(BQ14-BO14)/(BP14-BN14) -> -0.0056 | BS14: 0 | BT14: =IF($F$5, (BR14*BR15>=0) * AVERAGE(BR14:BR15), AVERAGE(BR14:BR15)) -> 0 | BU14: =(BS14+BT14-2*(BQ14-BO14)/(BP14-BN14))/(BP14-BN14)^2 -> 0.019911111 | BV14: =((BQ14-BO14)/(BP14-BN14) - BS14 - BU14*(BP14^2 + BN14*BP14 - 2*BN14^2))/(BP14-BN14) -> -0.0224 | BW14: =BS14-2*BV14*BN14 - 3*BU14*BN14^2 -> 0 | BX14: =BO14 -BU14*BN14^3 - BV14*BN14^2 - BW14*BN14 -> 0.0253 | CA14: =$A14 -> 0 | CB14: =$B14 -> 0.0253 | CC14: =CA15 -> 0.75 | CD14: =CB15 -> 0.0211 | CE14: =(CD14-CB14)/(CC14-CA14) -> -0.0056 | CF14: 0 | CG14: =IF($F$5, (CE14*CE15>=0) * AVERAGE(CE14:CE15), AVERAGE(CE14:CE15)) -> 0 | CH14: =(CF14+CG14-2*(CD14-CB14)/(CC14-CA14))/(CC14-CA14)^2 -> 0.019911111 | CI14: =((CD14-CB14)/(CC14-CA14) - CF14 - CH14*(CC14^2 + CA14*CC14 - 2*CA14^2))/(CC14-CA14) -> -0.0224 | CJ14: =CF14-2*CI14*CA14 - 3*CH14*CA14^2 -> 0 | CK14: =CB14 -CH14*CA14^3 - CI14*CA14^2 - CJ14*CA14 -> 0.0253 | CN14: =$A14 -> 0 | CO14: =$B14 -> 0.0253 | CP14: =CN15 -> 0.75 | CQ14: =CO15 -> 0.0211 | CR14: =(CQ14-CO14)/(CP14-CN14) -> -0.0056 | CS14: 0 | CT14: =IF($F$5, (CR14*CR15>=0) * AVERAGE(CR14:CR15), AVERAGE(CR14:CR15)) -> 0 | CU14: =(CS14+CT14-2*(CQ14-CO14)/(CP14-CN14))/(CP14-CN14)^2 -> 0.019911111 | CV14: =((CQ14-CO14)/(CP14-CN14) - CS14 - CU14*(CP14^2 + CN14*CP14 - 2*CN14^2))/(CP14-CN14) -> -0.0224 | CW14: =CS14-2*CV14*CN14 - 3*CU14*CN14^2 -> 0 | CX14: =CO14 -CU14*CN14^3 - CV14*CN14^2 - CW14*CN14 -> 0.0253 | DA14: =$A14 -> 0 | DB14: =$B14 -> 0.0253 | DC14: =DA15 -> 0.75 | DD14: =DB15 -> 0.0211 | DE14: =(DD14-DB14)/(DC14-DA14) -> -0.0056 | DF14: 0 | DG14: =IF($F$5, (DE14*DE15>=0) * AVERAGE(DE14:DE15), AVERAGE(DE14:DE15)) -> 0 | DH14: =(DF14+DG14-2*(DD14-DB14)/(DC14-DA14))/(DC14-DA14)^2 -> 0.019911111 | DI14: =((DD14-DB14)/(DC14-DA14) - DF14 - DH14*(DC14^2 + DA14*DC14 - 2*DA14^2))/(DC14-DA14) -> -0.0224 | DJ14: =DF14-2*DI14*DA14 - 3*DH14*DA14^2 -> 0 | DK14: =DB14 -DH14*DA14^3 - DI14*DA14^2 - DJ14*DA14 -> 0.0253
A15: =C3-0.25 -> 0.75 | B15: =B14 + 2*(A15-A14)/0.25 / ((A15-A14)/0.25+1) * ((B3*C3 - B2*C2)/(C3-C2) - B14) -> 0.0211 | C15: =A16 -> 1.75 | D15: =B16 -> 0.0235 | E15: =(D15-B15)/(C15-A15) -> 0.0024 | F15: =G14 -> 0 | G15: =IF($F$5, (E15*E16>=0) * AVERAGE(E15:E16), AVERAGE(E15:E16)) -> 0.0024 | H15: =(F15+G15-2*(D15-B15)/(C15-A15))/(C15-A15)^2 -> -0.0024 | I15: =((D15-B15)/(C15-A15) - F15 - H15*(C15^2 + A15*C15 - 2*A15^2))/(C15-A15) -> 0.0102 | J15: =F15-2*I15*A15 - 3*H15*A15^2 -> -0.01125 | K15: =B15 -H15*A15^3 - I15*A15^2 - J15*A15 -> 0.0248125 | N15: =$A15 -> 0.75 | O15: =$B15 -> 0.0211 | P15: =N16 -> 1.75 | Q15: =O16 -> 0.0235 | R15: =(Q15-O15)/(P15-N15) -> 0.0024 | S15: =T14 -> 0 | T15: =IF($F$5, (R15*R16>=0) * AVERAGE(R15:R16), AVERAGE(R15:R16)) -> 0.0024 | U15: =(S15+T15-2*(Q15-O15)/(P15-N15))/(P15-N15)^2 -> -0.0024 | V15: =((Q15-O15)/(P15-N15) - S15 - U15*(P15^2 + N15*P15 - 2*N15^2))/(P15-N15) -> 0.0102 | W15: =S15-2*V15*N15 - 3*U15*N15^2 -> -0.01125 | X15: =O15 -U15*N15^3 - V15*N15^2 - W15*N15 -> 0.0248125 | AA15: =$A15 -> 0.75 | AB15: =$B15+Z13 -> 0.0212 | AC15: =AA16 -> 1.75 | AD15: =AB16 -> 0.0235 | AE15: =(AD15-AB15)/(AC15-AA15) -> 0.0023 | AF15: =AG14 -> 0 | AG15: =IF($F$5, (AE15*AE16>=0) * AVERAGE(AE15:AE16), AVERAGE(AE15:AE16)) -> 0.00235 | AH15: =(AF15+AG15-2*(AD15-AB15)/(AC15-AA15))/(AC15-AA15)^2 -> -0.00225 | AI15: =((AD15-AB15)/(AC15-AA15) - AF15 - AH15*(AC15^2 + AA15*AC15 - 2*AA15^2))/(AC15-AA15) -> 0.0096125 | AJ15: =AF15-2*AI15*AA15 - 3*AH15*AA15^2 -> -0.010621875 | AK15: =AB15 -AH15*AA15^3 - AI15*AA15^2 - AJ15*AA15 -> 0.024708594 | AN15: =$A15 -> 0.75 | AO15: =$B15 -> 0.0211 | AP15: =AN16 -> 1.75 | AQ15: =AO16 -> 0.0236 | AR15: =(AQ15-AO15)/(AP15-AN15) -> 0.0025 | AS15: =AT14 -> 0 | AT15: =IF($F$5, (AR15*AR16>=0) * AVERAGE(AR15:AR16), AVERAGE(AR15:AR16)) -> 0.0024 | AU15: =(AS15+AT15-2*(AQ15-AO15)/(AP15-AN15))/(AP15-AN15)^2 -> -0.0026 | AV15: =((AQ15-AO15)/(AP15-AN15) - AS15 - AU15*(AP15^2 + AN15*AP15 - 2*AN15^2))/(AP15-AN15) -> 0.01095 | AW15: =AS15-2*AV15*AN15 - 3*AU15*AN15^2 -> -0.0120375 | AX15: =AO15 -AU15*AN15^3 - AV15*AN15^2 - AW15*AN15 -> 0.025065625 | BA15: =$A15 -> 0.75 | BB15: =$B15 -> 0.0211 | BC15: =BA16 -> 1.75 | BD15: =BB16 -> 0.0235 | BE15: =(BD15-BB15)/(BC15-BA15) -> 0.0024 | BF15: =BG14 -> 0 | BG15: =IF($F$5, (BE15*BE16>=0) * AVERAGE(BE15:BE16), AVERAGE(BE15:BE16)) -> 0.00245 | BH15: =(BF15+BG15-2*(BD15-BB15)/(BC15-BA15))/(BC15-BA15)^2 -> -0.00235 | BI15: =((BD15-BB15)/(BC15-BA15) - BF15 - BH15*(BC15^2 + BA15*BC15 - 2*BA15^2))/(BC15-BA15) -> 0.0100375 | BJ15: =BF15-2*BI15*BA15 - 3*BH15*BA15^2 -> -0.011090625 | BK15: =BB15 -BH15*BA15^3 - BI15*BA15^2 - BJ15*BA15 -> 0.024763281 | BN15: =$A15 -> 0.75 | BO15: =$B15 -> 0.0211 | BP15: =BN16 -> 1.75 | BQ15: =BO16 -> 0.0235 | BR15: =(BQ15-BO15)/(BP15-BN15) -> 0.0024 | BS15: =BT14 -> 0 | BT15: =IF($F$5, (BR15*BR16>=0) * AVERAGE(BR15:BR16), AVERAGE(BR15:BR16)) -> 0.0024 | BU15: =(BS15+BT15-2*(BQ15-BO15)/(BP15-BN15))/(BP15-BN15)^2 -> -0.0024 | BV15: =((BQ15-BO15)/(BP15-BN15) - BS15 - BU15*(BP15^2 + BN15*BP15 - 2*BN15^2))/(BP15-BN15) -> 0.0102 | BW15: =BS15-2*BV15*BN15 - 3*BU15*BN15^2 -> -0.01125 | BX15: =BO15 -BU15*BN15^3 - BV15*BN15^2 - BW15*BN15 -> 0.0248125 | CA15: =$A15 -> 0.75 | CB15: =$B15 -> 0.0211 | CC15: =CA16 -> 1.75 | CD15: =CB16 -> 0.0235 | CE15: =(CD15-CB15)/(CC15-CA15) -> 0.0024 | CF15: =CG14 -> 0 | CG15: =IF($F$5, (CE15*CE16>=0) * AVERAGE(CE15:CE16), AVERAGE(CE15:CE16)) -> 0.0024 | CH15: =(CF15+CG15-2*(CD15-CB15)/(CC15-CA15))/(CC15-CA15)^2 -> -0.0024 | CI15: =((CD15-CB15)/(CC15-CA15) - CF15 - CH15*(CC15^2 + CA15*CC15 - 2*CA15^2))/(CC15-CA15) -> 0.0102 | CJ15: =CF15-2*CI15*CA15 - 3*CH15*CA15^2 -> -0.01125 | CK15: =CB15 -CH15*CA15^3 - CI15*CA15^2 - CJ15*CA15 -> 0.0248125 | CN15: =$A15 -> 0.75 | CO15: =$B15 -> 0.0211 | CP15: =CN16 -> 1.75 | CQ15: =CO16 -> 0.0235 | CR15: =(CQ15-CO15)/(CP15-CN15) -> 0.0024 | CS15: =CT14 -> 0 | CT15: =IF($F$5, (CR15*CR16>=0) * AVERAGE(CR15:CR16), AVERAGE(CR15:CR16)) -> 0.0024 | CU15: =(CS15+CT15-2*(CQ15-CO15)/(CP15-CN15))/(CP15-CN15)^2 -> -0.0024 | CV15: =((CQ15-CO15)/(CP15-CN15) - CS15 - CU15*(CP15^2 + CN15*CP15 - 2*CN15^2))/(CP15-CN15) -> 0.0102 | CW15: =CS15-2*CV15*CN15 - 3*CU15*CN15^2 -> -0.01125 | CX15: =CO15 -CU15*CN15^3 - CV15*CN15^2 - CW15*CN15 -> 0.0248125 | DA15: =$A15 -> 0.75 | DB15: =$B15 -> 0.0211 | DC15: =DA16 -> 1.75 | DD15: =DB16 -> 0.0235 | DE15: =(DD15-DB15)/(DC15-DA15) -> 0.0024 | DF15: =DG14 -> 0 | DG15: =IF($F$5, (DE15*DE16>=0) * AVERAGE(DE15:DE16), AVERAGE(DE15:DE16)) -> 0.0024 | DH15: =(DF15+DG15-2*(DD15-DB15)/(DC15-DA15))/(DC15-DA15)^2 -> -0.0024 | DI15: =((DD15-DB15)/(DC15-DA15) - DF15 - DH15*(DC15^2 + DA15*DC15 - 2*DA15^2))/(DC15-DA15) -> 0.0102 | DJ15: =DF15-2*DI15*DA15 - 3*DH15*DA15^2 -> -0.01125 | DK15: =DB15 -DH15*DA15^3 - DI15*DA15^2 - DJ15*DA15 -> 0.0248125
A16: =C4-0.25 -> 1.75 | B16: =B15 + 2*(A16-A15)/0.25 / ((A16-A15)/0.25+1) * ((B4*C4 - B3*C3)/(C4-C3) - B15) -> 0.0235 | C16: =A17 -> 2.75 | D16: =B17 -> 0.0259 | E16: =(D16-B16)/(C16-A16) -> 0.0024 | F16: =G15 -> 0.0024 | G16: =IF($F$5, (E16*E17>=0) * AVERAGE(E16:E17), AVERAGE(E16:E17)) -> 0.00128 | H16: =(F16+G16-2*(D16-B16)/(C16-A16))/(C16-A16)^2 -> -0.00112 | I16: =((D16-B16)/(C16-A16) - F16 - H16*(C16^2 + A16*C16 - 2*A16^2))/(C16-A16) -> 0.007 | J16: =F16-2*I16*A16 - 3*H16*A16^2 -> -0.01181 | K16: =B16 -H16*A16^3 - I16*A16^2 - J16*A16 -> 0.0287325 | N16: =$A16 -> 1.75 | O16: =$B16 -> 0.0235 | P16: =N17 -> 2.75 | Q16: =O17 -> 0.0259 | R16: =(Q16-O16)/(P16-N16) -> 0.0024 | S16: =T15 -> 0.0024 | T16: =IF($F$5, (R16*R17>=0) * AVERAGE(R16:R17), AVERAGE(R16:R17)) -> 0.00128 | U16: =(S16+T16-2*(Q16-O16)/(P16-N16))/(P16-N16)^2 -> -0.00112 | V16: =((Q16-O16)/(P16-N16) - S16 - U16*(P16^2 + N16*P16 - 2*N16^2))/(P16-N16) -> 0.007 | W16: =S16-2*V16*N16 - 3*U16*N16^2 -> -0.01181 | X16: =O16 -U16*N16^3 - V16*N16^2 - W16*N16 -> 0.0287325 | AA16: =$A16 -> 1.75 | AB16: =$B16 -> 0.0235 | AC16: =AA17 -> 2.75 | AD16: =AB17 -> 0.0259 | AE16: =(AD16-AB16)/(AC16-AA16) -> 0.0024 | AF16: =AG15 -> 0.00235 | AG16: =IF($F$5, (AE16*AE17>=0) * AVERAGE(AE16:AE17), AVERAGE(AE16:AE17)) -> 0.00128 | AH16: =(AF16+AG16-2*(AD16-AB16)/(AC16-AA16))/(AC16-AA16)^2 -> -0.00117 | AI16: =((AD16-AB16)/(AC16-AA16) - AF16 - AH16*(AC16^2 + AA16*AC16 - 2*AA16^2))/(AC16-AA16) -> 0.0073625 | AJ16: =AF16-2*AI16*AA16 - 3*AH16*AA16^2 -> -0.012669375 | AK16: =AB16 -AH16*AA16^3 - AI16*AA16^2 - AJ16*AA16 -> 0.029394219 | AN16: =$A16 -> 1.75 | AO16: =$B16+AM13 -> 0.0236 | AP16: =AN17 -> 2.75 | AQ16: =AO17 -> 0.0259 | AR16: =(AQ16-AO16)/(AP16-AN16) -> 0.0023 | AS16: =AT15 -> 0.0024 | AT16: =IF($F$5, (AR16*AR17>=0) * AVERAGE(AR16:AR17), AVERAGE(AR16:AR17)) -> 0.00123 | AU16: =(AS16+AT16-2*(AQ16-AO16)/(AP16-AN16))/(AP16-AN16)^2 -> -0.00097 | AV16: =((AQ16-AO16)/(AP16-AN16) - AS16 - AU16*(AP16^2 + AN16*AP16 - 2*AN16^2))/(AP16-AN16) -> 0.0059625 | AW16: =AS16-2*AV16*AN16 - 3*AU16*AN16^2 -> -0.009556875 | AX16: =AO16 -AU16*AN16^3 - AV16*AN16^2 - AW16*AN16 -> 0.027262969 | BA16: =$A16 -> 1.75 | BB16: =$B16 -> 0.0235 | BC16: =BA17 -> 2.75 | BD16: =BB17 -> 0.026 | BE16: =(BD16-BB16)/(BC16-BA16) -> 0.0025 | BF16: =BG15 -> 0.00245 | BG16: =IF($F$5, (BE16*BE17>=0) * AVERAGE(BE16:BE17), AVERAGE(BE16:BE17)) -> 0.00128 | BH16: =(BF16+BG16-2*(BD16-BB16)/(BC16-BA16))/(BC16-BA16)^2 -> -0.00127 | BI16: =((BD16-BB16)/(BC16-BA16) - BF16 - BH16*(BC16^2 + BA16*BC16 - 2*BA16^2))/(BC16-BA16) -> 0.0079875 | BJ16: =BF16-2*BI16*BA16 - 3*BH16*BA16^2 -> -0.013838125 | BK16: =BB16 -BH16*BA16^3 - BI16*BA16^2 - BJ16*BA16 -> 0.030061406 | BN16: =$A16 -> 1.75 | BO16: =$B16 -> 0.0235 | BP16: =BN17 -> 2.75 | BQ16: =BO17 -> 0.0259 | BR16: =(BQ16-BO16)/(BP16-BN16) -> 0.0024 | BS16: =BT15 -> 0.0024 | BT16: =IF($F$5, (BR16*BR17>=0) * AVERAGE(BR16:BR17), AVERAGE(BR16:BR17)) -> 0.00133 | BU16: =(BS16+BT16-2*(BQ16-BO16)/(BP16-BN16))/(BP16-BN16)^2 -> -0.00107 | BV16: =((BQ16-BO16)/(BP16-BN16) - BS16 - BU16*(BP16^2 + BN16*BP16 - 2*BN16^2))/(BP16-BN16) -> 0.0066875 | BW16: =BS16-2*BV16*BN16 - 3*BU16*BN16^2 -> -0.011175625 | BX16: =BO16 -BU16*BN16^3 - BV16*BN16^2 - BW16*BN16 -> 0.028311406 | CA16: =$A16 -> 1.75 | CB16: =$B16 -> 0.0235 | CC16: =CA17 -> 2.75 | CD16: =CB17 -> 0.0259 | CE16: =(CD16-CB16)/(CC16-CA16) -> 0.0024 | CF16: =CG15 -> 0.0024 | CG16: =IF($F$5, (CE16*CE17>=0) * AVERAGE(CE16:CE17), AVERAGE(CE16:CE17)) -> 0.00128 | CH16: =(CF16+CG16-2*(CD16-CB16)/(CC16-CA16))/(CC16-CA16)^2 -> -0.00112 | CI16: =((CD16-CB16)/(CC16-CA16) - CF16 - CH16*(CC16^2 + CA16*CC16 - 2*CA16^2))/(CC16-CA16) -> 0.007 | CJ16: =CF16-2*CI16*CA16 - 3*CH16*CA16^2 -> -0.01181 | CK16: =CB16 -CH16*CA16^3 - CI16*CA16^2 - CJ16*CA16 -> 0.0287325 | CN16: =$A16 -> 1.75 | CO16: =$B16 -> 0.0235 | CP16: =CN17 -> 2.75 | CQ16: =CO17 -> 0.0259 | CR16: =(CQ16-CO16)/(CP16-CN16) -> 0.0024 | CS16: =CT15 -> 0.0024 | CT16: =IF($F$5, (CR16*CR17>=0) * AVERAGE(CR16:CR17), AVERAGE(CR16:CR17)) -> 0.00128 | CU16: =(CS16+CT16-2*(CQ16-CO16)/(CP16-CN16))/(CP16-CN16)^2 -> -0.00112 | CV16: =((CQ16-CO16)/(CP16-CN16) - CS16 - CU16*(CP16^2 + CN16*CP16 - 2*CN16^2))/(CP16-CN16) -> 0.007 | CW16: =CS16-2*CV16*CN16 - 3*CU16*CN16^2 -> -0.01181 | CX16: =CO16 -CU16*CN16^3 - CV16*CN16^2 - CW16*CN16 -> 0.0287325 | DA16: =$A16 -> 1.75 | DB16: =$B16 -> 0.0235 | DC16: =DA17 -> 2.75 | DD16: =DB17 -> 0.0259 | DE16: =(DD16-DB16)/(DC16-DA16) -> 0.0024 | DF16: =DG15 -> 0.0024 | DG16: =IF($F$5, (DE16*DE17>=0) * AVERAGE(DE16:DE17), AVERAGE(DE16:DE17)) -> 0.00128 | DH16: =(DF16+DG16-2*(DD16-DB16)/(DC16-DA16))/(DC16-DA16)^2 -> -0.00112 | DI16: =((DD16-DB16)/(DC16-DA16) - DF16 - DH16*(DC16^2 + DA16*DC16 - 2*DA16^2))/(DC16-DA16) -> 0.007 | DJ16: =DF16-2*DI16*DA16 - 3*DH16*DA16^2 -> -0.01181 | DK16: =DB16 -DH16*DA16^3 - DI16*DA16^2 - DJ16*DA16 -> 0.0287325
A17: =C5-0.25 -> 2.75 | B17: =B16 + 2*(A17-A16)/0.25 / ((A17-A16)/0.25+1) * ((B5*C5 - B4*C4)/(C5-C4) - B16) -> 0.0259 | C17: =A18 -> 3.75 | D17: =B18 -> 0.02606 | E17: =(D17-B17)/(C17-A17) -> 0.00016 | F17: =G16 -> 0.00128 | G17: =IF($F$5, (E17*E18>=0) * AVERAGE(E17:E18), AVERAGE(E17:E18)) -> 0.000992 | H17: =(F17+G17-2*(D17-B17)/(C17-A17))/(C17-A17)^2 -> 0.001952 | I17: =((D17-B17)/(C17-A17) - F17 - H17*(C17^2 + A17*C17 - 2*A17^2))/(C17-A17) -> -0.019176 | J17: =F17-2*I17*A17 - 3*H17*A17^2 -> 0.062462 | K17: =B17 -H17*A17^3 - I17*A17^2 - J17*A17 -> -0.0414475 | N17: =$A17 -> 2.75 | O17: =$B17 -> 0.0259 | P17: =N18 -> 3.75 | Q17: =O18 -> 0.02606 | R17: =(Q17-O17)/(P17-N17) -> 0.00016 | S17: =T16 -> 0.00128 | T17: =IF($F$5, (R17*R18>=0) * AVERAGE(R17:R18), AVERAGE(R17:R18)) -> 0.000992 | U17: =(S17+T17-2*(Q17-O17)/(P17-N17))/(P17-N17)^2 -> 0.001952 | V17: =((Q17-O17)/(P17-N17) - S17 - U17*(P17^2 + N17*P17 - 2*N17^2))/(P17-N17) -> -0.019176 | W17: =S17-2*V17*N17 - 3*U17*N17^2 -> 0.062462 | X17: =O17 -U17*N17^3 - V17*N17^2 - W17*N17 -> -0.0414475 | AA17: =$A17 -> 2.75 | AB17: =$B17 -> 0.0259 | AC17: =AA18 -> 3.75 | AD17: =AB18 -> 0.02606 | AE17: =(AD17-AB17)/(AC17-AA17) -> 0.00016 | AF17: =AG16 -> 0.00128 | AG17: =IF($F$5, (AE17*AE18>=0) * AVERAGE(AE17:AE18), AVERAGE(AE17:AE18)) -> 0.000992 | AH17: =(AF17+AG17-2*(AD17-AB17)/(AC17-AA17))/(AC17-AA17)^2 -> 0.001952 | AI17: =((AD17-AB17)/(AC17-AA17) - AF17 - AH17*(AC17^2 + AA17*AC17 - 2*AA17^2))/(AC17-AA17) -> -0.019176 | AJ17: =AF17-2*AI17*AA17 - 3*AH17*AA17^2 -> 0.062462 | AK17: =AB17 -AH17*AA17^3 - AI17*AA17^2 - AJ17*AA17 -> -0.0414475 | AN17: =$A17 -> 2.75 | AO17: =$B17 -> 0.0259 | AP17: =AN18 -> 3.75 | AQ17: =AO18 -> 0.02606 | AR17: =(AQ17-AO17)/(AP17-AN17) -> 0.00016 | AS17: =AT16 -> 0.00123 | AT17: =IF($F$5, (AR17*AR18>=0) * AVERAGE(AR17:AR18), AVERAGE(AR17:AR18)) -> 0.000992 | AU17: =(AS17+AT17-2*(AQ17-AO17)/(AP17-AN17))/(AP17-AN17)^2 -> 0.001902 | AV17: =((AQ17-AO17)/(AP17-AN17) - AS17 - AU17*(AP17^2 + AN17*AP17 - 2*AN17^2))/(AP17-AN17) -> -0.0186635 | AW17: =AS17-2*AV17*AN17 - 3*AU17*AN17^2 -> 0.060727625 | AX17: =AO17 -AU17*AN17^3 - AV17*AN17^2 - AW17*AN17 -> -0.039513906 | BA17: =$A17 -> 2.75 | BB17: =$B17+AZ13 -> 0.026 | BC17: =BA18 -> 3.75 | BD17: =BB18 -> 0.02606 | BE17: =(BD17-BB17)/(BC17-BA17) -> 6e-05 | BF17: =BG16 -> 0.00128 | BG17: =IF($F$5, (BE17*BE18>=0) * AVERAGE(BE17:BE18), AVERAGE(BE17:BE18)) -> 0.000942 | BH17: =(BF17+BG17-2*(BD17-BB17)/(BC17-BA17))/(BC17-BA17)^2 -> 0.002102 | BI17: =((BD17-BB17)/(BC17-BA17) - BF17 - BH17*(BC17^2 + BA17*BC17 - 2*BA17^2))/(BC17-BA17) -> -0.0206635 | BJ17: =BF17-2*BI17*BA17 - 3*BH17*BA17^2 -> 0.067240125 | BK17: =BB17 -BH17*BA17^3 - BI17*BA17^2 - BJ17*BA17 -> -0.046357656 | BN17: =$A17 -> 2.75 | BO17: =$B17 -> 0.0259 | BP17: =BN18 -> 3.75 | BQ17: =BO18 -> 0.02616 | BR17: =(BQ17-BO17)/(BP17-BN17) -> 0.00026 | BS17: =BT16 -> 0.00133 | BT17: =IF($F$5, (BR17*BR18>=0) * AVERAGE(BR17:BR18), AVERAGE(BR17:BR18)) -> 0.000992 | BU17: =(BS17+BT17-2*(BQ17-BO17)/(BP17-BN17))/(BP17-BN17)^2 -> 0.001802 | BV17: =((BQ17-BO17)/(BP17-BN17) - BS17 - BU17*(BP17^2 + BN17*BP17 - 2*BN17^2))/(BP17-BN17) -> -0.0177385 | BW17: =BS17-2*BV17*BN17 - 3*BU17*BN17^2 -> 0.058008875 | BX17: =BO17 -BU17*BN17^3 - BV17*BN17^2 - BW17*BN17 -> -0.036952969 | CA17: =$A17 -> 2.75 | CB17: =$B17 -> 0.0259 | CC17: =CA18 -> 3.75 | CD17: =CB18 -> 0.02606 | CE17: =(CD17-CB17)/(CC17-CA17) -> 0.00016 | CF17: =CG16 -> 0.00128 | CG17: =IF($F$5, (CE17*CE18>=0) * AVERAGE(CE17:CE18), AVERAGE(CE17:CE18)) -> 0.001042 | CH17: =(CF17+CG17-2*(CD17-CB17)/(CC17-CA17))/(CC17-CA17)^2 -> 0.002002 | CI17: =((CD17-CB17)/(CC17-CA17) - CF17 - CH17*(CC17^2 + CA17*CC17 - 2*CA17^2))/(CC17-CA17) -> -0.0196385 | CJ17: =CF17-2*CI17*CA17 - 3*CH17*CA17^2 -> 0.063871375 | CK17: =CB17 -CH17*CA17^3 - CI17*CA17^2 - CJ17*CA17 -> -0.042865469 | CN17: =$A17 -> 2.75 | CO17: =$B17 -> 0.0259 | CP17: =CN18 -> 3.75 | CQ17: =CO18 -> 0.02606 | CR17: =(CQ17-CO17)/(CP17-CN17) -> 0.00016 | CS17: =CT16 -> 0.00128 | CT17: =IF($F$5, (CR17*CR18>=0) * AVERAGE(CR17:CR18), AVERAGE(CR17:CR18)) -> 0.000992 | CU17: =(CS17+CT17-2*(CQ17-CO17)/(CP17-CN17))/(CP17-CN17)^2 -> 0.001952 | CV17: =((CQ17-CO17)/(CP17-CN17) - CS17 - CU17*(CP17^2 + CN17*CP17 - 2*CN17^2))/(CP17-CN17) -> -0.019176 | CW17: =CS17-2*CV17*CN17 - 3*CU17*CN17^2 -> 0.062462 | CX17: =CO17 -CU17*CN17^3 - CV17*CN17^2 - CW17*CN17 -> -0.0414475 | DA17: =$A17 -> 2.75 | DB17: =$B17 -> 0.0259 | DC17: =DA18 -> 3.75 | DD17: =DB18 -> 0.02606 | DE17: =(DD17-DB17)/(DC17-DA17) -> 0.00016 | DF17: =DG16 -> 0.00128 | DG17: =IF($F$5, (DE17*DE18>=0) * AVERAGE(DE17:DE18), AVERAGE(DE17:DE18)) -> 0.000992 | DH17: =(DF17+DG17-2*(DD17-DB17)/(DC17-DA17))/(DC17-DA17)^2 -> 0.001952 | DI17: =((DD17-DB17)/(DC17-DA17) - DF17 - DH17*(DC17^2 + DA17*DC17 - 2*DA17^2))/(DC17-DA17) -> -0.019176 | DJ17: =DF17-2*DI17*DA17 - 3*DH17*DA17^2 -> 0.062462 | DK17: =DB17 -DH17*DA17^3 - DI17*DA17^2 - DJ17*DA17 -> -0.0414475
A18: =C6-0.25 -> 3.75 | B18: =B17 + 2*(A18-A17)/0.25 / ((A18-A17)/0.25+1) * ((B6*C6 - B5*C5)/(C6-C5) - B17) -> 0.02606 | C18: =A19 -> 4.75 | D18: =B19 -> 0.027884 | E18: =(D18-B18)/(C18-A18) -> 0.001824 | F18: =G17 -> 0.000992 | G18: =IF($F$5, (E18*E19>=0) * AVERAGE(E18:E19), AVERAGE(E18:E19)) -> 0.00094133333 | H18: =(F18+G18-2*(D18-B18)/(C18-A18))/(C18-A18)^2 -> -0.0017146667 | I18: =((D18-B18)/(C18-A18) - F18 - H18*(C18^2 + A18*C18 - 2*A18^2))/(C18-A18) -> 0.021836667 | J18: =F18-2*I18*A18 - 3*H18*A18^2 -> -0.0904455 | K18: =B18 -H18*A18^3 - I18*A18^2 - J18*A18 -> 0.14857438 | N18: =$A18 -> 3.75 | O18: =$B18 -> 0.02606 | P18: =N19 -> 4.75 | Q18: =O19 -> 0.027884 | R18: =(Q18-O18)/(P18-N18) -> 0.001824 | S18: =T17 -> 0.000992 | T18: =IF($F$5, (R18*R19>=0) * AVERAGE(R18:R19), AVERAGE(R18:R19)) -> 0.00094133333 | U18: =(S18+T18-2*(Q18-O18)/(P18-N18))/(P18-N18)^2 -> -0.0017146667 | V18: =((Q18-O18)/(P18-N18) - S18 - U18*(P18^2 + N18*P18 - 2*N18^2))/(P18-N18) -> 0.021836667 | W18: =S18-2*V18*N18 - 3*U18*N18^2 -> -0.0904455 | X18: =O18 -U18*N18^3 - V18*N18^2 - W18*N18 -> 0.14857438 | AA18: =$A18 -> 3.75 | AB18: =$B18 -> 0.02606 | AC18: =AA19 -> 4.75 | AD18: =AB19 -> 0.027884 | AE18: =(AD18-AB18)/(AC18-AA18) -> 0.001824 | AF18: =AG17 -> 0.000992 | AG18: =IF($F$5, (AE18*AE19>=0) * AVERAGE(AE18:AE19), AVERAGE(AE18:AE19)) -> 0.00094133333 | AH18: =(AF18+AG18-2*(AD18-AB18)/(AC18-AA18))/(AC18-AA18)^2 -> -0.0017146667 | AI18: =((AD18-AB18)/(AC18-AA18) - AF18 - AH18*(AC18^2 + AA18*AC18 - 2*AA18^2))/(AC18-AA18) -> 0.021836667 | AJ18: =AF18-2*AI18*AA18 - 3*AH18*AA18^2 -> -0.0904455 | AK18: =AB18 -AH18*AA18^3 - AI18*AA18^2 - AJ18*AA18 -> 0.14857438 | AN18: =$A18 -> 3.75 | AO18: =$B18 -> 0.02606 | AP18: =AN19 -> 4.75 | AQ18: =AO19 -> 0.027884 | AR18: =(AQ18-AO18)/(AP18-AN18) -> 0.001824 | AS18: =AT17 -> 0.000992 | AT18: =IF($F$5, (AR18*AR19>=0) * AVERAGE(AR18:AR19), AVERAGE(AR18:AR19)) -> 0.00094133333 | AU18: =(AS18+AT18-2*(AQ18-AO18)/(AP18-AN18))/(AP18-AN18)^2 -> -0.0017146667 | AV18: =((AQ18-AO18)/(AP18-AN18) - AS18 - AU18*(AP18^2 + AN18*AP18 - 2*AN18^2))/(AP18-AN18) -> 0.021836667 | AW18: =AS18-2*AV18*AN18 - 3*AU18*AN18^2 -> -0.0904455 | AX18: =AO18 -AU18*AN18^3 - AV18*AN18^2 - AW18*AN18 -> 0.14857438 | BA18: =$A18 -> 3.75 | BB18: =$B18 -> 0.02606 | BC18: =BA19 -> 4.75 | BD18: =BB19 -> 0.027884 | BE18: =(BD18-BB18)/(BC18-BA18) -> 0.001824 | BF18: =BG17 -> 0.000942 | BG18: =IF($F$5, (BE18*BE19>=0) * AVERAGE(BE18:BE19), AVERAGE(BE18:BE19)) -> 0.00094133333 | BH18: =(BF18+BG18-2*(BD18-BB18)/(BC18-BA18))/(BC18-BA18)^2 -> -0.0017646667 | BI18: =((BD18-BB18)/(BC18-BA18) - BF18 - BH18*(BC18^2 + BA18*BC18 - 2*BA18^2))/(BC18-BA18) -> 0.022499167 | BJ18: =BF18-2*BI18*BA18 - 3*BH18*BA18^2 -> -0.093354875 | BK18: =BB18 -BH18*BA18^3 - BI18*BA18^2 - BJ18*BA18 -> 0.15280484 | BN18: =$A18 -> 3.75 | BO18: =$B18+BM13 -> 0.02616 | BP18: =BN19 -> 4.75 | BQ18: =BO19 -> 0.027884 | BR18: =(BQ18-BO18)/(BP18-BN18) -> 0.001724 | BS18: =BT17 -> 0.000992 | BT18: =IF($F$5, (BR18*BR19>=0) * AVERAGE(BR18:BR19), AVERAGE(BR18:BR19)) -> 0.00089133333 | BU18: =(BS18+BT18-2*(BQ18-BO18)/(BP18-BN18))/(BP18-BN18)^2 -> -0.0015646667 | BV18: =((BQ18-BO18)/(BP18-BN18) - BS18 - BU18*(BP18^2 + BN18*BP18 - 2*BN18^2))/(BP18-BN18) -> 0.019899167 | BW18: =BS18-2*BV18*BN18 - 3*BU18*BN18^2 -> -0.082242375 | BX18: =BO18 -BU18*BN18^3 - BV18*BN18^2 - BW18*BN18 -> 0.13724859 | CA18: =$A18 -> 3.75 | CB18: =$B18 -> 0.02606 | CC18: =CA19 -> 4.75 | CD18: =CB19 -> 0.027984 | CE18: =(CD18-CB18)/(CC18-CA18) -> 0.001924 | CF18: =CG17 -> 0.001042 | CG18: =IF($F$5, (CE18*CE19>=0) * AVERAGE(CE18:CE19), AVERAGE(CE18:CE19)) -> 0.00096633333 | CH18: =(CF18+CG18-2*(CD18-CB18)/(CC18-CA18))/(CC18-CA18)^2 -> -0.0018396667 | CI18: =((CD18-CB18)/(CC18-CA18) - CF18 - CH18*(CC18^2 + CA18*CC18 - 2*CA18^2))/(CC18-CA18) -> 0.023417917 | CJ18: =CF18-2*CI18*CA18 - 3*CH18*CA18^2 -> -0.096981438 | CK18: =CB18 -CH18*CA18^3 - CI18*CA18^2 - CJ18*CA18 -> 0.15743961 | CN18: =$A18 -> 3.75 | CO18: =$B18 -> 0.02606 | CP18: =CN19 -> 4.75 | CQ18: =CO19 -> 0.027884 | CR18: =(CQ18-CO18)/(CP18-CN18) -> 0.001824 | CS18: =CT17 -> 0.000992 | CT18: =IF($F$5, (CR18*CR19>=0) * AVERAGE(CR18:CR19), AVERAGE(CR18:CR19)) -> 0.00096633333 | CU18: =(CS18+CT18-2*(CQ18-CO18)/(CP18-CN18))/(CP18-CN18)^2 -> -0.0016896667 | CV18: =((CQ18-CO18)/(CP18-CN18) - CS18 - CU18*(CP18^2 + CN18*CP18 - 2*CN18^2))/(CP18-CN18) -> 0.021530417 | CW18: =CS18-2*CV18*CN18 - 3*CU18*CN18^2 -> -0.089203313 | CX18: =CO18 -CU18*CN18^3 - CV18*CN18^2 - CW18*CN18 -> 0.14690445 | DA18: =$A18 -> 3.75 | DB18: =$B18 -> 0.02606 | DC18: =DA19 -> 4.75 | DD18: =DB19 -> 0.027884 | DE18: =(DD18-DB18)/(DC18-DA18) -> 0.001824 | DF18: =DG17 -> 0.000992 | DG18: =IF($F$5, (DE18*DE19>=0) * AVERAGE(DE18:DE19), AVERAGE(DE18:DE19)) -> 0.00094133333 | DH18: =(DF18+DG18-2*(DD18-DB18)/(DC18-DA18))/(DC18-DA18)^2 -> -0.0017146667 | DI18: =((DD18-DB18)/(DC18-DA18) - DF18 - DH18*(DC18^2 + DA18*DC18 - 2*DA18^2))/(DC18-DA18) -> 0.021836667 | DJ18: =DF18-2*DI18*DA18 - 3*DH18*DA18^2 -> -0.0904455 | DK18: =DB18 -DH18*DA18^3 - DI18*DA18^2 - DJ18*DA18 -> 0.14857438
A19: =C7-0.25 -> 4.75 | B19: =B18 + 2*(A19-A18)/0.25 / ((A19-A18)/0.25+1) * ((B7*C7 - B6*C6)/(C7-C6) - B18) -> 0.027884 | C19: =A20 -> 6.75 | D19: =B20 -> 0.028001333 | E19: =(D19-B19)/(C19-A19) -> 5.8666667e-05 | F19: =G18 -> 0.00094133333 | G19: =IF($F$5, (E19*E20>=0) * AVERAGE(E19:E20), AVERAGE(E19:E20)) -> 0.000552 | H19: =(F19+G19-2*(D19-B19)/(C19-A19))/(C19-A19)^2 -> 0.000344 | I19: =((D19-B19)/(C19-A19) - F19 - H19*(C19^2 + A19*C19 - 2*A19^2))/(C19-A19) -> -0.0060313333 | J19: =F19-2*I19*A19 - 3*H19*A19^2 -> 0.0349545 | K19: =B19 -H19*A19^3 - I19*A19^2 - J19*A19 -> -0.038935042 | N19: =$A19 -> 4.75 | O19: =$B19 -> 0.027884 | P19: =N20 -> 6.75 | Q19: =O20 -> 0.028001333 | R19: =(Q19-O19)/(P19-N19) -> 5.8666667e-05 | S19: =T18 -> 0.00094133333 | T19: =IF($F$5, (R19*R20>=0) * AVERAGE(R19:R20), AVERAGE(R19:R20)) -> 0.000552 | U19: =(S19+T19-2*(Q19-O19)/(P19-N19))/(P19-N19)^2 -> 0.000344 | V19: =((Q19-O19)/(P19-N19) - S19 - U19*(P19^2 + N19*P19 - 2*N19^2))/(P19-N19) -> -0.0060313333 | W19: =S19-2*V19*N19 - 3*U19*N19^2 -> 0.0349545 | X19: =O19 -U19*N19^3 - V19*N19^2 - W19*N19 -> -0.038935042 | AA19: =$A19 -> 4.75 | AB19: =$B19 -> 0.027884 | AC19: =AA20 -> 6.75 | AD19: =AB20 -> 0.028001333 | AE19: =(AD19-AB19)/(AC19-AA19) -> 5.8666667e-05 | AF19: =AG18 -> 0.00094133333 | AG19: =IF($F$5, (AE19*AE20>=0) * AVERAGE(AE19:AE20), AVERAGE(AE19:AE20)) -> 0.000552 | AH19: =(AF19+AG19-2*(AD19-AB19)/(AC19-AA19))/(AC19-AA19)^2 -> 0.000344 | AI19: =((AD19-AB19)/(AC19-AA19) - AF19 - AH19*(AC19^2 + AA19*AC19 - 2*AA19^2))/(AC19-AA19) -> -0.0060313333 | AJ19: =AF19-2*AI19*AA19 - 3*AH19*AA19^2 -> 0.0349545 | AK19: =AB19 -AH19*AA19^3 - AI19*AA19^2 - AJ19*AA19 -> -0.038935042 | AN19: =$A19 -> 4.75 | AO19: =$B19 -> 0.027884 | AP19: =AN20 -> 6.75 | AQ19: =AO20 -> 0.028001333 | AR19: =(AQ19-AO19)/(AP19-AN19) -> 5.8666667e-05 | AS19: =AT18 -> 0.00094133333 | AT19: =IF($F$5, (AR19*AR20>=0) * AVERAGE(AR19:AR20), AVERAGE(AR19:AR20)) -> 0.000552 | AU19: =(AS19+AT19-2*(AQ19-AO19)/(AP19-AN19))/(AP19-AN19)^2 -> 0.000344 | AV19: =((AQ19-AO19)/(AP19-AN19) - AS19 - AU19*(AP19^2 + AN19*AP19 - 2*AN19^2))/(AP19-AN19) -> -0.0060313333 | AW19: =AS19-2*AV19*AN19 - 3*AU19*AN19^2 -> 0.0349545 | AX19: =AO19 -AU19*AN19^3 - AV19*AN19^2 - AW19*AN19 -> -0.038935042 | BA19: =$A19 -> 4.75 | BB19: =$B19 -> 0.027884 | BC19: =BA20 -> 6.75 | BD19: =BB20 -> 0.028001333 | BE19: =(BD19-BB19)/(BC19-BA19) -> 5.8666667e-05 | BF19: =BG18 -> 0.00094133333 | BG19: =IF($F$5, (BE19*BE20>=0) * AVERAGE(BE19:BE20), AVERAGE(BE19:BE20)) -> 0.000552 | BH19: =(BF19+BG19-2*(BD19-BB19)/(BC19-BA19))/(BC19-BA19)^2 -> 0.000344 | BI19: =((BD19-BB19)/(BC19-BA19) - BF19 - BH19*(BC19^2 + BA19*BC19 - 2*BA19^2))/(BC19-BA19) -> -0.0060313333 | BJ19: =BF19-2*BI19*BA19 - 3*BH19*BA19^2 -> 0.0349545 | BK19: =BB19 -BH19*BA19^3 - BI19*BA19^2 - BJ19*BA19 -> -0.038935042 | BN19: =$A19 -> 4.75 | BO19: =$B19 -> 0.027884 | BP19: =BN20 -> 6.75 | BQ19: =BO20 -> 0.028001333 | BR19: =(BQ19-BO19)/(BP19-BN19) -> 5.8666667e-05 | BS19: =BT18 -> 0.00089133333 | BT19: =IF($F$5, (BR19*BR20>=0) * AVERAGE(BR19:BR20), AVERAGE(BR19:BR20)) -> 0.000552 | BU19: =(BS19+BT19-2*(BQ19-BO19)/(BP19-BN19))/(BP19-BN19)^2 -> 0.0003315 | BV19: =((BQ19-BO19)/(BP19-BN19) - BS19 - BU19*(BP19^2 + BN19*BP19 - 2*BN19^2))/(BP19-BN19) -> -0.0058032083 | BW19: =BS19-2*BV19*BN19 - 3*BU19*BN19^2 -> 0.033583406 | BX19: =BO19 -BU19*BN19^3 - BV19*BN19^2 - BW19*BN19 -> -0.036229768 | CA19: =$A19 -> 4.75 | CB19: =$B19+BZ13 -> 0.027984 | CC19: =CA20 -> 6.75 | CD19: =CB20 -> 0.028001333 | CE19: =(CD19-CB19)/(CC19-CA19) -> 8.6666667e-06 | CF19: =CG18 -> 0.00096633333 | CG19: =IF($F$5, (CE19*CE20>=0) * AVERAGE(CE19:CE20), AVERAGE(CE19:CE20)) -> 0.000527 | CH19: =(CF19+CG19-2*(CD19-CB19)/(CC19-CA19))/(CC19-CA19)^2 -> 0.000369 | CI19: =((CD19-CB19)/(CC19-CA19) - CF19 - CH19*(CC19^2 + CA19*CC19 - 2*CA19^2))/(CC19-CA19) -> -0.0064750833 | CJ19: =CF19-2*CI19*CA19 - 3*CH19*CA19^2 -> 0.037502938 | CK19: =CB19 -CH19*CA19^3 - CI19*CA19^2 - CJ19*CA19 -> -0.043607307 | CN19: =$A19 -> 4.75 | CO19: =$B19 -> 0.027884 | CP19: =CN20 -> 6.75 | CQ19: =CO20 -> 0.028101333 | CR19: =(CQ19-CO19)/(CP19-CN19) -> 0.00010866667 | CS19: =CT18 -> 0.00096633333 | CT19: =IF($F$5, (CR19*CR20>=0) * AVERAGE(CR19:CR20), AVERAGE(CR19:CR20)) -> 0.00056033333 | CU19: =(CS19+CT19-2*(CQ19-CO19)/(CP19-CN19))/(CP19-CN19)^2 -> 0.00032733333 | CV19: =((CQ19-CO19)/(CP19-CN19) - CS19 - CU19*(CP19^2 + CN19*CP19 - 2*CN19^2))/(CP19-CN19) -> -0.005748 | CW19: =CS19-2*CV19*CN19 - 3*CU19*CN19^2 -> 0.033415958 | CX19: =CO19 -CU19*CN19^3 - CV19*CN19^2 - CW19*CN19 -> -0.036233479 | DA19: =$A19 -> 4.75 | DB19: =$B19 -> 0.027884 | DC19: =DA20 -> 6.75 | DD19: =DB20 -> 0.028001333 | DE19: =(DD19-DB19)/(DC19-DA19) -> 5.8666667e-05 | DF19: =DG18 -> 0.00094133333 | DG19: =IF($F$5, (DE19*DE20>=0) * AVERAGE(DE19:DE20), AVERAGE(DE19:DE20)) -> 0.00056866667 | DH19: =(DF19+DG19-2*(DD19-DB19)/(DC19-DA19))/(DC19-DA19)^2 -> 0.00034816667 | DI19: =((DD19-DB19)/(DC19-DA19) - DF19 - DH19*(DC19^2 + DA19*DC19 - 2*DA19^2))/(DC19-DA19) -> -0.0060990417 | DJ19: =DF19-2*DI19*DA19 - 3*DH19*DA19^2 -> 0.035315698 | DK19: =DB19 -DH19*DA19^3 - DI19*DA19^2 - DJ19*DA19 -> -0.039569612
A20: =C8-0.25 -> 6.75 | B20: =B19 + 2*(A20-A19)/0.25 / ((A20-A19)/0.25+1) * ((B8*C8 - B7*C7)/(C8-C7) - B19) -> 0.028001333 | C20: =A21 -> 9.75 | D20: =B21 -> 0.031137333 | E20: =(D20-B20)/(C20-A20) -> 0.0010453333 | F20: =G19 -> 0.000552 | G20: =IF($F$5, (E20*E21>=0) * AVERAGE(E20:E21), AVERAGE(E20:E21)) -> 0.00052266667 | H20: =(F20+G20-2*(D20-B20)/(C20-A20))/(C20-A20)^2 -> -0.00011288889 | I20: =((D20-B20)/(C20-A20) - F20 - H20*(C20^2 + A20*C20 - 2*A20^2))/(C20-A20) -> 0.0027891111 | J20: =F20-2*I20*A20 - 3*H20*A20^2 -> -0.0216705 | K20: =B20 -H20*A20^3 - I20*A20^2 - J20*A20 -> 0.081916958 | N20: =$A20 -> 6.75 | O20: =$B20 -> 0.028001333 | P20: =N21 -> 9.75 | Q20: =O21 -> 0.031137333 | R20: =(Q20-O20)/(P20-N20) -> 0.0010453333 | S20: =T19 -> 0.000552 | T20: =IF($F$5, (R20*R21>=0) * AVERAGE(R20:R21), AVERAGE(R20:R21)) -> 0.00052266667 | U20: =(S20+T20-2*(Q20-O20)/(P20-N20))/(P20-N20)^2 -> -0.00011288889 | V20: =((Q20-O20)/(P20-N20) - S20 - U20*(P20^2 + N20*P20 - 2*N20^2))/(P20-N20) -> 0.0027891111 | W20: =S20-2*V20*N20 - 3*U20*N20^2 -> -0.0216705 | X20: =O20 -U20*N20^3 - V20*N20^2 - W20*N20 -> 0.081916958 | AA20: =$A20 -> 6.75 | AB20: =$B20 -> 0.028001333 | AC20: =AA21 -> 9.75 | AD20: =AB21 -> 0.031137333 | AE20: =(AD20-AB20)/(AC20-AA20) -> 0.0010453333 | AF20: =AG19 -> 0.000552 | AG20: =IF($F$5, (AE20*AE21>=0) * AVERAGE(AE20:AE21), AVERAGE(AE20:AE21)) -> 0.00052266667 | AH20: =(AF20+AG20-2*(AD20-AB20)/(AC20-AA20))/(AC20-AA20)^2 -> -0.00011288889 | AI20: =((AD20-AB20)/(AC20-AA20) - AF20 - AH20*(AC20^2 + AA20*AC20 - 2*AA20^2))/(AC20-AA20) -> 0.0027891111 | AJ20: =AF20-2*AI20*AA20 - 3*AH20*AA20^2 -> -0.0216705 | AK20: =AB20 -AH20*AA20^3 - AI20*AA20^2 - AJ20*AA20 -> 0.081916958 | AN20: =$A20 -> 6.75 | AO20: =$B20 -> 0.028001333 | AP20: =AN21 -> 9.75 | AQ20: =AO21 -> 0.031137333 | AR20: =(AQ20-AO20)/(AP20-AN20) -> 0.0010453333 | AS20: =AT19 -> 0.000552 | AT20: =IF($F$5, (AR20*AR21>=0) * AVERAGE(AR20:AR21), AVERAGE(AR20:AR21)) -> 0.00052266667 | AU20: =(AS20+AT20-2*(AQ20-AO20)/(AP20-AN20))/(AP20-AN20)^2 -> -0.00011288889 | AV20: =((AQ20-AO20)/(AP20-AN20) - AS20 - AU20*(AP20^2 + AN20*AP20 - 2*AN20^2))/(AP20-AN20) -> 0.0027891111 | AW20: =AS20-2*AV20*AN20 - 3*AU20*AN20^2 -> -0.0216705 | AX20: =AO20 -AU20*AN20^3 - AV20*AN20^2 - AW20*AN20 -> 0.081916958 | BA20: =$A20 -> 6.75 | BB20: =$B20 -> 0.028001333 | BC20: =BA21 -> 9.75 | BD20: =BB21 -> 0.031137333 | BE20: =(BD20-BB20)/(BC20-BA20) -> 0.0010453333 | BF20: =BG19 -> 0.000552 | BG20: =IF($F$5, (BE20*BE21>=0) * AVERAGE(BE20:BE21), AVERAGE(BE20:BE21)) -> 0.00052266667 | BH20: =(BF20+BG20-2*(BD20-BB20)/(BC20-BA20))/(BC20-BA20)^2 -> -0.00011288889 | BI20: =((BD20-BB20)/(BC20-BA20) - BF20 - BH20*(BC20^2 + BA20*BC20 - 2*BA20^2))/(BC20-BA20) -> 0.0027891111 | BJ20: =BF20-2*BI20*BA20 - 3*BH20*BA20^2 -> -0.0216705 | BK20: =BB20 -BH20*BA20^3 - BI20*BA20^2 - BJ20*BA20 -> 0.081916958 | BN20: =$A20 -> 6.75 | BO20: =$B20 -> 0.028001333 | BP20: =BN21 -> 9.75 | BQ20: =BO21 -> 0.031137333 | BR20: =(BQ20-BO20)/(BP20-BN20) -> 0.0010453333 | BS20: =BT19 -> 0.000552 | BT20: =IF($F$5, (BR20*BR21>=0) * AVERAGE(BR20:BR21), AVERAGE(BR20:BR21)) -> 0.00052266667 | BU20: =(BS20+BT20-2*(BQ20-BO20)/(BP20-BN20))/(BP20-BN20)^2 -> -0.00011288889 | BV20: =((BQ20-BO20)/(BP20-BN20) - BS20 - BU20*(BP20^2 + BN20*BP20 - 2*BN20^2))/(BP20-BN20) -> 0.0027891111 | BW20: =BS20-2*BV20*BN20 - 3*BU20*BN20^2 -> -0.0216705 | BX20: =BO20 -BU20*BN20^3 - BV20*BN20^2 - BW20*BN20 -> 0.081916958 | CA20: =$A20 -> 6.75 | CB20: =$B20 -> 0.028001333 | CC20: =CA21 -> 9.75 | CD20: =CB21 -> 0.031137333 | CE20: =(CD20-CB20)/(CC20-CA20) -> 0.0010453333 | CF20: =CG19 -> 0.000527 | CG20: =IF($F$5, (CE20*CE21>=0) * AVERAGE(CE20:CE21), AVERAGE(CE20:CE21)) -> 0.00052266667 | CH20: =(CF20+CG20-2*(CD20-CB20)/(CC20-CA20))/(CC20-CA20)^2 -> -0.00011566667 | CI20: =((CD20-CB20)/(CC20-CA20) - CF20 - CH20*(CC20^2 + CA20*CC20 - 2*CA20^2))/(CC20-CA20) -> 0.0028620278 | CJ20: =CF20-2*CI20*CA20 - 3*CH20*CA20^2 -> -0.022300188 | CK20: =CB20 -CH20*CA20^3 - CI20*CA20^2 - CJ20*CA20 -> 0.08369938 | CN20: =$A20 -> 6.75 | CO20: =$B20+CM13 -> 0.028101333 | CP20: =CN21 -> 9.75 | CQ20: =CO21 -> 0.031137333 | CR20: =(CQ20-CO20)/(CP20-CN20) -> 0.001012 | CS20: =CT19 -> 0.00056033333 | CT20: =IF($F$5, (CR20*CR21>=0) * AVERAGE(CR20:CR21), AVERAGE(CR20:CR21)) -> 0.000506 | CU20: =(CS20+CT20-2*(CQ20-CO20)/(CP20-CN20))/(CP20-CN20)^2 -> -0.00010640741 | CV20: =((CQ20-CO20)/(CP20-CN20) - CS20 - CU20*(CP20^2 + CN20*CP20 - 2*CN20^2))/(CP20-CN20) -> 0.0026245278 | CW20: =CS20-2*CV20*CN20 - 3*CU20*CN20^2 -> -0.020326229 | CX20: =CO20 -CU20*CN20^3 - CV20*CN20^2 - CW20*CN20 -> 0.078448599 | DA20: =$A20 -> 6.75 | DB20: =$B20 -> 0.028001333 | DC20: =DA21 -> 9.75 | DD20: =DB21 -> 0.031237333 | DE20: =(DD20-DB20)/(DC20-DA20) -> 0.0010786667 | DF20: =DG19 -> 0.00056866667 | DG20: =IF($F$5, (DE20*DE21>=0) * AVERAGE(DE20:DE21), AVERAGE(DE20:DE21)) -> 0.00053933333 | DH20: =(DF20+DG20-2*(DD20-DB20)/(DC20-DA20))/(DC20-DA20)^2 -> -0.00011659259 | DI20: =((DD20-DB20)/(DC20-DA20) - DF20 - DH20*(DC20^2 + DA20*DC20 - 2*DA20^2))/(DC20-DA20) -> 0.0028807778 | DJ20: =DF20-2*DI20*DA20 - 3*DH20*DA20^2 -> -0.022385083 | DK20: =DB20 -DH20*DA20^3 - DI20*DA20^2 - DJ20*DA20 -> 0.083702896
A21: =C9-0.25 -> 9.75 | B21: =B20 + 2*(A21-A20)/0.25 / ((A21-A20)/0.25+1) * ((B9*C9 - B8*C8)/(C9-C8) - B20) -> 0.031137333 | C21: 100 | D21: =B21 -> 0.031137333 | E21: =(D21-B21)/(C21-A21) -> 0 | F21: =G20 -> 0.00052266667 | G21: 0 | H21: =(F21+G21-2*(D21-B21)/(C21-A21))/(C21-A21)^2 -> 6.4169755e-08 | I21: =((D21-B21)/(C21-A21) - F21 - H21*(C21^2 + A21*C21 - 2*A21^2))/(C21-A21) -> -1.3459606e-05 | J21: =F21-2*I21*A21 - 3*H21*A21^2 -> 0.00076682857 | K21: =B21 -H21*A21^3 - I21*A21^2 - J21*A21 -> 0.024880782 | N21: =$A21 -> 9.75 | O21: =$B21 -> 0.031137333 | P21: 100 | Q21: =O21 -> 0.031137333 | R21: =(Q21-O21)/(P21-N21) -> 0 | S21: =T20 -> 0.00052266667 | T21: 0 | U21: =(S21+T21-2*(Q21-O21)/(P21-N21))/(P21-N21)^2 -> 6.4169755e-08 | V21: =((Q21-O21)/(P21-N21) - S21 - U21*(P21^2 + N21*P21 - 2*N21^2))/(P21-N21) -> -1.3459606e-05 | W21: =S21-2*V21*N21 - 3*U21*N21^2 -> 0.00076682857 | X21: =O21 -U21*N21^3 - V21*N21^2 - W21*N21 -> 0.024880782 | AA21: =$A21 -> 9.75 | AB21: =$B21 -> 0.031137333 | AC21: 100 | AD21: =AB21 -> 0.031137333 | AE21: =(AD21-AB21)/(AC21-AA21) -> 0 | AF21: =AG20 -> 0.00052266667 | AG21: 0 | AH21: =(AF21+AG21-2*(AD21-AB21)/(AC21-AA21))/(AC21-AA21)^2 -> 6.4169755e-08 | AI21: =((AD21-AB21)/(AC21-AA21) - AF21 - AH21*(AC21^2 + AA21*AC21 - 2*AA21^2))/(AC21-AA21) -> -1.3459606e-05 | AJ21: =AF21-2*AI21*AA21 - 3*AH21*AA21^2 -> 0.00076682857 | AK21: =AB21 -AH21*AA21^3 - AI21*AA21^2 - AJ21*AA21 -> 0.024880782 | AN21: =$A21 -> 9.75 | AO21: =$B21 -> 0.031137333 | AP21: 100 | AQ21: =AO21 -> 0.031137333 | AR21: =(AQ21-AO21)/(AP21-AN21) -> 0 | AS21: =AT20 -> 0.00052266667 | AT21: 0 | AU21: =(AS21+AT21-2*(AQ21-AO21)/(AP21-AN21))/(AP21-AN21)^2 -> 6.4169755e-08 | AV21: =((AQ21-AO21)/(AP21-AN21) - AS21 - AU21*(AP21^2 + AN21*AP21 - 2*AN21^2))/(AP21-AN21) -> -1.3459606e-05 | AW21: =AS21-2*AV21*AN21 - 3*AU21*AN21^2 -> 0.00076682857 | AX21: =AO21 -AU21*AN21^3 - AV21*AN21^2 - AW21*AN21 -> 0.024880782 | BA21: =$A21 -> 9.75 | BB21: =$B21 -> 0.031137333 | BC21: 100 | BD21: =BB21 -> 0.031137333 | BE21: =(BD21-BB21)/(BC21-BA21) -> 0 | BF21: =BG20 -> 0.00052266667 | BG21: 0 | BH21: =(BF21+BG21-2*(BD21-BB21)/(BC21-BA21))/(BC21-BA21)^2 -> 6.4169755e-08 | BI21: =((BD21-BB21)/(BC21-BA21) - BF21 - BH21*(BC21^2 + BA21*BC21 - 2*BA21^2))/(BC21-BA21) -> -1.3459606e-05 | BJ21: =BF21-2*BI21*BA21 - 3*BH21*BA21^2 -> 0.00076682857 | BK21: =BB21 -BH21*BA21^3 - BI21*BA21^2 - BJ21*BA21 -> 0.024880782 | BN21: =$A21 -> 9.75 | BO21: =$B21 -> 0.031137333 | BP21: 100 | BQ21: =BO21 -> 0.031137333 | BR21: =(BQ21-BO21)/(BP21-BN21) -> 0 | BS21: =BT20 -> 0.00052266667 | BT21: 0 | BU21: =(BS21+BT21-2*(BQ21-BO21)/(BP21-BN21))/(BP21-BN21)^2 -> 6.4169755e-08 | BV21: =((BQ21-BO21)/(BP21-BN21) - BS21 - BU21*(BP21^2 + BN21*BP21 - 2*BN21^2))/(BP21-BN21) -> -1.3459606e-05 | BW21: =BS21-2*BV21*BN21 - 3*BU21*BN21^2 -> 0.00076682857 | BX21: =BO21 -BU21*BN21^3 - BV21*BN21^2 - BW21*BN21 -> 0.024880782 | CA21: =$A21 -> 9.75 | CB21: =$B21 -> 0.031137333 | CC21: 100 | CD21: =CB21 -> 0.031137333 | CE21: =(CD21-CB21)/(CC21-CA21) -> 0 | CF21: =CG20 -> 0.00052266667 | CG21: 0 | CH21: =(CF21+CG21-2*(CD21-CB21)/(CC21-CA21))/(CC21-CA21)^2 -> 6.4169755e-08 | CI21: =((CD21-CB21)/(CC21-CA21) - CF21 - CH21*(CC21^2 + CA21*CC21 - 2*CA21^2))/(CC21-CA21) -> -1.3459606e-05 | CJ21: =CF21-2*CI21*CA21 - 3*CH21*CA21^2 -> 0.00076682857 | CK21: =CB21 -CH21*CA21^3 - CI21*CA21^2 - CJ21*CA21 -> 0.024880782 | CN21: =$A21 -> 9.75 | CO21: =$B21 -> 0.031137333 | CP21: 100 | CQ21: =CO21 -> 0.031137333 | CR21: =(CQ21-CO21)/(CP21-CN21) -> 0 | CS21: =CT20 -> 0.000506 | CT21: 0 | CU21: =(CS21+CT21-2*(CQ21-CO21)/(CP21-CN21))/(CP21-CN21)^2 -> 6.2123526e-08 | CV21: =((CQ21-CO21)/(CP21-CN21) - CS21 - CU21*(CP21^2 + CN21*CP21 - 2*CN21^2))/(CP21-CN21) -> -1.303041e-05 | CW21: =CS21-2*CV21*CN21 - 3*CU21*CN21^2 -> 0.00074237613 | CX21: =CO21 -CU21*CN21^3 - CV21*CN21^2 - CW21*CN21 -> 0.02508029 | DA21: =$A21 -> 9.75 | DB21: =$B21+CZ13 -> 0.031237333 | DC21: 100 | DD21: =DB21 -> 0.031237333 | DE21: =(DD21-DB21)/(DC21-DA21) -> 0 | DF21: =DG20 -> 0.00053933333 | DG21: 0 | DH21: =(DF21+DG21-2*(DD21-DB21)/(DC21-DA21))/(DC21-DA21)^2 -> 6.6215985e-08 | DI21: =((DD21-DB21)/(DC21-DA21) - DF21 - DH21*(DC21^2 + DA21*DC21 - 2*DA21^2))/(DC21-DA21) -> -1.3888803e-05 | DJ21: =DF21-2*DI21*DA21 - 3*DH21*DA21^2 -> 0.00079128102 | DK21: =DB21 -DH21*DA21^3 - DI21*DA21^2 - DJ21*DA21 -> 0.024781275
A23: {=TRANSPOSE($A$2:$A$9)} -> 3M Fixing | B23: 1Y Swap | C23: 2Y Swap | D23: 3Y Swap | E23: 4Y Swap | F23: 5Y Swap | G23: 7Y Swap | H23: 10Y Swap | N23: {=TRANSPOSE($A$2:$A$9)} -> 3M Fixing | O23: 1Y Swap | P23: 2Y Swap | Q23: 3Y Swap | R23: 4Y Swap | S23: 5Y Swap | T23: 7Y Swap | U23: 10Y Swap | AA23: {=TRANSPOSE($A$2:$A$9)} -> 3M Fixing | AB23: 1Y Swap | AC23: 2Y Swap | AD23: 3Y Swap | AE23: 4Y Swap | AF23: 5Y Swap | AG23: 7Y Swap | AH23: 10Y Swap | AN23: {=TRANSPOSE($A$2:$A$9)} -> 3M Fixing | AO23: 1Y Swap | AP23: 2Y Swap | AQ23: 3Y Swap | AR23: 4Y Swap | AS23: 5Y Swap | AT23: 7Y Swap | AU23: 10Y Swap | BA23: {=TRANSPOSE($A$2:$A$9)} -> 3M Fixing | BB23: 1Y Swap | BC23: 2Y Swap | BD23: 3Y Swap | BE23: 4Y Swap | BF23: 5Y Swap | BG23: 7Y Swap | BH23: 10Y Swap | BN23: {=TRANSPOSE($A$2:$A$9)} -> 3M Fixing | BO23: 1Y Swap | BP23: 2Y Swap | BQ23: 3Y Swap | BR23: 4Y Swap | BS23: 5Y Swap | BT23: 7Y Swap | BU23: 10Y Swap | CA23: {=TRANSPOSE($A$2:$A$9)} -> 3M Fixing | CB23: 1Y Swap | CC23: 2Y Swap | CD23: 3Y Swap | CE23: 4Y Swap | CF23: 5Y Swap | CG23: 7Y Swap | CH23: 10Y Swap | CN23: {=TRANSPOSE($A$2:$A$9)} -> 3M Fixing | CO23: 1Y Swap | CP23: 2Y Swap | CQ23: 3Y Swap | CR23: 4Y Swap | CS23: 5Y Swap | CT23: 7Y Swap | CU23: 10Y Swap | DA23: {=TRANSPOSE($A$2:$A$9)} -> 3M Fixing | DB23: 1Y Swap | DC23: 2Y Swap | DD23: 3Y Swap | DE23: 4Y Swap | DF23: 5Y Swap | DG23: 7Y Swap | DH23: 10Y Swap
A24: =G27 -> 0.0253 | B24: =SUM(I28:I31)/SUM(J28:J31)*$F$6 -> 0.023402278 | C24: =SUM(I28:I35)/SUM(J28:J35)*$F$6 -> 0.02300636 | D24: =SUM(I28:I39)/SUM(J28:J39)*$F$6 -> 0.023760499 | E24: =SUM(I28:I43)/SUM(J28:J43)*$F$6 -> 0.024366345 | F24: =SUM(I28:I47)/SUM(J28:J47)*$F$6 -> 0.024957821 | G24: =SUM(I28:I55)/SUM(J28:J55)*$F$6 -> 0.025852603 | H24: =SUM(I28:I67)/SUM(J28:J67)*$F$6 -> 0.026982618 | N24: =T27 -> 0.0254 | O24: =SUM(V28:V31)/SUM(W28:W31)*$F$6 -> 0.023453138 | P24: =SUM(V28:V35)/SUM(W28:W35)*$F$6 -> 0.023032073 | Q24: =SUM(V28:V39)/SUM(W28:W39)*$F$6 -> 0.023777848 | R24: =SUM(V28:V43)/SUM(W28:W43)*$F$6 -> 0.024379518 | S24: =SUM(V28:V47)/SUM(W28:W47)*$F$6 -> 0.024968494 | T24: =SUM(V28:V55)/SUM(W28:W55)*$F$6 -> 0.025860428 | U24: =SUM(V28:V67)/SUM(W28:W67)*$F$6 -> 0.026988319 | AA24: =AG27 -> 0.0253 | AB24: =SUM(AI28:AI31)/SUM(AJ28:AJ31)*$F$6 -> 0.02345317 | AC24: =SUM(AI28:AI35)/SUM(AJ28:AJ35)*$F$6 -> 0.02305292 | AD24: =SUM(AI28:AI39)/SUM(AJ28:AJ39)*$F$6 -> 0.023790609 | AE24: =SUM(AI28:AI43)/SUM(AJ28:AJ43)*$F$6 -> 0.024389202 | AF24: =SUM(AI28:AI47)/SUM(AJ28:AJ47)*$F$6 -> 0.024976336 | AG24: =SUM(AI28:AI55)/SUM(AJ28:AJ55)*$F$6 -> 0.025866172 | AH24: =SUM(AI28:AI67)/SUM(AJ28:AJ67)*$F$6 -> 0.0269925 | AN24: =AT27 -> 0.0253 | AO24: =SUM(AV28:AV31)/SUM(AW28:AW31)*$F$6 -> 0.023402278 | AP24: =SUM(AV28:AV35)/SUM(AW28:AW35)*$F$6 -> 0.023037792 | AQ24: =SUM(AV28:AV39)/SUM(AW28:AW39)*$F$6 -> 0.023795396 | AR24: =SUM(AV28:AV43)/SUM(AW28:AW43)*$F$6 -> 0.024391863 | AS24: =SUM(AV28:AV47)/SUM(AW28:AW47)*$F$6 -> 0.02497848 | AT24: =SUM(AV28:AV55)/SUM(AW28:AW55)*$F$6 -> 0.02586773 | AU24: =SUM(AV28:AV67)/SUM(AW28:AW67)*$F$6 -> 0.026993623 | BA24: =BG27 -> 0.0253 | BB24: =SUM(BI28:BI31)/SUM(BJ28:BJ31)*$F$6 -> 0.023402278 | BC24: =SUM(BI28:BI35)/SUM(BJ28:BJ35)*$F$6 -> 0.023004395 | BD24: =SUM(BI28:BI39)/SUM(BJ28:BJ39)*$F$6 -> 0.023781152 | BE24: =SUM(BI28:BI43)/SUM(BJ28:BJ43)*$F$6 -> 0.02439215 | BF24: =SUM(BI28:BI47)/SUM(BJ28:BJ47)*$F$6 -> 0.024977943 | BG24: =SUM(BI28:BI55)/SUM(BJ28:BJ55)*$F$6 -> 0.025867323 | BH24: =SUM(BI28:BI67)/SUM(BJ28:BJ67)*$F$6 -> 0.026993314 | BN24: =BT27 -> 0.0253 | BO24: =SUM(BV28:BV31)/SUM(BW28:BW31)*$F$6 -> 0.023402278 | BP24: =SUM(BV28:BV35)/SUM(BW28:BW35)*$F$6 -> 0.02300636 | BQ24: =SUM(BV28:BV39)/SUM(BW28:BW39)*$F$6 -> 0.023759207 | BR24: =SUM(BV28:BV43)/SUM(BW28:BW43)*$F$6 -> 0.024381631 | BS24: =SUM(BV28:BV47)/SUM(BW28:BW47)*$F$6 -> 0.024978185 | BT24: =SUM(BV28:BV55)/SUM(BW28:BW55)*$F$6 -> 0.025865241 | BU24: =SUM(BV28:BV67)/SUM(BW28:BW67)*$F$6 -> 0.026991793 | CA24: =CG27 -> 0.0253 | CB24: =SUM(CI28:CI31)/SUM(CJ28:CJ31)*$F$6 -> 0.023402278 | CC24: =SUM(CI28:CI35)/SUM(CJ28:CJ35)*$F$6 -> 0.02300636 | CD24: =SUM(CI28:CI39)/SUM(CJ28:CJ39)*$F$6 -> 0.023760499 | CE24: =SUM(CI28:CI43)/SUM(CJ28:CJ43)*$F$6 -> 0.024365388 | CF24: =SUM(CI28:CI47)/SUM(CJ28:CJ47)*$F$6 -> 0.0249695 | CG24: =SUM(CI28:CI55)/SUM(CJ28:CJ55)*$F$6 -> 0.025875353 | CH24: =SUM(CI28:CI67)/SUM(CJ28:CJ67)*$F$6 -> 0.026997371 | CN24: =CT27 -> 0.0253 | CO24: =SUM(CV28:CV31)/SUM(CW28:CW31)*$F$6 -> 0.023402278 | CP24: =SUM(CV28:CV35)/SUM(CW28:CW35)*$F$6 -> 0.02300636 | CQ24: =SUM(CV28:CV39)/SUM(CW28:CW39)*$F$6 -> 0.023760499 | CR24: =SUM(CV28:CV43)/SUM(CW28:CW43)*$F$6 -> 0.024366345 | CS24: =SUM(CV28:CV47)/SUM(CW28:CW47)*$F$6 -> 0.024957444 | CT24: =SUM(CV28:CV55)/SUM(CW28:CW55)*$F$6 -> 0.025868247 | CU24: =SUM(CV28:CV67)/SUM(CW28:CW67)*$F$6 -> 0.027008482 | DA24: =DG27 -> 0.0253 | DB24: =SUM(DI28:DI31)/SUM(DJ28:DJ31)*$F$6 -> 0.023402278 | DC24: =SUM(DI28:DI35)/SUM(DJ28:DJ35)*$F$6 -> 0.02300636 | DD24: =SUM(DI28:DI39)/SUM(DJ28:DJ39)*$F$6 -> 0.023760499 | DE24: =SUM(DI28:DI43)/SUM(DJ28:DJ43)*$F$6 -> 0.024366345 | DF24: =SUM(DI28:DI47)/SUM(DJ28:DJ47)*$F$6 -> 0.024957821 | DG24: =SUM(DI28:DI55)/SUM(DJ28:DJ55)*$F$6 -> 0.025851862 | DH24: =SUM(DI28:DI67)/SUM(DJ28:DJ67)*$F$6 -> 0.026996828
A26: Years | B26: Left X | C26: a | D26: b | E26: c | F26: d | G26: Euribor | H26: Disc Fact | I26: Float PV | J26: Fixed PV | N26: Years | O26: Left X | P26: a | Q26: b | R26: c | S26: d | T26: Euribor | U26: Disc Fact | V26: Float PV | W26: Fixed PV | AA26: Years | AB26: Left X | AC26: a | AD26: b | AE26: c | AF26: d | AG26: Euribor | AH26: Disc Fact | AI26: Float PV | AJ26: Fixed PV | AN26: Years | AO26: Left X | AP26: a | AQ26: b | AR26: c | AS26: d | AT26: Euribor | AU26: Disc Fact | AV26: Float PV | AW26: Fixed PV | BA26: Years | BB26: Left X | BC26: a | BD26: b | BE26: c | BF26: d | BG26: Euribor | BH26: Disc Fact | BI26: Float PV | BJ26: Fixed PV | BN26: Years | BO26: Left X | BP26: a | BQ26: b | BR26: c | BS26: d | BT26: Euribor | BU26: Disc Fact | BV26: Float PV | BW26: Fixed PV | CA26: Years | CB26: Left X | CC26: a | CD26: b | CE26: c | CF26: d | CG26: Euribor | CH26: Disc Fact | CI26: Float PV | CJ26: Fixed PV | CN26: Years | CO26: Left X | CP26: a | CQ26: b | CR26: c | CS26: d | CT26: Euribor | CU26: Disc Fact | CV26: Float PV | CW26: Fixed PV | DA26: Years | DB26: Left X | DC26: a | DD26: b | DE26: c | DF26: d | DG26: Euribor | DH26: Disc Fact | DI26: Float PV | DJ26: Fixed PV
A27: 0 | B27: {=INDEX(A14:A22, MATCH(A27:A67, A14:A22, 1))} -> 0 | C27: {=VLOOKUP(B27:B67, A14:K21, COLUMN(H14)-COLUMN(A14) + 1, FALSE)} -> 0.019911111 | D27: {=VLOOKUP(B27:B67, A14:K21, COLUMN(I14)-COLUMN(A14) + 1, FALSE)} -> -0.0224 | E27: {=VLOOKUP(B27:B67, A14:K21, COLUMN(J14)-COLUMN(A14) + 1, FALSE)} -> 0 | F27: {=VLOOKUP(B27:B67, A14:K21, COLUMN(K14)-COLUMN(A14) + 1, FALSE)} -> 0.0253 | G27: =C27*A27^3 + D27*A27^2 + E27*A27 + F27 -> 0.0253 | H27: 1 | N27: 0 | O27: {=INDEX(N14:N22, MATCH(N27:N67, N14:N22, 1))} -> 0 | P27: {=VLOOKUP(O27:O67, N14:X21, COLUMN(U14)-COLUMN(N14) + 1, FALSE)} -> 0.020385185 | Q27: {=VLOOKUP(O27:O67, N14:X21, COLUMN(V14)-COLUMN(N14) + 1, FALSE)} -> -0.022933333 | R27: {=VLOOKUP(O27:O67, N14:X21, COLUMN(W14)-COLUMN(N14) + 1, FALSE)} -> 0 | S27: {=VLOOKUP(O27:O67, N14:X21, COLUMN(X14)-COLUMN(N14) + 1, FALSE)} -> 0.0254 | T27: =P27*N27^3 + Q27*N27^2 + R27*N27 + S27 -> 0.0254 | U27: 1 | AA27: 0 | AB27: {=INDEX(AA14:AA22, MATCH(AA27:AA67, AA14:AA22, 1))} -> 0 | AC27: {=VLOOKUP(AB27:AB67, AA14:AK21, COLUMN(AH14)-COLUMN(AA14) + 1, FALSE)} -> 0.019437037 | AD27: {=VLOOKUP(AB27:AB67, AA14:AK21, COLUMN(AI14)-COLUMN(AA14) + 1, FALSE)} -> -0.021866667 | AE27: {=VLOOKUP(AB27:AB67, AA14:AK21, COLUMN(AJ14)-COLUMN(AA14) + 1, FALSE)} -> 0 | AF27: {=VLOOKUP(AB27:AB67, AA14:AK21, COLUMN(AK14)-COLUMN(AA14) + 1, FALSE)} -> 0.0253 | AG27: =AC27*AA27^3 + AD27*AA27^2 + AE27*AA27 + AF27 -> 0.0253 | AH27: 1 | AN27: 0 | AO27: {=INDEX(AN14:AN22, MATCH(AN27:AN67, AN14:AN22, 1))} -> 0 | AP27: {=VLOOKUP(AO27:AO67, AN14:AX21, COLUMN(AU14)-COLUMN(AN14) + 1, FALSE)} -> 0.019911111 | AQ27: {=VLOOKUP(AO27:AO67, AN14:AX21, COLUMN(AV14)-COLUMN(AN14) + 1, FALSE)} -> -0.0224 | AR27: {=VLOOKUP(AO27:AO67, AN14:AX21, COLUMN(AW14)-COLUMN(AN14) + 1, FALSE)} -> 0 | AS27: {=VLOOKUP(AO27:AO67, AN14:AX21, COLUMN(AX14)-COLUMN(AN14) + 1, FALSE)} -> 0.0253 | AT27: =AP27*AN27^3 + AQ27*AN27^2 + AR27*AN27 + AS27 -> 0.0253 | AU27: 1 | BA27: 0 | BB27: {=INDEX(BA14:BA22, MATCH(BA27:BA67, BA14:BA22, 1))} -> 0 | BC27: {=VLOOKUP(BB27:BB67, BA14:BK21, COLUMN(BH14)-COLUMN(BA14) + 1, FALSE)} -> 0.019911111 | BD27: {=VLOOKUP(BB27:BB67, BA14:BK21, COLUMN(BI14)-COLUMN(BA14) + 1, FALSE)} -> -0.0224 | BE27: {=VLOOKUP(BB27:BB67, BA14:BK21, COLUMN(BJ14)-COLUMN(BA14) + 1, FALSE)} -> 0 | BF27: {=VLOOKUP(BB27:BB67, BA14:BK21, COLUMN(BK14)-COLUMN(BA14) + 1, FALSE)} -> 0.0253 | BG27: =BC27*BA27^3 + BD27*BA27^2 + BE27*BA27 + BF27 -> 0.0253 | BH27: 1 | BN27: 0 | BO27: {=INDEX(BN14:BN22, MATCH(BN27:BN67, BN14:BN22, 1))} -> 0 | BP27: {=VLOOKUP(BO27:BO67, BN14:BX21, COLUMN(BU14)-COLUMN(BN14) + 1, FALSE)} -> 0.019911111 | BQ27: {=VLOOKUP(BO27:BO67, BN14:BX21, COLUMN(BV14)-COLUMN(BN14) + 1, FALSE)} -> -0.0224 | BR27: {=VLOOKUP(BO27:BO67, BN14:BX21, COLUMN(BW14)-COLUMN(BN14) + 1, FALSE)} -> 0 | BS27: {=VLOOKUP(BO27:BO67, BN14:BX21, COLUMN(BX14)-COLUMN(BN14) + 1, FALSE)} -> 0.0253 | BT27: =BP27*BN27^3 + BQ27*BN27^2 + BR27*BN27 + BS27 -> 0.0253 | BU27: 1 | CA27: 0 | CB27: {=INDEX(CA14:CA22, MATCH(CA27:CA67, CA14:CA22, 1))} -> 0 | CC27: {=VLOOKUP(CB27:CB67, CA14:CK21, COLUMN(CH14)-COLUMN(CA14) + 1, FALSE)} -> 0.019911111 | CD27: {=VLOOKUP(CB27:CB67, CA14:CK21, COLUMN(CI14)-COLUMN(CA14) + 1, FALSE)} -> -0.0224 | CE27: {=VLOOKUP(CB27:CB67, CA14:CK21, COLUMN(CJ14)-COLUMN(CA14) + 1, FALSE)} -> 0 | CF27: {=VLOOKUP(CB27:CB67, CA14:CK21, COLUMN(CK14)-COLUMN(CA14) + 1, FALSE)} -> 0.0253 | CG27: =CC27*CA27^3 + CD27*CA27^2 + CE27*CA27 + CF27 -> 0.0253 | CH27: 1 | CN27: 0 | CO27: {=INDEX(CN14:CN22, MATCH(CN27:CN67, CN14:CN22, 1))} -> 0 | CP27: {=VLOOKUP(CO27:CO67, CN14:CX21, COLUMN(CU14)-COLUMN(CN14) + 1, FALSE)} -> 0.019911111 | CQ27: {=VLOOKUP(CO27:CO67, CN14:CX21, COLUMN(CV14)-COLUMN(CN14) + 1, FALSE)} -> -0.0224 | CR27: {=VLOOKUP(CO27:CO67, CN14:CX21, COLUMN(CW14)-COLUMN(CN14) + 1, FALSE)} -> 0 | CS27: {=VLOOKUP(CO27:CO67, CN14:CX21, COLUMN(CX14)-COLUMN(CN14) + 1, FALSE)} -> 0.0253 | CT27: =CP27*CN27^3 + CQ27*CN27^2 + CR27*CN27 + CS27 -> 0.0253 | CU27: 1 | DA27: 0 | DB27: {=INDEX(DA14:DA22, MATCH(DA27:DA67, DA14:DA22, 1))} -> 0 | DC27: {=VLOOKUP(DB27:DB67, DA14:DK21, COLUMN(DH14)-COLUMN(DA14) + 1, FALSE)} -> 0.019911111 | DD27: {=VLOOKUP(DB27:DB67, DA14:DK21, COLUMN(DI14)-COLUMN(DA14) + 1, FALSE)} -> -0.0224 | DE27: {=VLOOKUP(DB27:DB67, DA14:DK21, COLUMN(DJ14)-COLUMN(DA14) + 1, FALSE)} -> 0 | DF27: {=VLOOKUP(DB27:DB67, DA14:DK21, COLUMN(DK14)-COLUMN(DA14) + 1, FALSE)} -> 0.0253 | DG27: =DC27*DA27^3 + DD27*DA27^2 + DE27*DA27 + DF27 -> 0.0253 | DH27: 1
A28: 0.25 | B28: 0 | C28: 0.019911111 | D28: -0.0224 | E28: 0 | F28: 0.0253 | G28: =C28*A28^3 + D28*A28^2 + E28*A28 + F28 -> 0.024211111 | H28: =H27 / (1 + G27*(A28-A27)) -> 0.99371475 | I28: {=G27:G66 * H28:H67 * (A28:A67-A27:A66)} -> 0.0062852458 | J28: {=(ROUND(A28:A67*$F$6, 0)=A28:A67*$F$6) * H28:H67} -> 0 | N28: 0.25 | O28: 0 | P28: 0.020385185 | Q28: -0.022933333 | R28: 0 | S28: 0.0254 | T28: =P28*N28^3 + Q28*N28^2 + R28*N28 + S28 -> 0.024285185 | U28: =U27 / (1 + T27*(N28-N27)) -> 0.99369007 | V28: {=T27:T66 * U28:U67 * (N28:N67-N27:N66)} -> 0.0063099319 | W28: {=(ROUND(N28:N67*$F$6, 0)=N28:N67*$F$6) * U28:U67} -> 0 | AA28: 0.25 | AB28: 0 | AC28: 0.019437037 | AD28: -0.021866667 | AE28: 0 | AF28: 0.0253 | AG28: =AC28*AA28^3 + AD28*AA28^2 + AE28*AA28 + AF28 -> 0.024237037 | AH28: =AH27 / (1 + AG27*(AA28-AA27)) -> 0.99371475 | AI28: {=AG27:AG66 * AH28:AH67 * (AA28:AA67-AA27:AA66)} -> 0.0062852458 | AJ28: {=(ROUND(AA28:AA67*$F$6, 0)=AA28:AA67*$F$6) * AH28:AH67} -> 0 | AN28: 0.25 | AO28: 0 | AP28: 0.019911111 | AQ28: -0.0224 | AR28: 0 | AS28: 0.0253 | AT28: =AP28*AN28^3 + AQ28*AN28^2 + AR28*AN28 + AS28 -> 0.024211111 | AU28: =AU27 / (1 + AT27*(AN28-AN27)) -> 0.99371475 | AV28: {=AT27:AT66 * AU28:AU67 * (AN28:AN67-AN27:AN66)} -> 0.0062852458 | AW28: {=(ROUND(AN28:AN67*$F$6, 0)=AN28:AN67*$F$6) * AU28:AU67} -> 0 | BA28: 0.25 | BB28: 0 | BC28: 0.019911111 | BD28: -0.0224 | BE28: 0 | BF28: 0.0253 | BG28: =BC28*BA28^3 + BD28*BA28^2 + BE28*BA28 + BF28 -> 0.024211111 | BH28: =BH27 / (1 + BG27*(BA28-BA27)) -> 0.99371475 | BI28: {=BG27:BG66 * BH28:BH67 * (BA28:BA67-BA27:BA66)} -> 0.0062852458 | BJ28: {=(ROUND(BA28:BA67*$F$6, 0)=BA28:BA67*$F$6) * BH28:BH67} -> 0 | BN28: 0.25 | BO28: 0 | BP28: 0.019911111 | BQ28: -0.0224 | BR28: 0 | BS28: 0.0253 | BT28: =BP28*BN28^3 + BQ28*BN28^2 + BR28*BN28 + BS28 -> 0.024211111 | BU28: =BU27 / (1 + BT27*(BN28-BN27)) -> 0.99371475 | BV28: {=BT27:BT66 * BU28:BU67 * (BN28:BN67-BN27:BN66)} -> 0.0062852458 | BW28: {=(ROUND(BN28:BN67*$F$6, 0)=BN28:BN67*$F$6) * BU28:BU67} -> 0 | CA28: 0.25 | CB28: 0 | CC28: 0.019911111 | CD28: -0.0224 | CE28: 0 | CF28: 0.0253 | CG28: =CC28*CA28^3 + CD28*CA28^2 + CE28*CA28 + CF28 -> 0.024211111 | CH28: =CH27 / (1 + CG27*(CA28-CA27)) -> 0.99371475 | CI28: {=CG27:CG66 * CH28:CH67 * (CA28:CA67-CA27:CA66)} -> 0.0062852458 | CJ28: {=(ROUND(CA28:CA67*$F$6, 0)=CA28:CA67*$F$6) * CH28:CH67} -> 0 | CN28: 0.25 | CO28: 0 | CP28: 0.019911111 | CQ28: -0.0224 | CR28: 0 | CS28: 0.0253 | CT28: =CP28*CN28^3 + CQ28*CN28^2 + CR28*CN28 + CS28 -> 0.024211111 | CU28: =CU27 / (1 + CT27*(CN28-CN27)) -> 0.99371475 | CV28: {=CT27:CT66 * CU28:CU67 * (CN28:CN67-CN27:CN66)} -> 0.0062852458 | CW28: {=(ROUND(CN28:CN67*$F$6, 0)=CN28:CN67*$F$6) * CU28:CU67} -> 0 | DA28: 0.25 | DB28: 0 | DC28: 0.019911111 | DD28: -0.0224 | DE28: 0 | DF28: 0.0253 | DG28: =DC28*DA28^3 + DD28*DA28^2 + DE28*DA28 + DF28 -> 0.024211111 | DH28: =DH27 / (1 + DG27*(DA28-DA27)) -> 0.99371475 | DI28: {=DG27:DG66 * DH28:DH67 * (DA28:DA67-DA27:DA66)} -> 0.0062852458 | DJ28: {=(ROUND(DA28:DA67*$F$6, 0)=DA28:DA67*$F$6) * DH28:DH67} -> 0
A29: 0.5 | B29: 0 | C29: 0.019911111 | D29: -0.0224 | E29: 0 | F29: 0.0253 | G29: =C29*A29^3 + D29*A29^2 + E29*A29 + F29 -> 0.022188889 | H29: =H28 / (1 + G28*(A29-A28)) -> 0.98773621 | I29: 0.0059785478 | J29: 0 | N29: 0.5 | O29: 0 | P29: 0.020385185 | Q29: -0.022933333 | R29: 0 | S29: 0.0254 | T29: =P29*N29^3 + Q29*N29^2 + R29*N29 + S29 -> 0.022214815 | U29: =U28 / (1 + T28*(N29-N28)) -> 0.98769349 | V29: 0.0059965798 | W29: 0 | AA29: 0.5 | AB29: 0 | AC29: 0.019437037 | AD29: -0.021866667 | AE29: 0 | AF29: 0.0253 | AG29: =AC29*AA29^3 + AD29*AA29^2 + AE29*AA29 + AF29 -> 0.022262963 | AH29: =AH28 / (1 + AG28*(AA29-AA28)) -> 0.98772984 | AI29: 0.0059849112 | AJ29: 0 | AN29: 0.5 | AO29: 0 | AP29: 0.019911111 | AQ29: -0.0224 | AR29: 0 | AS29: 0.0253 | AT29: =AP29*AN29^3 + AQ29*AN29^2 + AR29*AN29 + AS29 -> 0.022188889 | AU29: =AU28 / (1 + AT28*(AN29-AN28)) -> 0.98773621 | AV29: 0.0059785478 | AW29: 0 | BA29: 0.5 | BB29: 0 | BC29: 0.019911111 | BD29: -0.0224 | BE29: 0 | BF29: 0.0253 | BG29: =BC29*BA29^3 + BD29*BA29^2 + BE29*BA29 + BF29 -> 0.022188889 | BH29: =BH28 / (1 + BG28*(BA29-BA28)) -> 0.98773621 | BI29: 0.0059785478 | BJ29: 0 | BN29: 0.5 | BO29: 0 | BP29: 0.019911111 | BQ29: -0.0224 | BR29: 0 | BS29: 0.0253 | BT29: =BP29*BN29^3 + BQ29*BN29^2 + BR29*BN29 + BS29 -> 0.022188889 | BU29: =BU28 / (1 + BT28*(BN29-BN28)) -> 0.98773621 | BV29: 0.0059785478 | BW29: 0 | CA29: 0.5 | CB29: 0 | CC29: 0.019911111 | CD29: -0.0224 | CE29: 0 | CF29: 0.0253 | CG29: =CC29*CA29^3 + CD29*CA29^2 + CE29*CA29 + CF29 -> 0.022188889 | CH29: =CH28 / (1 + CG28*(CA29-CA28)) -> 0.98773621 | CI29: 0.0059785478 | CJ29: 0 | CN29: 0.5 | CO29: 0 | CP29: 0.019911111 | CQ29: -0.0224 | CR29: 0 | CS29: 0.0253 | CT29: =CP29*CN29^3 + CQ29*CN29^2 + CR29*CN29 + CS29 -> 0.022188889 | CU29: =CU28 / (1 + CT28*(CN29-CN28)) -> 0.98773621 | CV29: 0.0059785478 | CW29: 0 | DA29: 0.5 | DB29: 0 | DC29: 0.019911111 | DD29: -0.0224 | DE29: 0 | DF29: 0.0253 | DG29: =DC29*DA29^3 + DD29*DA29^2 + DE29*DA29 + DF29 -> 0.022188889 | DH29: =DH28 / (1 + DG28*(DA29-DA28)) -> 0.98773621 | DI29: 0.0059785478 | DJ29: 0
A30: 0.75 | B30: 0.75 | C30: -0.0024 | D30: 0.0102 | E30: -0.01125 | F30: 0.0248125 | G30: =C30*A30^3 + D30*A30^2 + E30*A30 + F30 -> 0.0211 | H30: =H29 / (1 + G29*(A30-A29)) -> 0.98228724 | I30: 0.0054489656 | J30: 0 | N30: 0.75 | O30: 0.75 | P30: -0.0024 | Q30: 0.0102 | R30: -0.01125 | S30: 0.0248125 | T30: =P30*N30^3 + Q30*N30^2 + R30*N30 + S30 -> 0.0211 | U30: =U29 / (1 + T29*(N30-N29)) -> 0.98223843 | V30: 0.0054550612 | W30: 0 | AA30: 0.75 | AB30: 0.75 | AC30: -0.00225 | AD30: 0.0096125 | AE30: -0.010621875 | AF30: 0.024708594 | AG30: =AC30*AA30^3 + AD30*AA30^2 + AE30*AA30 + AF30 -> 0.0212 | AH30: =AH29 / (1 + AG29*(AA30-AA29)) -> 0.98226282 | AI30: 0.0054670202 | AJ30: 0 | AN30: 0.75 | AO30: 0.75 | AP30: -0.0026 | AQ30: 0.01095 | AR30: -0.0120375 | AS30: 0.025065625 | AT30: =AP30*AN30^3 + AQ30*AN30^2 + AR30*AN30 + AS30 -> 0.0211 | AU30: =AU29 / (1 + AT29*(AN30-AN29)) -> 0.98228724 | AV30: 0.0054489656 | AW30: 0 | BA30: 0.75 | BB30: 0.75 | BC30: -0.00235 | BD30: 0.0100375 | BE30: -0.011090625 | BF30: 0.024763281 | BG30: =BC30*BA30^3 + BD30*BA30^2 + BE30*BA30 + BF30 -> 0.0211 | BH30: =BH29 / (1 + BG29*(BA30-BA29)) -> 0.98228724 | BI30: 0.0054489656 | BJ30: 0 | BN30: 0.75 | BO30: 0.75 | BP30: -0.0024 | BQ30: 0.0102 | BR30: -0.01125 | BS30: 0.0248125 | BT30: =BP30*BN30^3 + BQ30*BN30^2 + BR30*BN30 + BS30 -> 0.0211 | BU30: =BU29 / (1 + BT29*(BN30-BN29)) -> 0.98228724 | BV30: 0.0054489656 | BW30: 0 | CA30: 0.75 | CB30: 0.75 | CC30: -0.0024 | CD30: 0.0102 | CE30: -0.01125 | CF30: 0.0248125 | CG30: =CC30*CA30^3 + CD30*CA30^2 + CE30*CA30 + CF30 -> 0.0211 | CH30: =CH29 / (1 + CG29*(CA30-CA29)) -> 0.98228724 | CI30: 0.0054489656 | CJ30: 0 | CN30: 0.75 | CO30: 0.75 | CP30: -0.0024 | CQ30: 0.0102 | CR30: -0.01125 | CS30: 0.0248125 | CT30: =CP30*CN30^3 + CQ30*CN30^2 + CR30*CN30 + CS30 -> 0.0211 | CU30: =CU29 / (1 + CT29*(CN30-CN29)) -> 0.98228724 | CV30: 0.0054489656 | CW30: 0 | DA30: 0.75 | DB30: 0.75 | DC30: -0.0024 | DD30: 0.0102 | DE30: -0.01125 | DF30: 0.0248125 | DG30: =DC30*DA30^3 + DD30*DA30^2 + DE30*DA30 + DF30 -> 0.0211 | DH30: =DH29 / (1 + DG29*(DA30-DA29)) -> 0.98228724 | DI30: 0.0054489656 | DJ30: 0
A31: 1 | B31: 0.75 | C31: -0.0024 | D31: 0.0102 | E31: -0.01125 | F31: 0.0248125 | G31: =C31*A31^3 + D31*A31^2 + E31*A31 + F31 -> 0.0213625 | H31: =H30 / (1 + G30*(A31-A30)) -> 0.97713286 | I31: 0.0051543759 | J31: 0.97713286 | N31: 1 | O31: 0.75 | P31: -0.0024 | Q31: 0.0102 | R31: -0.01125 | S31: 0.0248125 | T31: =P31*N31^3 + Q31*N31^2 + R31*N31 + S31 -> 0.0213625 | U31: =U30 / (1 + T30*(N31-N30)) -> 0.97708431 | V31: 0.0051541197 | W31: 0.97708431 | AA31: 1 | AB31: 0.75 | AC31: -0.00225 | AD31: 0.0096125 | AE31: -0.010621875 | AF31: 0.024708594 | AG31: =AC31*AA31^3 + AD31*AA31^2 + AE31*AA31 + AF31 -> 0.021449219 | AH31: =AH30 / (1 + AG30*(AA31-AA30)) -> 0.97708428 | AI31: 0.0051785467 | AJ31: 0.97708428 | AN31: 1 | AO31: 0.75 | AP31: -0.0026 | AQ31: 0.01095 | AR31: -0.0120375 | AS31: 0.025065625 | AT31: =AP31*AN31^3 + AQ31*AN31^2 + AR31*AN31 + AS31 -> 0.021378125 | AU31: =AU30 / (1 + AT30*(AN31-AN30)) -> 0.97713286 | AV31: 0.0051543759 | AW31: 0.97713286 | BA31: 1 | BB31: 0.75 | BC31: -0.00235 | BD31: 0.0100375 | BE31: -0.011090625 | BF31: 0.024763281 | BG31: =BC31*BA31^3 + BD31*BA31^2 + BE31*BA31 + BF31 -> 0.021360156 | BH31: =BH30 / (1 + BG30*(BA31-BA30)) -> 0.97713286 | BI31: 0.0051543759 | BJ31: 0.97713286 | BN31: 1 | BO31: 0.75 | BP31: -0.0024 | BQ31: 0.0102 | BR31: -0.01125 | BS31: 0.0248125 | BT31: =BP31*BN31^3 + BQ31*BN31^2 + BR31*BN31 + BS31 -> 0.0213625 | BU31: =BU30 / (1 + BT30*(BN31-BN30)) -> 0.97713286 | BV31: 0.0051543759 | BW31: 0.97713286 | CA31: 1 | CB31: 0.75 | CC31: -0.0024 | CD31: 0.0102 | CE31: -0.01125 | CF31: 0.0248125 | CG31: =CC31*CA31^3 + CD31*CA31^2 + CE31*CA31 + CF31 -> 0.0213625 | CH31: =CH30 / (1 + CG30*(CA31-CA30)) -> 0.97713286 | CI31: 0.0051543759 | CJ31: 0.97713286 | CN31: 1 | CO31: 0.75 | CP31: -0.0024 | CQ31: 0.0102 | CR31: -0.01125 | CS31: 0.0248125 | CT31: =CP31*CN31^3 + CQ31*CN31^2 + CR31*CN31 + CS31 -> 0.0213625 | CU31: =CU30 / (1 + CT30*(CN31-CN30)) -> 0.97713286 | CV31: 0.0051543759 | CW31: 0.97713286 | DA31: 1 | DB31: 0.75 | DC31: -0.0024 | DD31: 0.0102 | DE31: -0.01125 | DF31: 0.0248125 | DG31: =DC31*DA31^3 + DD31*DA31^2 + DE31*DA31 + DF31 -> 0.0213625 | DH31: =DH30 / (1 + DG30*(DA31-DA30)) -> 0.97713286 | DI31: 0.0051543759 | DJ31: 0.97713286
A32: 1.25 | B32: 0.75 | C32: -0.0024 | D32: 0.0102 | E32: -0.01125 | F32: 0.0248125 | G32: =C32*A32^3 + D32*A32^2 + E32*A32 + F32 -> 0.022 | H32: =H31 / (1 + G31*(A32-A31)) -> 0.97194209 | I32: 0.0051907782 | J32: 0 | N32: 1.25 | O32: 0.75 | P32: -0.0024 | Q32: 0.0102 | R32: -0.01125 | S32: 0.0248125 | T32: =P32*N32^3 + Q32*N32^2 + R32*N32 + S32 -> 0.022 | U32: =U31 / (1 + T31*(N32-N31)) -> 0.97189379 | V32: 0.0051905203 | W32: 0 | AA32: 1.25 | AB32: 0.75 | AC32: -0.00225 | AD32: 0.0096125 | AE32: -0.010621875 | AF32: 0.024708594 | AG32: =AC32*AA32^3 + AD32*AA32^2 + AE32*AA32 + AF32 -> 0.02205625 | AH32: =AH31 / (1 + AG31*(AA32-AA31)) -> 0.9718728 | AI32: 0.0052114781 | AJ32: 0 | AN32: 1.25 | AO32: 0.75 | AP32: -0.0026 | AQ32: 0.01095 | AR32: -0.0120375 | AS32: 0.025065625 | AT32: =AP32*AN32^3 + AQ32*AN32^2 + AR32*AN32 + AS32 -> 0.02205 | AU32: =AU31 / (1 + AT31*(AN32-AN31)) -> 0.97193831 | AV32: 0.0051945547 | AW32: 0 | BA32: 1.25 | BB32: 0.75 | BC32: -0.00235 | BD32: 0.0100375 | BE32: -0.011090625 | BF32: 0.024763281 | BG32: =BC32*BA32^3 + BD32*BA32^2 + BE32*BA32 + BF32 -> 0.02199375 | BH32: =BH31 / (1 + BG31*(BA32-BA31)) -> 0.97194265 | BI32: 0.0051902117 | BJ32: 0 | BN32: 1.25 | BO32: 0.75 | BP32: -0.0024 | BQ32: 0.0102 | BR32: -0.01125 | BS32: 0.0248125 | BT32: =BP32*BN32^3 + BQ32*BN32^2 + BR32*BN32 + BS32 -> 0.022 | BU32: =BU31 / (1 + BT31*(BN32-BN31)) -> 0.97194209 | BV32: 0.0051907782 | BW32: 0 | CA32: 1.25 | CB32: 0.75 | CC32: -0.0024 | CD32: 0.0102 | CE32: -0.01125 | CF32: 0.0248125 | CG32: =CC32*CA32^3 + CD32*CA32^2 + CE32*CA32 + CF32 -> 0.022 | CH32: =CH31 / (1 + CG31*(CA32-CA31)) -> 0.97194209 | CI32: 0.0051907782 | CJ32: 0 | CN32: 1.25 | CO32: 0.75 | CP32: -0.0024 | CQ32: 0.0102 | CR32: -0.01125 | CS32: 0.0248125 | CT32: =CP32*CN32^3 + CQ32*CN32^2 + CR32*CN32 + CS32 -> 0.022 | CU32: =CU31 / (1 + CT31*(CN32-CN31)) -> 0.97194209 | CV32: 0.0051907782 | CW32: 0 | DA32: 1.25 | DB32: 0.75 | DC32: -0.0024 | DD32: 0.0102 | DE32: -0.01125 | DF32: 0.0248125 | DG32: =DC32*DA32^3 + DD32*DA32^2 + DE32*DA32 + DF32 -> 0.022 | DH32: =DH31 / (1 + DG31*(DA32-DA31)) -> 0.97194209 | DI32: 0.0051907782 | DJ32: 0
A33: 1.5 | B33: 0.75 | C33: -0.0024 | D33: 0.0102 | E33: -0.01125 | F33: 0.0248125 | G33: =C33*A33^3 + D33*A33^2 + E33*A33 + F33 -> 0.0227875 | H33: =H32 / (1 + G32*(A33-A32)) -> 0.96662565 | I33: 0.0053164411 | J33: 0 | N33: 1.5 | O33: 0.75 | P33: -0.0024 | Q33: 0.0102 | R33: -0.01125 | S33: 0.0248125 | T33: =P33*N33^3 + Q33*N33^2 + R33*N33 + S33 -> 0.0227875 | U33: =U32 / (1 + T32*(N33-N32)) -> 0.96657761 | V33: 0.0053161769 | W33: 0 | AA33: 1.5 | AB33: 0.75 | AC33: -0.00225 | AD33: 0.0096125 | AE33: -0.010621875 | AF33: 0.024708594 | AG33: =AC33*AA33^3 + AD33*AA33^2 + AE33*AA33 + AF33 -> 0.022810156 | AH33: =AH32 / (1 + AG32*(AA33-AA32)) -> 0.96654322 | AI33: 0.0053295797 | AJ33: 0 | AN33: 1.5 | AO33: 0.75 | AP33: -0.0026 | AQ33: 0.01095 | AR33: -0.0120375 | AS33: 0.025065625 | AT33: =AP33*AN33^3 + AQ33*AN33^2 + AR33*AN33 + AS33 -> 0.022871875 | AU33: =AU32 / (1 + AT32*(AN33-AN32)) -> 0.96660987 | AV33: 0.0053284369 | AW33: 0 | BA33: 1.5 | BB33: 0.75 | BC33: -0.00235 | BD33: 0.0100375 | BE33: -0.011090625 | BF33: 0.024763281 | BG33: =BC33*BA33^3 + BD33*BA33^2 + BE33*BA33 + BF33 -> 0.022780469 | BH33: =BH32 / (1 + BG32*(BA33-BA32)) -> 0.96662771 | BI33: 0.0053149421 | BJ33: 0 | BN33: 1.5 | BO33: 0.75 | BP33: -0.0024 | BQ33: 0.0102 | BR33: -0.01125 | BS33: 0.0248125 | BT33: =BP33*BN33^3 + BQ33*BN33^2 + BR33*BN33 + BS33 -> 0.0227875 | BU33: =BU32 / (1 + BT32*(BN33-BN32)) -> 0.96662565 | BV33: 0.0053164411 | BW33: 0 | CA33: 1.5 | CB33: 0.75 | CC33: -0.0024 | CD33: 0.0102 | CE33: -0.01125 | CF33: 0.0248125 | CG33: =CC33*CA33^3 + CD33*CA33^2 + CE33*CA33 + CF33 -> 0.0227875 | CH33: =CH32 / (1 + CG32*(CA33-CA32)) -> 0.96662565 | CI33: 0.0053164411 | CJ33: 0 | CN33: 1.5 | CO33: 0.75 | CP33: -0.0024 | CQ33: 0.0102 | CR33: -0.01125 | CS33: 0.0248125 | CT33: =CP33*CN33^3 + CQ33*CN33^2 + CR33*CN33 + CS33 -> 0.0227875 | CU33: =CU32 / (1 + CT32*(CN33-CN32)) -> 0.96662565 | CV33: 0.0053164411 | CW33: 0 | DA33: 1.5 | DB33: 0.75 | DC33: -0.0024 | DD33: 0.0102 | DE33: -0.01125 | DF33: 0.0248125 | DG33: =DC33*DA33^3 + DD33*DA33^2 + DE33*DA33 + DF33 -> 0.0227875 | DH33: =DH32 / (1 + DG32*(DA33-DA32)) -> 0.96662565 | DI33: 0.0053164411 | DJ33: 0
A34: 1.75 | B34: 1.75 | C34: -0.00112 | D34: 0.007 | E34: -0.01181 | F34: 0.0287325 | G34: =C34*A34^3 + D34*A34^2 + E34*A34 + F34 -> 0.0235 | H34: =H33 / (1 + G33*(A34-A33)) -> 0.96115009 | I34: 0.0054755519 | J34: 0 | N34: 1.75 | O34: 1.75 | P34: -0.00112 | Q34: 0.007 | R34: -0.01181 | S34: 0.0287325 | T34: =P34*N34^3 + Q34*N34^2 + R34*N34 + S34 -> 0.0235 | U34: =U33 / (1 + T33*(N34-N33)) -> 0.96110233 | V34: 0.0054752798 | W34: 0 | AA34: 1.75 | AB34: 1.75 | AC34: -0.00117 | AD34: 0.0073625 | AE34: -0.012669375 | AF34: 0.029394219 | AG34: =AC34*AA34^3 + AD34*AA34^2 + AE34*AA34 + AF34 -> 0.0235 | AH34: =AH33 / (1 + AG33*(AA34-AA33)) -> 0.96106272 | AI34: 0.0054804977 | AJ34: 0 | AN34: 1.75 | AO34: 1.75 | AP34: -0.00097 | AQ34: 0.0059625 | AR34: -0.009556875 | AS34: 0.027262969 | AT34: =AP34*AN34^3 + AQ34*AN34^2 + AR34*AN34 + AS34 -> 0.0236 | AU34: =AU33 / (1 + AT33*(AN34-AN33)) -> 0.96111425 | AV34: 0.0054956213 | AW34: 0 | BA34: 1.75 | BB34: 1.75 | BC34: -0.00127 | BD34: 0.0079875 | BE34: -0.013838125 | BF34: 0.030061406 | BG34: =BC34*BA34^3 + BD34*BA34^2 + BE34*BA34 + BF34 -> 0.0235 | BH34: =BH33 / (1 + BG33*(BA34-BA33)) -> 0.96115383 | BI34: 0.0054738837 | BJ34: 0 | BN34: 1.75 | BO34: 1.75 | BP34: -0.00107 | BQ34: 0.0066875 | BR34: -0.011175625 | BS34: 0.028311406 | BT34: =BP34*BN34^3 + BQ34*BN34^2 + BR34*BN34 + BS34 -> 0.0235 | BU34: =BU33 / (1 + BT33*(BN34-BN33)) -> 0.96115009 | BV34: 0.0054755519 | BW34: 0 | CA34: 1.75 | CB34: 1.75 | CC34: -0.00112 | CD34: 0.007 | CE34: -0.01181 | CF34: 0.0287325 | CG34: =CC34*CA34^3 + CD34*CA34^2 + CE34*CA34 + CF34 -> 0.0235 | CH34: =CH33 / (1 + CG33*(CA34-CA33)) -> 0.96115009 | CI34: 0.0054755519 | CJ34: 0 | CN34: 1.75 | CO34: 1.75 | CP34: -0.00112 | CQ34: 0.007 | CR34: -0.01181 | CS34: 0.0287325 | CT34: =CP34*CN34^3 + CQ34*CN34^2 + CR34*CN34 + CS34 -> 0.0235 | CU34: =CU33 / (1 + CT33*(CN34-CN33)) -> 0.96115009 | CV34: 0.0054755519 | CW34: 0 | DA34: 1.75 | DB34: 1.75 | DC34: -0.00112 | DD34: 0.007 | DE34: -0.01181 | DF34: 0.0287325 | DG34: =DC34*DA34^3 + DD34*DA34^2 + DE34*DA34 + DF34 -> 0.0235 | DH34: =DH33 / (1 + DG33*(DA34-DA33)) -> 0.96115009 | DI34: 0.0054755519 | DJ34: 0
A35: 2 | B35: 1.75 | C35: -0.00112 | D35: 0.007 | E35: -0.01181 | F35: 0.0287325 | G35: =C35*A35^3 + D35*A35^2 + E35*A35 + F35 -> 0.0241525 | H35: =H34 / (1 + G34*(A35-A34)) -> 0.95553632 | I35: 0.0056137759 | J35: 0.95553632 | N35: 2 | O35: 1.75 | P35: -0.00112 | Q35: 0.007 | R35: -0.01181 | S35: 0.0287325 | T35: =P35*N35^3 + Q35*N35^2 + R35*N35 + S35 -> 0.0241525 | U35: =U34 / (1 + T34*(N35-N34)) -> 0.95548883 | V35: 0.0056134969 | W35: 0.95548883 | AA35: 2 | AB35: 1.75 | AC35: -0.00117 | AD35: 0.0073625 | AE35: -0.012669375 | AF35: 0.029394219 | AG35: =AC35*AA35^3 + AD35*AA35^2 + AE35*AA35 + AF35 -> 0.024145469 | AH35: =AH34 / (1 + AG34*(AA35-AA34)) -> 0.95544946 | AI35: 0.0056132655 | AJ35: 0.95544946 | AN35: 2 | AO35: 1.75 | AP35: -0.00097 | AQ35: 0.0059625 | AR35: -0.009556875 | AS35: 0.027262969 | AT35: =AP35*AN35^3 + AQ35*AN35^2 + AR35*AN35 + AS35 -> 0.024239219 | AU35: =AU34 / (1 + AT34*(AN35-AN34)) -> 0.95547694 | AV35: 0.0056373139 | AW35: 0.95547694 | BA35: 2 | BB35: 1.75 | BC35: -0.00127 | BD35: 0.0079875 | BE35: -0.013838125 | BF35: 0.030061406 | BG35: =BC35*BA35^3 + BD35*BA35^2 + BE35*BA35 + BF35 -> 0.024175156 | BH35: =BH34 / (1 + BG34*(BA35-BA34)) -> 0.95554003 | BI35: 0.0056137977 | BJ35: 0.95554003 | BN35: 2 | BO35: 1.75 | BP35: -0.00107 | BQ35: 0.0066875 | BR35: -0.011175625 | BS35: 0.028311406 | BT35: =BP35*BN35^3 + BQ35*BN35^2 + BR35*BN35 + BS35 -> 0.024150156 | BU35: =BU34 / (1 + BT34*(BN35-BN34)) -> 0.95553632 | BV35: 0.0056137759 | BW35: 0.95553632 | CA35: 2 | CB35: 1.75 | CC35: -0.00112 | CD35: 0.007 | CE35: -0.01181 | CF35: 0.0287325 | CG35: =CC35*CA35^3 + CD35*CA35^2 + CE35*CA35 + CF35 -> 0.0241525 | CH35: =CH34 / (1 + CG34*(CA35-CA34)) -> 0.95553632 | CI35: 0.0056137759 | CJ35: 0.95553632 | CN35: 2 | CO35: 1.75 | CP35: -0.00112 | CQ35: 0.007 | CR35: -0.01181 | CS35: 0.0287325 | CT35: =CP35*CN35^3 + CQ35*CN35^2 + CR35*CN35 + CS35 -> 0.0241525 | CU35: =CU34 / (1 + CT34*(CN35-CN34)) -> 0.95553632 | CV35: 0.0056137759 | CW35: 0.95553632 | DA35: 2 | DB35: 1.75 | DC35: -0.00112 | DD35: 0.007 | DE35: -0.01181 | DF35: 0.0287325 | DG35: =DC35*DA35^3 + DD35*DA35^2 + DE35*DA35 + DF35 -> 0.0241525 | DH35: =DH34 / (1 + DG34*(DA35-DA34)) -> 0.95553632 | DI35: 0.0056137759 | DJ35: 0.95553632
A36: 2.25 | B36: 1.75 | C36: -0.00112 | D36: 0.007 | E36: -0.01181 | F36: 0.0287325 | G36: =C36*A36^3 + D36*A36^2 + E36*A36 + F36 -> 0.02484 | H36: =H35 / (1 + G35*(A36-A35)) -> 0.9498013 | I36: 0.005735019 | J36: 0 | N36: 2.25 | O36: 1.75 | P36: -0.00112 | Q36: 0.007 | R36: -0.01181 | S36: 0.0287325 | T36: =P36*N36^3 + Q36*N36^2 + R36*N36 + S36 -> 0.02484 | U36: =U35 / (1 + T35*(N36-N35)) -> 0.9497541 | V36: 0.005734734 | W36: 0 | AA36: 2.25 | AB36: 1.75 | AC36: -0.00117 | AD36: 0.0073625 | AE36: -0.012669375 | AF36: 0.029394219 | AG36: =AC36*AA36^3 + AD36*AA36^2 + AE36*AA36 + AF36 -> 0.02483375 | AH36: =AH35 / (1 + AG35*(AA36-AA35)) -> 0.94971662 | AI36: 0.0057328382 | AJ36: 0 | AN36: 2.25 | AO36: 1.75 | AP36: -0.00097 | AQ36: 0.0059625 | AR36: -0.009556875 | AS36: 0.027262969 | AT36: =AP36*AN36^3 + AQ36*AN36^2 + AR36*AN36 + AS36 -> 0.02489625 | AU36: =AU35 / (1 + AT35*(AN36-AN35)) -> 0.94972181 | AV36: 0.0057551287 | AW36: 0 | BA36: 2.25 | BB36: 1.75 | BC36: -0.00127 | BD36: 0.0079875 | BE36: -0.013838125 | BF36: 0.030061406 | BG36: =BC36*BA36^3 + BD36*BA36^2 + BE36*BA36 + BF36 -> 0.02489625 | BH36: =BH35 / (1 + BG35*(BA36-BA35)) -> 0.94979964 | BI36: 0.0057403887 | BJ36: 0 | BN36: 2.25 | BO36: 1.75 | BP36: -0.00107 | BQ36: 0.0066875 | BR36: -0.011175625 | BS36: 0.028311406 | BT36: =BP36*BN36^3 + BQ36*BN36^2 + BR36*BN36 + BS36 -> 0.02483375 | BU36: =BU35 / (1 + BT35*(BN36-BN35)) -> 0.94980185 | BV36: 0.0057344658 | BW36: 0 | CA36: 2.25 | CB36: 1.75 | CC36: -0.00112 | CD36: 0.007 | CE36: -0.01181 | CF36: 0.0287325 | CG36: =CC36*CA36^3 + CD36*CA36^2 + CE36*CA36 + CF36 -> 0.02484 | CH36: =CH35 / (1 + CG35*(CA36-CA35)) -> 0.9498013 | CI36: 0.005735019 | CJ36: 0 | CN36: 2.25 | CO36: 1.75 | CP36: -0.00112 | CQ36: 0.007 | CR36: -0.01181 | CS36: 0.0287325 | CT36: =CP36*CN36^3 + CQ36*CN36^2 + CR36*CN36 + CS36 -> 0.02484 | CU36: =CU35 / (1 + CT35*(CN36-CN35)) -> 0.9498013 | CV36: 0.005735019 | CW36: 0 | DA36: 2.25 | DB36: 1.75 | DC36: -0.00112 | DD36: 0.007 | DE36: -0.01181 | DF36: 0.0287325 | DG36: =DC36*DA36^3 + DD36*DA36^2 + DE36*DA36 + DF36 -> 0.02484 | DH36: =DH35 / (1 + DG35*(DA36-DA35)) -> 0.9498013 | DI36: 0.005735019 | DJ36: 0
A37: 2.5 | B37: 1.75 | C37: -0.00112 | D37: 0.007 | E37: -0.01181 | F37: 0.0287325 | G37: =C37*A37^3 + D37*A37^2 + E37*A37 + F37 -> 0.0254575 | H37: =H36 / (1 + G36*(A37-A36)) -> 0.94393944 | I37: 0.0058618639 | J37: 0 | N37: 2.5 | O37: 1.75 | P37: -0.00112 | Q37: 0.007 | R37: -0.01181 | S37: 0.0287325 | T37: =P37*N37^3 + Q37*N37^2 + R37*N37 + S37 -> 0.0254575 | U37: =U36 / (1 + T36*(N37-N36)) -> 0.94389253 | V37: 0.0058615726 | W37: 0 | AA37: 2.5 | AB37: 1.75 | AC37: -0.00117 | AD37: 0.0073625 | AE37: -0.012669375 | AF37: 0.029394219 | AG37: =AC37*AA37^3 + AD37*AA37^2 + AE37*AA37 + AF37 -> 0.025455156 | AH37: =AH36 / (1 + AG36*(AA37-AA36)) -> 0.94385674 | AI37: 0.0058598756 | AJ37: 0 | AN37: 2.5 | AO37: 1.75 | AP37: -0.00097 | AQ37: 0.0059625 | AR37: -0.009556875 | AS37: 0.027262969 | AT37: =AP37*AN37^3 + AQ37*AN37^2 + AR37*AN37 + AS37 -> 0.025480156 | AU37: =AU36 / (1 + AT36*(AN37-AN36)) -> 0.94384725 | AV37: 0.0058745642 | AW37: 0 | BA37: 2.5 | BB37: 1.75 | BC37: -0.00127 | BD37: 0.0079875 | BE37: -0.013838125 | BF37: 0.030061406 | BG37: =BC37*BA37^3 + BD37*BA37^2 + BE37*BA37 + BF37 -> 0.025544219 | BH37: =BH36 / (1 + BG36*(BA37-BA36)) -> 0.9439246 | BI37: 0.0058750457 | BJ37: 0 | BN37: 2.5 | BO37: 1.75 | BP37: -0.00107 | BQ37: 0.0066875 | BR37: -0.011175625 | BS37: 0.028311406 | BT37: =BP37*BN37^3 + BQ37*BN37^2 + BR37*BN37 + BS37 -> 0.025450469 | BU37: =BU36 / (1 + BT36*(BN37-BN36)) -> 0.94394145 | BV37: 0.0058604015 | BW37: 0 | CA37: 2.5 | CB37: 1.75 | CC37: -0.00112 | CD37: 0.007 | CE37: -0.01181 | CF37: 0.0287325 | CG37: =CC37*CA37^3 + CD37*CA37^2 + CE37*CA37 + CF37 -> 0.0254575 | CH37: =CH36 / (1 + CG36*(CA37-CA36)) -> 0.94393944 | CI37: 0.0058618639 | CJ37: 0 | CN37: 2.5 | CO37: 1.75 | CP37: -0.00112 | CQ37: 0.007 | CR37: -0.01181 | CS37: 0.0287325 | CT37: =CP37*CN37^3 + CQ37*CN37^2 + CR37*CN37 + CS37 -> 0.0254575 | CU37: =CU36 / (1 + CT36*(CN37-CN36)) -> 0.94393944 | CV37: 0.0058618639 | CW37: 0 | DA37: 2.5 | DB37: 1.75 | DC37: -0.00112 | DD37: 0.007 | DE37: -0.01181 | DF37: 0.0287325 | DG37: =DC37*DA37^3 + DD37*DA37^2 + DE37*DA37 + DF37 -> 0.0254575 | DH37: =DH36 / (1 + DG36*(DA37-DA36)) -> 0.94393944 | DI37: 0.0058618639 | DJ37: 0
A38: 2.75 | B38: 2.75 | C38: 0.001952 | D38: -0.019176 | E38: 0.062462 | F38: -0.0414475 | G38: =C38*A38^3 + D38*A38^2 + E38*A38 + F38 -> 0.0259 | H38: =H37 / (1 + G37*(A38-A37)) -> 0.93796984 | I38: 0.0059695918 | J38: 0 | N38: 2.75 | O38: 2.75 | P38: 0.001952 | Q38: -0.019176 | R38: 0.062462 | S38: -0.0414475 | T38: =P38*N38^3 + Q38*N38^2 + R38*N38 + S38 -> 0.0259 | U38: =U37 / (1 + T37*(N38-N37)) -> 0.93792323 | V38: 0.0059692952 | W38: 0 | AA38: 2.75 | AB38: 2.75 | AC38: 0.001952 | AD38: -0.019176 | AE38: 0.062462 | AF38: -0.0414475 | AG38: =AC38*AA38^3 + AD38*AA38^2 + AE38*AA38 + AF38 -> 0.0259 | AH38: =AH37 / (1 + AG37*(AA38-AA37)) -> 0.93788822 | AI38: 0.0059685228 | AJ38: 0 | AN38: 2.75 | AO38: 2.75 | AP38: 0.001902 | AQ38: -0.0186635 | AR38: 0.060727625 | AS38: -0.039513906 | AT38: =AP38*AN38^3 + AQ38*AN38^2 + AR38*AN38 + AS38 -> 0.0259 | AU38: =AU37 / (1 + AT37*(AN38-AN37)) -> 0.93787296 | AV38: 0.0059742874 | AW38: 0 | BA38: 2.75 | BB38: 2.75 | BC38: 0.002102 | BD38: -0.0206635 | BE38: 0.067240125 | BF38: -0.046357656 | BG38: =BC38*BA38^3 + BD38*BA38^2 + BE38*BA38 + BF38 -> 0.026 | BH38: =BH37 / (1 + BG37*(BA38-BA37)) -> 0.93793489 | BI38: 0.0059897035 | BJ38: 0 | BN38: 2.75 | BO38: 2.75 | BP38: 0.001802 | BQ38: -0.0177385 | BR38: 0.058008875 | BS38: -0.036952969 | BT38: =BP38*BN38^3 + BQ38*BN38^2 + BR38*BN38 + BS38 -> 0.0259 | BU38: =BU37 / (1 + BT37*(BN38-BN37)) -> 0.93797348 | BV38: 0.0059679662 | BW38: 0 | CA38: 2.75 | CB38: 2.75 | CC38: 0.002002 | CD38: -0.0196385 | CE38: 0.063871375 | CF38: -0.042865469 | CG38: =CC38*CA38^3 + CD38*CA38^2 + CE38*CA38 + CF38 -> 0.0259 | CH38: =CH37 / (1 + CG37*(CA38-CA37)) -> 0.93796984 | CI38: 0.0059695918 | CJ38: 0 | CN38: 2.75 | CO38: 2.75 | CP38: 0.001952 | CQ38: -0.019176 | CR38: 0.062462 | CS38: -0.0414475 | CT38: =CP38*CN38^3 + CQ38*CN38^2 + CR38*CN38 + CS38 -> 0.0259 | CU38: =CU37 / (1 + CT37*(CN38-CN37)) -> 0.93796984 | CV38: 0.0059695918 | CW38: 0 | DA38: 2.75 | DB38: 2.75 | DC38: 0.001952 | DD38: -0.019176 | DE38: 0.062462 | DF38: -0.0414475 | DG38: =DC38*DA38^3 + DD38*DA38^2 + DE38*DA38 + DF38 -> 0.0259 | DH38: =DH37 / (1 + DG37*(DA38-DA37)) -> 0.93796984 | DI38: 0.0059695918 | DJ38: 0
A39: 3 | B39: 2.75 | C39: 0.001952 | D39: -0.019176 | E39: 0.062462 | F39: -0.0414475 | G39: =C39*A39^3 + D39*A39^2 + E39*A39 + F39 -> 0.0260585 | H39: =H38 / (1 + G38*(A39-A38)) -> 0.93193556 | I39: 0.0060342828 | J39: 0.93193556 | N39: 3 | O39: 2.75 | P39: 0.001952 | Q39: -0.019176 | R39: 0.062462 | S39: -0.0414475 | T39: =P39*N39^3 + Q39*N39^2 + R39*N39 + S39 -> 0.0260585 | U39: =U38 / (1 + T38*(N39-N38)) -> 0.93188925 | V39: 0.0060339829 | W39: 0.93188925 | AA39: 3 | AB39: 2.75 | AC39: 0.001952 | AD39: -0.019176 | AE39: 0.062462 | AF39: -0.0414475 | AG39: =AC39*AA39^3 + AD39*AA39^2 + AE39*AA39 + AF39 -> 0.0260585 | AH39: =AH38 / (1 + AG38*(AA39-AA38)) -> 0.93185446 | AI39: 0.0060337576 | AJ39: 0.93185446 | AN39: 3 | AO39: 2.75 | AP39: 0.001902 | AQ39: -0.0186635 | AR39: 0.060727625 | AS39: -0.039513906 | AT39: =AP39*AN39^3 + AQ39*AN39^2 + AR39*AN39 + AS39 -> 0.026051469 | AU39: =AU38 / (1 + AT38*(AN39-AN38)) -> 0.9318393 | AV39: 0.0060336595 | AW39: 0.9318393 | BA39: 3 | BB39: 2.75 | BC39: 0.002102 | BD39: -0.0206635 | BE39: 0.067240125 | BF39: -0.046357656 | BG39: =BC39*BA39^3 + BD39*BA39^2 + BE39*BA39 + BF39 -> 0.026145219 | BH39: =BH38 / (1 + BG38*(BA39-BA38)) -> 0.93187769 | BI39: 0.006057205 | BJ39: 0.93187769 | BN39: 3 | BO39: 2.75 | BP39: 0.001802 | BQ39: -0.0177385 | BR39: 0.058008875 | BS39: -0.036952969 | BT39: =BP39*BN39^3 + BQ39*BN39^2 + BR39*BN39 + BS39 -> 0.026081156 | BU39: =BU38 / (1 + BT38*(BN39-BN38)) -> 0.93193918 | BV39: 0.0060343062 | BW39: 0.93193918 | CA39: 3 | CB39: 2.75 | CC39: 0.002002 | CD39: -0.0196385 | CE39: 0.063871375 | CF39: -0.042865469 | CG39: =CC39*CA39^3 + CD39*CA39^2 + CE39*CA39 + CF39 -> 0.026056156 | CH39: =CH38 / (1 + CG38*(CA39-CA38)) -> 0.93193556 | CI39: 0.0060342828 | CJ39: 0.93193556 | CN39: 3 | CO39: 2.75 | CP39: 0.001952 | CQ39: -0.019176 | CR39: 0.062462 | CS39: -0.0414475 | CT39: =CP39*CN39^3 + CQ39*CN39^2 + CR39*CN39 + CS39 -> 0.0260585 | CU39: =CU38 / (1 + CT38*(CN39-CN38)) -> 0.93193556 | CV39: 0.0060342828 | CW39: 0.93193556 | DA39: 3 | DB39: 2.75 | DC39: 0.001952 | DD39: -0.019176 | DE39: 0.062462 | DF39: -0.0414475 | DG39: =DC39*DA39^3 + DD39*DA39^2 + DE39*DA39 + DF39 -> 0.0260585 | DH39: =DH38 / (1 + DG38*(DA39-DA38)) -> 0.93193556 | DI39: 0.0060342828 | DJ39: 0.93193556
A40: 3.25 | B40: 2.75 | C40: 0.001952 | D40: -0.019176 | E40: 0.062462 | F40: -0.0414475 | G40: =C40*A40^3 + D40*A40^2 + E40*A40 + F40 -> 0.026016 | H40: =H39 / (1 + G39*(A40-A39)) -> 0.92590365 | I40: 0.006031915 | J40: 0 | N40: 3.25 | O40: 2.75 | P40: 0.001952 | Q40: -0.019176 | R40: 0.062462 | S40: -0.0414475 | T40: =P40*N40^3 + Q40*N40^2 + R40*N40 + S40 -> 0.026016 | U40: =U39 / (1 + T39*(N40-N39)) -> 0.92585763 | V40: 0.0060316153 | W40: 0 | AA40: 3.25 | AB40: 2.75 | AC40: 0.001952 | AD40: -0.019176 | AE40: 0.062462 | AF40: -0.0414475 | AG40: =AC40*AA40^3 + AD40*AA40^2 + AE40*AA40 + AF40 -> 0.026016 | AH40: =AH39 / (1 + AG39*(AA40-AA39)) -> 0.92582307 | AI40: 0.0060313901 | AJ40: 0 | AN40: 3.25 | AO40: 2.75 | AP40: 0.001902 | AQ40: -0.0186635 | AR40: 0.060727625 | AS40: -0.039513906 | AT40: =AP40*AN40^3 + AQ40*AN40^2 + AR40*AN40 + AS40 -> 0.02600975 | AU40: =AU39 / (1 + AT39*(AN40-AN39)) -> 0.92580962 | AV40: 0.0060296751 | AW40: 0 | BA40: 3.25 | BB40: 2.75 | BC40: 0.002102 | BD40: -0.0206635 | BE40: 0.067240125 | BF40: -0.046357656 | BG40: =BC40*BA40^3 + BD40*BA40^2 + BE40*BA40 + BF40 -> 0.02607225 | BH40: =BH39 / (1 + BG39*(BA40-BA39)) -> 0.9258262 | BI40: 0.0060514822 | BJ40: 0 | BN40: 3.25 | BO40: 2.75 | BP40: 0.001802 | BQ40: -0.0177385 | BR40: 0.058008875 | BS40: -0.036952969 | BT40: =BP40*BN40^3 + BQ40*BN40^2 + BR40*BN40 + BS40 -> 0.02607225 | BU40: =BU39 / (1 + BT39*(BN40-BN39)) -> 0.92590203 | BV40: 0.0060371489 | BW40: 0 | CA40: 3.25 | CB40: 2.75 | CC40: 0.002002 | CD40: -0.0196385 | CE40: 0.063871375 | CF40: -0.042865469 | CG40: =CC40*CA40^3 + CD40*CA40^2 + CE40*CA40 + CF40 -> 0.02600975 | CH40: =CH39 / (1 + CG39*(CA40-CA39)) -> 0.92590418 | CI40: 0.006031376 | CJ40: 0 | CN40: 3.25 | CO40: 2.75 | CP40: 0.001952 | CQ40: -0.019176 | CR40: 0.062462 | CS40: -0.0414475 | CT40: =CP40*CN40^3 + CQ40*CN40^2 + CR40*CN40 + CS40 -> 0.026016 | CU40: =CU39 / (1 + CT39*(CN40-CN39)) -> 0.92590365 | CV40: 0.006031915 | CW40: 0 | DA40: 3.25 | DB40: 2.75 | DC40: 0.001952 | DD40: -0.019176 | DE40: 0.062462 | DF40: -0.0414475 | DG40: =DC40*DA40^3 + DD40*DA40^2 + DE40*DA40 + DF40 -> 0.026016 | DH40: =DH39 / (1 + DG39*(DA40-DA39)) -> 0.92590365 | DI40: 0.006031915 | DJ40: 0
... A66: 9.75 | B66: 9.75 | C66: 6.4169755e-08 | D66: -1.3459606e-05 | E66: 0.00076682857 | F66: 0.024880782 | G66: =C66*A66^3 + D66*A66^2 + E66*A66 + F66 -> 0.031137333 | H66: =H65 / (1 + G65*(A66-A65)) -> 0.7707339 | I66: 0.0059686356 | J66: 0 | N66: 9.75 | O66: 9.75 | P66: 6.4169755e-08 | Q66: -1.3459606e-05 | R66: 0.00076682857 | S66: 0.024880782 | T66: =P66*N66^3 + Q66*N66^2 + R66*N66 + S66 -> 0.031137333 | U66: =U65 / (1 + T65*(N66-N65)) -> 0.7706956 | V66: 0.005968339 | W66: 0 | AA66: 9.75 | AB66: 9.75 | AC66: 6.4169755e-08 | AD66: -1.3459606e-05 | AE66: 0.00076682857 | AF66: 0.024880782 | AG66: =AC66*AA66^3 + AD66*AA66^2 + AE66*AA66 + AF66 -> 0.031137333 | AH66: =AH65 / (1 + AG65*(AA66-AA65)) -> 0.77066683 | AI66: 0.0059681162 | AJ66: 0 | AN66: 9.75 | AO66: 9.75 | AP66: 6.4169755e-08 | AQ66: -1.3459606e-05 | AR66: 0.00076682857 | AS66: 0.024880782 | AT66: =AP66*AN66^3 + AQ66*AN66^2 + AR66*AN66 + AS66 -> 0.031137333 | AU66: =AU65 / (1 + AT65*(AN66-AN65)) -> 0.77065728 | AV66: 0.0059680422 | AW66: 0 | BA66: 9.75 | BB66: 9.75 | BC66: 6.4169755e-08 | BD66: -1.3459606e-05 | BE66: 0.00076682857 | BF66: 0.024880782 | BG66: =BC66*BA66^3 + BD66*BA66^2 + BE66*BA66 + BF66 -> 0.031137333 | BH66: =BH65 / (1 + BG65*(BA66-BA65)) -> 0.77065732 | BI66: 0.0059680426 | BJ66: 0 | BN66: 9.75 | BO66: 9.75 | BP66: 6.4169755e-08 | BQ66: -1.3459606e-05 | BR66: 0.00076682857 | BS66: 0.024880782 | BT66: =BP66*BN66^3 + BQ66*BN66^2 + BR66*BN66 + BS66 -> 0.031137333 | BU66: =BU65 / (1 + BT65*(BN66-BN65)) -> 0.7706669 | BV66: 0.0059681167 | BW66: 0 | CA66: 9.75 | CB66: 9.75 | CC66: 6.4169755e-08 | CD66: -1.3459606e-05 | CE66: 0.00076682857 | CF66: 0.024880782 | CG66: =CC66*CA66^3 + CD66*CA66^2 + CE66*CA66 + CF66 -> 0.031137333 | CH66: =CH65 / (1 + CG65*(CA66-CA65)) -> 0.77062228 | CI66: 0.0059676792 | CJ66: 0 | CN66: 9.75 | CO66: 9.75 | CP66: 6.2123526e-08 | CQ66: -1.303041e-05 | CR66: 0.00074237613 | CS66: 0.02508029 | CT66: =CP66*CN66^3 + CQ66*CN66^2 + CR66*CN66 + CS66 -> 0.031137333 | CU66: =CU65 / (1 + CT65*(CN66-CN65)) -> 0.77052567 | CV66: 0.0059681072 | CW66: 0 | DA66: 9.75 | DB66: 9.75 | DC66: 6.6215985e-08 | DD66: -1.3888803e-05 | DE66: 0.00079128102 | DF66: 0.024781275 | DG66: =DC66*DA66^3 + DD66*DA66^2 + DE66*DA66 + DF66 -> 0.031237333 | DH66: =DH65 / (1 + DG65*(DA66-DA65)) -> 0.77063291 | DI66: 0.005986127 | DJ66: 0
A67: 10 | B67: 9.75 | C67: 6.4169755e-08 | D67: -1.3459606e-05 | E67: 0.00076682857 | F67: 0.024880782 | H67: =H66 / (1 + G66*(A67-A66)) -> 0.76478059 | I67: 0.0059533071 | J67: 0.76478059 | N67: 10 | O67: 9.75 | P67: 6.4169755e-08 | Q67: -1.3459606e-05 | R67: 0.00076682857 | S67: 0.024880782 | U67: =U66 / (1 + T66*(N67-N66)) -> 0.76474259 | V67: 0.0059530112 | W67: 0.76474259 | AA67: 10 | AB67: 9.75 | AC67: 6.4169755e-08 | AD67: -1.3459606e-05 | AE67: 0.00076682857 | AF67: 0.024880782 | AH67: =AH66 / (1 + AG66*(AA67-AA66)) -> 0.76471404 | AI67: 0.005952789 | AJ67: 0.76471404 | AN67: 10 | AO67: 9.75 | AP67: 6.4169755e-08 | AQ67: -1.3459606e-05 | AR67: 0.00076682857 | AS67: 0.024880782 | AU67: =AU66 / (1 + AT66*(AN67-AN66)) -> 0.76470456 | AV67: 0.0059527152 | AW67: 0.76470456 | BA67: 10 | BB67: 9.75 | BC67: 6.4169755e-08 | BD67: -1.3459606e-05 | BE67: 0.00076682857 | BF67: 0.024880782 | BH67: =BH66 / (1 + BG66*(BA67-BA66)) -> 0.76470461 | BI67: 0.0059527156 | BJ67: 0.76470461 | BN67: 10 | BO67: 9.75 | BP67: 6.4169755e-08 | BQ67: -1.3459606e-05 | BR67: 0.00076682857 | BS67: 0.024880782 | BU67: =BU66 / (1 + BT66*(BN67-BN66)) -> 0.76471411 | BV67: 0.0059527895 | BW67: 0.76471411 | CA67: 10 | CB67: 9.75 | CC67: 6.4169755e-08 | CD67: -1.3459606e-05 | CE67: 0.00076682857 | CF67: 0.024880782 | CH67: =CH66 / (1 + CG66*(CA67-CA66)) -> 0.76466984 | CI67: 0.0059524449 | CJ67: 0.76466984 | CN67: 10 | CO67: 9.75 | CP67: 6.2123526e-08 | CQ67: -1.303041e-05 | CR67: 0.00074237613 | CS67: 0.02508029 | CU67: =CU66 / (1 + CT66*(CN67-CN66)) -> 0.76457398 | CV67: 0.0059516987 | CW67: 0.76457398 | DA67: 10 | DB67: 9.75 | DC67: 6.6215985e-08 | DD67: -1.3888803e-05 | DE67: 0.00079128102 | DF67: 0.024781275 | DH67: =DH66 / (1 + DG66*(DA67-DA66)) -> 0.76466141 | DI67: 0.0059714959 | DJ67: 0.76466141
A69: 1*. Improve the initial guess using the inverse Jacobian Matrix
F70: Bump
A71: Current Guess | F71: =M13 -> 0.0001 | G71: =Z13 -> 0.0001 | H71: =AM13 -> 0.0001 | I71: =AZ13 -> 0.0001 | J71: =BM13 -> 0.0001 | K71: =BZ13 -> 0.0001 | L71: =CM13 -> 0.0001 | M71: =CZ13 -> 0.0001 | AG71: Improved Guess
A72: Years | B72: Euribor | C72: Swap | D72: Swap Rate | F72: Swaps prices following the bump | O72: Jacobian | X72: Inverse Jacobian | AG72: Years | AH72: Euribor
A73: =A14 -> 0 | B73: =B14 -> 0.0253 | C73: =A2 -> 3M Fixing | D73: {=TRANSPOSE(A24:H24)} -> 0.0253 | F73: {=TRANSPOSE(N24:U24)} -> 0.0254 | G73: {=TRANSPOSE(AA24:AH24)} -> 0.0253 | H73: {=TRANSPOSE(AN24:AU24)} -> 0.0253 | I73: {=TRANSPOSE(BA24:BH24)} -> 0.0253 | J73: {=TRANSPOSE(BN24:BU24)} -> 0.0253 | K73: {=TRANSPOSE(CA24:CH24)} -> 0.0253 | L73: {=TRANSPOSE(CN24:CU24)} -> 0.0253 | M73: {=TRANSPOSE(DA24:DH24)} -> 0.0253 | O73: {=(F73:F80-$D73:$D80)/F71} -> 1 | P73: {=(G73:G80-$D73:$D80)/G71} -> 0 | Q73: {=(H73:H80-$D73:$D80)/H71} -> 0 | R73: {=(I73:I80-$D73:$D80)/I71} -> 0 | S73: {=(J73:J80-$D73:$D80)/J71} -> 0 | T73: {=(K73:K80-$D73:$D80)/K71} -> 0 | U73: {=(L73:L80-$D73:$D80)/L71} -> 0 | V73: {=(M73:M80-$D73:$D80)/M71} -> 0 | X73: {=MINVERSE(O73:V80)} -> 1 | Y73: 0 | Z73: 0 | AA73: 0 | AB73: 0 | AC73: 0 | AD73: 0 | AE73: 0 | AG73: =A73 -> 0 | AH73: {=B73:B80 - MMULT(X73:AE80, D73:D80-B2:B9)} -> 0.0253
A74: =A15 -> 0.75 | B74: =B15 -> 0.0211 | C74: =A3 -> 1Y Swap | D74: 0.023402278 | F74: 0.023453138 | G74: 0.02345317 | H74: 0.023402278 | I74: 0.023402278 | J74: 0.023402278 | K74: 0.023402278 | L74: 0.023402278 | M74: 0.023402278 | O74: 0.50859445 | P74: 0.50892157 | Q74: 0 | R74: 0 | S74: 0 | T74: 0 | U74: 0 | V74: 0 | X74: -0.99935722 | Y74: 1.9649393 | Z74: 0 | AA74: 0 | AB74: 0 | AC74: 0 | AD74: 0 | AE74: 0 | AG74: =A74 -> 0.75 | AH74: 0.020702536
A75: =A16 -> 1.75 | B75: =B16 -> 0.0235 | C75: =A4 -> 2Y Swap | D75: 0.02300636 | F75: 0.023032073 | G75: 0.02305292 | H75: 0.023037792 | I75: 0.023004395 | J75: 0.02300636 | K75: 0.02300636 | L75: 0.02300636 | M75: 0.02300636 | O75: 0.25713886 | P75: 0.46560145 | Q75: 0.31432024 | R75: -0.019648001 | S75: 0 | T75: 0 | U75: 0 | V75: 0 | X75: 0.6349315 | Y75: -2.7989089 | Z75: 2.8880463 | AA75: 0.24943956 | AB75: 0.019075917 | AC75: 0.0014961139 | AD75: 3.3227548e-05 | AE75: 1.7327552e-06 | AG75: =A75 -> 1.75 | AH75: 0.023715537
A76: =A17 -> 2.75 | B76: =B17 -> 0.0259 | C76: =A5 -> 3Y Swap | D76: 0.023760499 | F76: 0.023777848 | G76: 0.023790609 | H76: 0.023795396 | I76: 0.023781152 | J76: 0.023759207 | K76: 0.023760499 | L76: 0.023760499 | M76: 0.023760499 | O76: 0.17348444 | P76: 0.30109384 | Q76: 0.34896822 | R76: 0.20652591 | S76: -0.012929232 | T76: 0 | U76: 0 | V76: 0 | X76: -0.43727015 | Y76: 1.7877072 | Z76: -4.6940445 | AA76: 3.9904264 | AB76: 0.3051683 | AC76: 0.023934184 | AD76: 0.00053155998 | AE76: 2.771987e-05 | AG76: =A76 -> 2.75 | AH76: 0.025342557
A77: =A18 -> 3.75 | B77: =B18 -> 0.02606 | C77: =A6 -> 4Y Swap | D77: 0.024366345 | F77: 0.024379518 | G77: 0.024389202 | H77: 0.024391863 | I77: 0.02439215 | J77: 0.024381631 | K77: 0.024365388 | L77: 0.024366345 | M77: 0.024366345 | O77: 0.1317272 | P77: 0.22856941 | Q77: 0.2551814 | R77: 0.258047 | S77: 0.15286531 | T77: -0.0095691667 | U77: 0 | V77: 0 | X77: 0.2975769 | Y77: -1.2290955 | Z77: 2.9695932 | AA77: -6.8702513 | AB77: 5.3894965 | AC77: 0.42269529 | AD77: 0.0093877401 | AE77: 0.00048955328 | AG77: =A77 -> 3.75 | AH77: 0.026130748
A78: =A19 -> 4.75 | B78: =B19 -> 0.027884 | C78: =A7 -> 5Y Swap | D78: 0.024957821 | F78: 0.024968494 | G78: 0.024976336 | H78: 0.02497848 | I78: 0.024977943 | J78: 0.024978185 | K78: 0.0249695 | L78: 0.024957444 | M78: 0.024957821 | O78: 0.10672571 | P78: 0.18514624 | Q78: 0.20658592 | R78: 0.20121785 | S78: 0.20363252 | T78: 0.11678636 | U78: -0.003773899 | V78: 3.469447e-14 | X78: -0.21105811 | Y78: 0.86966469 | Z78: -2.1277327 | AA78: 4.5089399 | AB78: -9.6682756 | AC78: 7.4377818 | AD78: 0.16518746 | AE78: 0.0086142206 | AG78: =A78 -> 4.75 | AH78: 0.027619215
A79: =A20 -> 6.75 | B79: =B20 -> 0.028001333 | C79: =A8 -> 7Y Swap | D79: 0.025852603 | F79: 0.025860428 | G79: 0.025866172 | H79: 0.02586773 | I79: 0.025867323 | J79: 0.025865241 | K79: 0.025875353 | L79: 0.025868247 | M79: 0.025851862 | O79: 0.078241695 | P79: 0.13568671 | Q79: 0.15126941 | R79: 0.14719705 | S79: 0.12638084 | T79: 0.22750111 | U79: 0.15643694 | V79: -0.0074100467 | X79: 0.21925666 | Y79: -0.9047066 | Z79: 2.2045457 | AA79: -4.7558627 | AB79: 8.929795 | AC79: -10.64389 | AD79: 5.6485654 | AE79: 0.29456224 | AG79: =A79 -> 6.75 | AH79: 0.028021257
A80: =A21 -> 9.75 | B80: =B21 -> 0.031137333 | C80: =A9 -> 10Y Swap | D80: 0.026982618 | F80: 0.026988319 | G80: 0.0269925 | H80: 0.026993623 | I80: 0.026993314 | J80: 0.026991793 | K80: 0.026997371 | L80: 0.027008482 | M80: 0.026996828 | O80: 0.057008048 | P80: 0.098821032 | Q80: 0.11005032 | R80: 0.10695679 | S80: 0.091749978 | T80: 0.14753058 | U80: 0.25864404 | V80: 0.14209606 | X80: -0.240897 | Y80: 0.99299283 | Z80: -2.4245398 | AA80: 5.214503 | AB80: -9.9404396 | AC80: 11.359721 | AD80: -10.459543 | AE80: 6.492047 | AG80: =A80 -> 9.75 | AH80: 0.031277956
A82: 2. Make the 2nd pass of the Newton Method using a smaller bump size | M82: 2a. Bump parameter #1 | Z82: 2b. Bump parameter #2 | AM82: 2c. Bump parameter #3 | AZ82: 2d. Bump parameter #4 | BM82: 2e. Bump parameter #5 | BZ82: 2f. Bump parameter #6 | CM82: 2g. Bump parameter #7 | CZ82: 2h. Bump parameter #8
A83: Left Boundary | C83: Right Boundary | E83: Slope | F83: Derivatives | H83: Spline Coefficients | L83: Scale | M83: Bump | N83: Left Boundary | P83: Right Boundary | R83: Slope | S83: Derivatives | U83: Spline Coefficients | Z83: 2 | AA83: Left Boundary | AC83: Right Boundary | AE83: Slope | AF83: Derivatives | AH83: Spline Coefficients | AM83: Bump | AN83: Left Boundary | AP83: Right Boundary | AR83: Slope | AS83: Derivatives | AU83: Spline Coefficients | AZ83: Bump | BA83: Left Boundary | BC83: Right Boundary | BE83: Slope | BF83: Derivatives | BH83: Spline Coefficients | BM83: Bump | BN83: Left Boundary | BP83: Right Boundary | BR83: Slope | BS83: Derivatives | BU83: Spline Coefficients | BZ83: Bump | CA83: Left Boundary | CC83: Right Boundary | CE83: Slope | CF83: Derivatives | CH83: Spline Coefficients | CM83: Bump | CN83: Left Boundary | CP83: Right Boundary | CR83: Slope | CS83: Derivatives | CU83: Spline Coefficients | CZ83: Bump | DA83: Left Boundary | DC83: Right Boundary | DE83: Slope | DF83: Derivatives | DH83: Spline Coefficients
A84: Years | B84: Euribor | C84: Years | D84: Euribor | F84: Left | G84: Right | H84: a | I84: b | J84: c | K84: d | L84: 0.1 | M84: =$F$3*$L84 -> 1e-05 | N84: Years | O84: Euribor | P84: Years | Q84: Euribor | S84: Left | T84: Right | U84: a | V84: b | W84: c | X84: d | Z84: =$F$3*$L84 -> 1e-05 | AA84: Years | AB84: Euribor | AC84: Years | AD84: Euribor | AF84: Left | AG84: Right | AH84: a | AI84: b | AJ84: c | AK84: d | AM84: =$F$3*$L84 -> 1e-05 | AN84: Years | AO84: Euribor | AP84: Years | AQ84: Euribor | AS84: Left | AT84: Right | AU84: a | AV84: b | AW84: c | AX84: d | AZ84: =$F$3*$L84 -> 1e-05 | BA84: Years | BB84: Euribor | BC84: Years | BD84: Euribor | BF84: Left | BG84: Right | BH84: a | BI84: b | BJ84: c | BK84: d | BM84: =$F$3*$L84 -> 1e-05 | BN84: Years | BO84: Euribor | BP84: Years | BQ84: Euribor | BS84: Left | BT84: Right | BU84: a | BV84: b | BW84: c | BX84: d | BZ84: =$F$3*$L84 -> 1e-05 | CA84: Years | CB84: Euribor | CC84: Years | CD84: Euribor | CF84: Left | CG84: Right | CH84: a | CI84: b | CJ84: c | CK84: d | CM84: =$F$3*$L84 -> 1e-05 | CN84: Years | CO84: Euribor | CP84: Years | CQ84: Euribor | CS84: Left | CT84: Right | CU84: a | CV84: b | CW84: c | CX84: d | CZ84: =$F$3*$L84 -> 1e-05 | DA84: Years | DB84: Euribor | DC84: Years | DD84: Euribor | DF84: Left | DG84: Right | DH84: a | DI84: b | DJ84: c | DK84: d
A85: =A73 -> 0 | B85: =AH73 -> 0.0253 | C85: =A86 -> 0.75 | D85: =B86 -> 0.020702536 | E85: =(D85-B85)/(C85-A85) -> -0.0061299523 | F85: 0 | G85: =IF($F$5, (E85*E86>=0) * AVERAGE(E85:E86), AVERAGE(E85:E86)) -> 0 | H85: =(F85+G85-2*(D85-B85)/(C85-A85))/(C85-A85)^2 -> 0.021795386 | I85: =((D85-B85)/(C85-A85) - F85 - H85*(C85^2 + A85*C85 - 2*A85^2))/(C85-A85) -> -0.024519809 | J85: =F85-2*I85*A85 - 3*H85*A85^2 -> 0 | K85: =B85 -H85*A85^3 - I85*A85^2 - J85*A85 -> 0.0253 | N85: =$A85 -> 0 | O85: =$B85+M84 -> 0.02531 | P85: =N86 -> 0.75 | Q85: =O86 -> 0.020702536 | R85: =(Q85-O85)/(P85-N85) -> -0.0061432856 | S85: 0 | T85: =IF($F$5, (R85*R86>=0) * AVERAGE(R85:R86), AVERAGE(R85:R86)) -> 0 | U85: =(S85+T85-2*(Q85-O85)/(P85-N85))/(P85-N85)^2 -> 0.021842793 | V85: =((Q85-O85)/(P85-N85) - S85 - U85*(P85^2 + N85*P85 - 2*N85^2))/(P85-N85) -> -0.024573142 | W85: =S85-2*V85*N85 - 3*U85*N85^2 -> 0 | X85: =O85 -U85*N85^3 - V85*N85^2 - W85*N85 -> 0.02531 | AA85: =$A85 -> 0 | AB85: =$B85 -> 0.0253 | AC85: =AA86 -> 0.75 | AD85: =AB86 -> 0.020712536 | AE85: =(AD85-AB85)/(AC85-AA85) -> -0.0061166189 | AF85: 0 | AG85: =IF($F$5, (AE85*AE86>=0) * AVERAGE(AE85:AE86), AVERAGE(AE85:AE86)) -> 0 | AH85: =(AF85+AG85-2*(AD85-AB85)/(AC85-AA85))/(AC85-AA85)^2 -> 0.021747978 | AI85: =((AD85-AB85)/(AC85-AA85) - AF85 - AH85*(AC85^2 + AA85*AC85 - 2*AA85^2))/(AC85-AA85) -> -0.024466476 | AJ85: =AF85-2*AI85*AA85 - 3*AH85*AA85^2 -> 0 | AK85: =AB85 -AH85*AA85^3 - AI85*AA85^2 - AJ85*AA85 -> 0.0253 | AN85: =$A85 -> 0 | AO85: =$B85 -> 0.0253 | AP85: =AN86 -> 0.75 | AQ85: =AO86 -> 0.020702536 | AR85: =(AQ85-AO85)/(AP85-AN85) -> -0.0061299523 | AS85: 0 | AT85: =IF($F$5, (AR85*AR86>=0) * AVERAGE(AR85:AR86), AVERAGE(AR85:AR86)) -> 0 | AU85: =(AS85+AT85-2*(AQ85-AO85)/(AP85-AN85))/(AP85-AN85)^2 -> 0.021795386 | AV85: =((AQ85-AO85)/(AP85-AN85) - AS85 - AU85*(AP85^2 + AN85*AP85 - 2*AN85^2))/(AP85-AN85) -> -0.024519809 | AW85: =AS85-2*AV85*AN85 - 3*AU85*AN85^2 -> 0 | AX85: =AO85 -AU85*AN85^3 - AV85*AN85^2 - AW85*AN85 -> 0.0253 | BA85: =$A85 -> 0 | BB85: =$B85 -> 0.0253 | BC85: =BA86 -> 0.75 | BD85: =BB86 -> 0.020702536 | BE85: =(BD85-BB85)/(BC85-BA85) -> -0.0061299523 | BF85: 0 | BG85: =IF($F$5, (BE85*BE86>=0) * AVERAGE(BE85:BE86), AVERAGE(BE85:BE86)) -> 0 | BH85: =(BF85+BG85-2*(BD85-BB85)/(BC85-BA85))/(BC85-BA85)^2 -> 0.021795386 | BI85: =((BD85-BB85)/(BC85-BA85) - BF85 - BH85*(BC85^2 + BA85*BC85 - 2*BA85^2))/(BC85-BA85) -> -0.024519809 | BJ85: =BF85-2*BI85*BA85 - 3*BH85*BA85^2 -> 0 | BK85: =BB85 -BH85*BA85^3 - BI85*BA85^2 - BJ85*BA85 -> 0.0253 | BN85: =$A85 -> 0 | BO85: =$B85 -> 0.0253 | BP85: =BN86 -> 0.75 | BQ85: =BO86 -> 0.020702536 | BR85: =(BQ85-BO85)/(BP85-BN85) -> -0.0061299523 | BS85: 0 | BT85: =IF($F$5, (BR85*BR86>=0) * AVERAGE(BR85:BR86), AVERAGE(BR85:BR86)) -> 0 | BU85: =(BS85+BT85-2*(BQ85-BO85)/(BP85-BN85))/(BP85-BN85)^2 -> 0.021795386 | BV85: =((BQ85-BO85)/(BP85-BN85) - BS85 - BU85*(BP85^2 + BN85*BP85 - 2*BN85^2))/(BP85-BN85) -> -0.024519809 | BW85: =BS85-2*BV85*BN85 - 3*BU85*BN85^2 -> 0 | BX85: =BO85 -BU85*BN85^3 - BV85*BN85^2 - BW85*BN85 -> 0.0253 | CA85: =$A85 -> 0 | CB85: =$B85 -> 0.0253 | CC85: =CA86 -> 0.75 | CD85: =CB86 -> 0.020702536 | CE85: =(CD85-CB85)/(CC85-CA85) -> -0.0061299523 | CF85: 0 | CG85: =IF($F$5, (CE85*CE86>=0) * AVERAGE(CE85:CE86), AVERAGE(CE85:CE86)) -> 0 | CH85: =(CF85+CG85-2*(CD85-CB85)/(CC85-CA85))/(CC85-CA85)^2 -> 0.021795386 | CI85: =((CD85-CB85)/(CC85-CA85) - CF85 - CH85*(CC85^2 + CA85*CC85 - 2*CA85^2))/(CC85-CA85) -> -0.024519809 | CJ85: =CF85-2*CI85*CA85 - 3*CH85*CA85^2 -> 0 | CK85: =CB85 -CH85*CA85^3 - CI85*CA85^2 - CJ85*CA85 -> 0.0253 | CN85: =$A85 -> 0 | CO85: =$B85 -> 0.0253 | CP85: =CN86 -> 0.75 | CQ85: =CO86 -> 0.020702536 | CR85: =(CQ85-CO85)/(CP85-CN85) -> -0.0061299523 | CS85: 0 | CT85: =IF($F$5, (CR85*CR86>=0) * AVERAGE(CR85:CR86), AVERAGE(CR85:CR86)) -> 0 | CU85: =(CS85+CT85-2*(CQ85-CO85)/(CP85-CN85))/(CP85-CN85)^2 -> 0.021795386 | CV85: =((CQ85-CO85)/(CP85-CN85) - CS85 - CU85*(CP85^2 + CN85*CP85 - 2*CN85^2))/(CP85-CN85) -> -0.024519809 | CW85: =CS85-2*CV85*CN85 - 3*CU85*CN85^2 -> 0 | CX85: =CO85 -CU85*CN85^3 - CV85*CN85^2 - CW85*CN85 -> 0.0253 | DA85: =$A85 -> 0 | DB85: =$B85 -> 0.0253 | DC85: =DA86 -> 0.75 | DD85: =DB86 -> 0.020702536 | DE85: =(DD85-DB85)/(DC85-DA85) -> -0.0061299523 | DF85: 0 | DG85: =IF($F$5, (DE85*DE86>=0) * AVERAGE(DE85:DE86), AVERAGE(DE85:DE86)) -> 0 | DH85: =(DF85+DG85-2*(DD85-DB85)/(DC85-DA85))/(DC85-DA85)^2 -> 0.021795386 | DI85: =((DD85-DB85)/(DC85-DA85) - DF85 - DH85*(DC85^2 + DA85*DC85 - 2*DA85^2))/(DC85-DA85) -> -0.024519809 | DJ85: =DF85-2*DI85*DA85 - 3*DH85*DA85^2 -> 0 | DK85: =DB85 -DH85*DA85^3 - DI85*DA85^2 - DJ85*DA85 -> 0.0253
A86: =A74 -> 0.75 | B86: =AH74 -> 0.020702536 | C86: =A87 -> 1.75 | D86: =B87 -> 0.023715537 | E86: =(D86-B86)/(C86-A86) -> 0.0030130014 | F86: =G85 -> 0 | G86: =IF($F$5, (E86*E87>=0) * AVERAGE(E86:E87), AVERAGE(E86:E87)) -> 0.0023200107 | H86: =(F86+G86-2*(D86-B86)/(C86-A86))/(C86-A86)^2 -> -0.0037059922 | I86: =((D86-B86)/(C86-A86) - F86 - H86*(C86^2 + A86*C86 - 2*A86^2))/(C86-A86) -> 0.015057476 | J86: =F86-2*I86*A86 - 3*H86*A86^2 -> -0.016332352 | K86: =B86 -H86*A86^3 - I86*A86^2 - J86*A86 -> 0.026045435 | N86: =$A86 -> 0.75 | O86: =$B86 -> 0.020702536 | P86: =N87 -> 1.75 | Q86: =O87 -> 0.023715537 | R86: =(Q86-O86)/(P86-N86) -> 0.0030130014 | S86: =T85 -> 0 | T86: =IF($F$5, (R86*R87>=0) * AVERAGE(R86:R87), AVERAGE(R86:R87)) -> 0.0023200107 | U86: =(S86+T86-2*(Q86-O86)/(P86-N86))/(P86-N86)^2 -> -0.0037059922 | V86: =((Q86-O86)/(P86-N86) - S86 - U86*(P86^2 + N86*P86 - 2*N86^2))/(P86-N86) -> 0.015057476 | W86: =S86-2*V86*N86 - 3*U86*N86^2 -> -0.016332352 | X86: =O86 -U86*N86^3 - V86*N86^2 - W86*N86 -> 0.026045435 | AA86: =$A86 -> 0.75 | AB86: =$B86+Z84 -> 0.020712536 | AC86: =AA87 -> 1.75 | AD86: =AB87 -> 0.023715537 | AE86: =(AD86-AB86)/(AC86-AA86) -> 0.0030030014 | AF86: =AG85 -> 0 | AG86: =IF($F$5, (AE86*AE87>=0) * AVERAGE(AE86:AE87), AVERAGE(AE86:AE87)) -> 0.0023150107 | AH86: =(AF86+AG86-2*(AD86-AB86)/(AC86-AA86))/(AC86-AA86)^2 -> -0.0036909922 | AI86: =((AD86-AB86)/(AC86-AA86) - AF86 - AH86*(AC86^2 + AA86*AC86 - 2*AA86^2))/(AC86-AA86) -> 0.014998726 | AJ86: =AF86-2*AI86*AA86 - 3*AH86*AA86^2 -> -0.01626954 | AK86: =AB86 -AH86*AA86^3 - AI86*AA86^2 - AJ86*AA86 -> 0.026035045 | AN86: =$A86 -> 0.75 | AO86: =$B86 -> 0.020702536 | AP86: =AN87 -> 1.75 | AQ86: =AO87 -> 0.023725537 | AR86: =(AQ86-AO86)/(AP86-AN86) -> 0.0030230014 | AS86: =AT85 -> 0 | AT86: =IF($F$5, (AR86*AR87>=0) * AVERAGE(AR86:AR87), AVERAGE(AR86:AR87)) -> 0.0023200107 | AU86: =(AS86+AT86-2*(AQ86-AO86)/(AP86-AN86))/(AP86-AN86)^2 -> -0.0037259922 | AV86: =((AQ86-AO86)/(AP86-AN86) - AS86 - AU86*(AP86^2 + AN86*AP86 - 2*AN86^2))/(AP86-AN86) -> 0.015132476 | AW86: =AS86-2*AV86*AN86 - 3*AU86*AN86^2 -> -0.016411102 | AX86: =AO86 -AU86*AN86^3 - AV86*AN86^2 - AW86*AN86 -> 0.026070748 | BA86: =$A86 -> 0.75 | BB86: =$B86 -> 0.020702536 | BC86: =BA87 -> 1.75 | BD86: =BB87 -> 0.023715537 | BE86: =(BD86-BB86)/(BC86-BA86) -> 0.0030130014 | BF86: =BG85 -> 0 | BG86: =IF($F$5, (BE86*BE87>=0) * AVERAGE(BE86:BE87), AVERAGE(BE86:BE87)) -> 0.0023250107 | BH86: =(BF86+BG86-2*(BD86-BB86)/(BC86-BA86))/(BC86-BA86)^2 -> -0.0037009922 | BI86: =((BD86-BB86)/(BC86-BA86) - BF86 - BH86*(BC86^2 + BA86*BC86 - 2*BA86^2))/(BC86-BA86) -> 0.015041226 | BJ86: =BF86-2*BI86*BA86 - 3*BH86*BA86^2 -> -0.016316415 | BK86: =BB86 -BH86*BA86^3 - BI86*BA86^2 - BJ86*BA86 -> 0.026040513 | BN86: =$A86 -> 0.75 | BO86: =$B86 -> 0.020702536 | BP86: =BN87 -> 1.75 | BQ86: =BO87 -> 0.023715537 | BR86: =(BQ86-BO86)/(BP86-BN86) -> 0.0030130014 | BS86: =BT85 -> 0 | BT86: =IF($F$5, (BR86*BR87>=0) * AVERAGE(BR86:BR87), AVERAGE(BR86:BR87)) -> 0.0023200107 | BU86: =(BS86+BT86-2*(BQ86-BO86)/(BP86-BN86))/(BP86-BN86)^2 -> -0.0037059922 | BV86: =((BQ86-BO86)/(BP86-BN86) - BS86 - BU86*(BP86^2 + BN86*BP86 - 2*BN86^2))/(BP86-BN86) -> 0.015057476 | BW86: =BS86-2*BV86*BN86 - 3*BU86*BN86^2 -> -0.016332352 | BX86: =BO86 -BU86*BN86^3 - BV86*BN86^2 - BW86*BN86 -> 0.026045435 | CA86: =$A86 -> 0.75 | CB86: =$B86 -> 0.020702536 | CC86: =CA87 -> 1.75 | CD86: =CB87 -> 0.023715537 | CE86: =(CD86-CB86)/(CC86-CA86) -> 0.0030130014 | CF86: =CG85 -> 0 | CG86: =IF($F$5, (CE86*CE87>=0) * AVERAGE(CE86:CE87), AVERAGE(CE86:CE87)) -> 0.0023200107 | CH86: =(CF86+CG86-2*(CD86-CB86)/(CC86-CA86))/(CC86-CA86)^2 -> -0.0037059922 | CI86: =((CD86-CB86)/(CC86-CA86) - CF86 - CH86*(CC86^2 + CA86*CC86 - 2*CA86^2))/(CC86-CA86) -> 0.015057476 | CJ86: =CF86-2*CI86*CA86 - 3*CH86*CA86^2 -> -0.016332352 | CK86: =CB86 -CH86*CA86^3 - CI86*CA86^2 - CJ86*CA86 -> 0.026045435 | CN86: =$A86 -> 0.75 | CO86: =$B86 -> 0.020702536 | CP86: =CN87 -> 1.75 | CQ86: =CO87 -> 0.023715537 | CR86: =(CQ86-CO86)/(CP86-CN86) -> 0.0030130014 | CS86: =CT85 -> 0 | CT86: =IF($F$5, (CR86*CR87>=0) * AVERAGE(CR86:CR87), AVERAGE(CR86:CR87)) -> 0.0023200107 | CU86: =(CS86+CT86-2*(CQ86-CO86)/(CP86-CN86))/(CP86-CN86)^2 -> -0.0037059922 | CV86: =((CQ86-CO86)/(CP86-CN86) - CS86 - CU86*(CP86^2 + CN86*CP86 - 2*CN86^2))/(CP86-CN86) -> 0.015057476 | CW86: =CS86-2*CV86*CN86 - 3*CU86*CN86^2 -> -0.016332352 | CX86: =CO86 -CU86*CN86^3 - CV86*CN86^2 - CW86*CN86 -> 0.026045435 | DA86: =$A86 -> 0.75 | DB86: =$B86 -> 0.020702536 | DC86: =DA87 -> 1.75 | DD86: =DB87 -> 0.023715537 | DE86: =(DD86-DB86)/(DC86-DA86) -> 0.0030130014 | DF86: =DG85 -> 0 | DG86: =IF($F$5, (DE86*DE87>=0) * AVERAGE(DE86:DE87), AVERAGE(DE86:DE87)) -> 0.0023200107 | DH86: =(DF86+DG86-2*(DD86-DB86)/(DC86-DA86))/(DC86-DA86)^2 -> -0.0037059922 | DI86: =((DD86-DB86)/(DC86-DA86) - DF86 - DH86*(DC86^2 + DA86*DC86 - 2*DA86^2))/(DC86-DA86) -> 0.015057476 | DJ86: =DF86-2*DI86*DA86 - 3*DH86*DA86^2 -> -0.016332352 | DK86: =DB86 -DH86*DA86^3 - DI86*DA86^2 - DJ86*DA86 -> 0.026045435
A87: =A75 -> 1.75 | B87: =AH75 -> 0.023715537 | C87: =A88 -> 2.75 | D87: =B88 -> 0.025342557 | E87: =(D87-B87)/(C87-A87) -> 0.0016270199 | F87: =G86 -> 0.0023200107 | G87: =IF($F$5, (E87*E88>=0) * AVERAGE(E87:E88), AVERAGE(E87:E88)) -> 0.0012076053 | H87: =(F87+G87-2*(D87-B87)/(C87-A87))/(C87-A87)^2 -> 0.0002735762 | I87: =((D87-B87)/(C87-A87) - F87 - H87*(C87^2 + A87*C87 - 2*A87^2))/(C87-A87) -> -0.002402842 | J87: =F87-2*I87*A87 - 3*H87*A87^2 -> 0.0082164765 | K87: =B87 -H87*A87^3 - I87*A87^2 - J87*A87 -> 0.01522921 | N87: =$A87 -> 1.75 | O87: =$B87 -> 0.023715537 | P87: =N88 -> 2.75 | Q87: =O88 -> 0.025342557 | R87: =(Q87-O87)/(P87-N87) -> 0.0016270199 | S87: =T86 -> 0.0023200107 | T87: =IF($F$5, (R87*R88>=0) * AVERAGE(R87:R88), AVERAGE(R87:R88)) -> 0.0012076053 | U87: =(S87+T87-2*(Q87-O87)/(P87-N87))/(P87-N87)^2 -> 0.0002735762 | V87: =((Q87-O87)/(P87-N87) - S87 - U87*(P87^2 + N87*P87 - 2*N87^2))/(P87-N87) -> -0.002402842 | W87: =S87-2*V87*N87 - 3*U87*N87^2 -> 0.0082164765 | X87: =O87 -U87*N87^3 - V87*N87^2 - W87*N87 -> 0.01522921 | AA87: =$A87 -> 1.75 | AB87: =$B87 -> 0.023715537 | AC87: =AA88 -> 2.75 | AD87: =AB88 -> 0.025342557 | AE87: =(AD87-AB87)/(AC87-AA87) -> 0.0016270199 | AF87: =AG86 -> 0.0023150107 | AG87: =IF($F$5, (AE87*AE88>=0) * AVERAGE(AE87:AE88), AVERAGE(AE87:AE88)) -> 0.0012076053 | AH87: =(AF87+AG87-2*(AD87-AB87)/(AC87-AA87))/(AC87-AA87)^2 -> 0.0002685762 | AI87: =((AD87-AB87)/(AC87-AA87) - AF87 - AH87*(AC87^2 + AA87*AC87 - 2*AA87^2))/(AC87-AA87) -> -0.002366592 | AJ87: =AF87-2*AI87*AA87 - 3*AH87*AA87^2 -> 0.008130539 | AK87: =AB87 -AH87*AA87^3 - AI87*AA87^2 - AJ87*AA87 -> 0.015295382 | AN87: =$A87 -> 1.75 | AO87: =$B87+AM84 -> 0.023725537 | AP87: =AN88 -> 2.75 | AQ87: =AO88 -> 0.025342557 | AR87: =(AQ87-AO87)/(AP87-AN87) -> 0.0016170199 | AS87: =AT86 -> 0.0023200107 | AT87: =IF($F$5, (AR87*AR88>=0) * AVERAGE(AR87:AR88), AVERAGE(AR87:AR88)) -> 0.0012026053 | AU87: =(AS87+AT87-2*(AQ87-AO87)/(AP87-AN87))/(AP87-AN87)^2 -> 0.0002885762 | AV87: =((AQ87-AO87)/(AP87-AN87) - AS87 - AU87*(AP87^2 + AN87*AP87 - 2*AN87^2))/(AP87-AN87) -> -0.002506592 | AW87: =AS87-2*AV87*AN87 - 3*AU87*AN87^2 -> 0.008441789 | AX87: =AO87 -AU87*AN87^3 - AV87*AN87^2 - AW87*AN87 -> 0.015082257 | BA87: =$A87 -> 1.75 | BB87: =$B87 -> 0.023715537 | BC87: =BA88 -> 2.75 | BD87: =BB88 -> 0.025352557 | BE87: =(BD87-BB87)/(BC87-BA87) -> 0.0016370199 | BF87: =BG86 -> 0.0023250107 | BG87: =IF($F$5, (BE87*BE88>=0) * AVERAGE(BE87:BE88), AVERAGE(BE87:BE88)) -> 0.0012076053 | BH87: =(BF87+BG87-2*(BD87-BB87)/(BC87-BA87))/(BC87-BA87)^2 -> 0.0002585762 | BI87: =((BD87-BB87)/(BC87-BA87) - BF87 - BH87*(BC87^2 + BA87*BC87 - 2*BA87^2))/(BC87-BA87) -> -0.002304092 | BJ87: =BF87-2*BI87*BA87 - 3*BH87*BA87^2 -> 0.008013664 | BK87: =BB87 -BH87*BA87^3 - BI87*BA87^2 - BJ87*BA87 -> 0.0153621 | BN87: =$A87 -> 1.75 | BO87: =$B87 -> 0.023715537 | BP87: =BN88 -> 2.75 | BQ87: =BO88 -> 0.025342557 | BR87: =(BQ87-BO87)/(BP87-BN87) -> 0.0016270199 | BS87: =BT86 -> 0.0023200107 | BT87: =IF($F$5, (BR87*BR88>=0) * AVERAGE(BR87:BR88), AVERAGE(BR87:BR88)) -> 0.0012126053 | BU87: =(BS87+BT87-2*(BQ87-BO87)/(BP87-BN87))/(BP87-BN87)^2 -> 0.0002785762 | BV87: =((BQ87-BO87)/(BP87-BN87) - BS87 - BU87*(BP87^2 + BN87*BP87 - 2*BN87^2))/(BP87-BN87) -> -0.002434092 | BW87: =BS87-2*BV87*BN87 - 3*BU87*BN87^2 -> 0.008279914 | BX87: =BO87 -BU87*BN87^3 - BV87*BN87^2 - BW87*BN87 -> 0.0151871 | CA87: =$A87 -> 1.75 | CB87: =$B87 -> 0.023715537 | CC87: =CA88 -> 2.75 | CD87: =CB88 -> 0.025342557 | CE87: =(CD87-CB87)/(CC87-CA87) -> 0.0016270199 | CF87: =CG86 -> 0.0023200107 | CG87: =IF($F$5, (CE87*CE88>=0) * AVERAGE(CE87:CE88), AVERAGE(CE87:CE88)) -> 0.0012076053 | CH87: =(CF87+CG87-2*(CD87-CB87)/(CC87-CA87))/(CC87-CA87)^2 -> 0.0002735762 | CI87: =((CD87-CB87)/(CC87-CA87) - CF87 - CH87*(CC87^2 + CA87*CC87 - 2*CA87^2))/(CC87-CA87) -> -0.002402842 | CJ87: =CF87-2*CI87*CA87 - 3*CH87*CA87^2 -> 0.0082164765 | CK87: =CB87 -CH87*CA87^3 - CI87*CA87^2 - CJ87*CA87 -> 0.01522921 | CN87: =$A87 -> 1.75 | CO87: =$B87 -> 0.023715537 | CP87: =CN88 -> 2.75 | CQ87: =CO88 -> 0.025342557 | CR87: =(CQ87-CO87)/(CP87-CN87) -> 0.0016270199 | CS87: =CT86 -> 0.0023200107 | CT87: =IF($F$5, (CR87*CR88>=0) * AVERAGE(CR87:CR88), AVERAGE(CR87:CR88)) -> 0.0012076053 | CU87: =(CS87+CT87-2*(CQ87-CO87)/(CP87-CN87))/(CP87-CN87)^2 -> 0.0002735762 | CV87: =((CQ87-CO87)/(CP87-CN87) - CS87 - CU87*(CP87^2 + CN87*CP87 - 2*CN87^2))/(CP87-CN87) -> -0.002402842 | CW87: =CS87-2*CV87*CN87 - 3*CU87*CN87^2 -> 0.0082164765 | CX87: =CO87 -CU87*CN87^3 - CV87*CN87^2 - CW87*CN87 -> 0.01522921 | DA87: =$A87 -> 1.75 | DB87: =$B87 -> 0.023715537 | DC87: =DA88 -> 2.75 | DD87: =DB88 -> 0.025342557 | DE87: =(DD87-DB87)/(DC87-DA87) -> 0.0016270199 | DF87: =DG86 -> 0.0023200107 | DG87: =IF($F$5, (DE87*DE88>=0) * AVERAGE(DE87:DE88), AVERAGE(DE87:DE88)) -> 0.0012076053 | DH87: =(DF87+DG87-2*(DD87-DB87)/(DC87-DA87))/(DC87-DA87)^2 -> 0.0002735762 | DI87: =((DD87-DB87)/(DC87-DA87) - DF87 - DH87*(DC87^2 + DA87*DC87 - 2*DA87^2))/(DC87-DA87) -> -0.002402842 | DJ87: =DF87-2*DI87*DA87 - 3*DH87*DA87^2 -> 0.0082164765 | DK87: =DB87 -DH87*DA87^3 - DI87*DA87^2 - DJ87*DA87 -> 0.01522921
A88: =A76 -> 2.75 | B88: =AH76 -> 0.025342557 | C88: =A89 -> 3.75 | D88: =B89 -> 0.026130748 | E88: =(D88-B88)/(C88-A88) -> 0.0007881907 | F88: =G87 -> 0.0012076053 | G88: =IF($F$5, (E88*E89>=0) * AVERAGE(E88:E89), AVERAGE(E88:E89)) -> 0.0011383288 | H88: =(F88+G88-2*(D88-B88)/(C88-A88))/(C88-A88)^2 -> 0.0007695527 | I88: =((D88-B88)/(C88-A88) - F88 - H88*(C88^2 + A88*C88 - 2*A88^2))/(C88-A88) -> -0.0075377771 | J88: =F88-2*I88*A88 - 3*H88*A88^2 -> 0.025206152 | K88: =B88 -H88*A88^3 - I88*A88^2 - J88*A88 -> -0.0029742138 | N88: =$A88 -> 2.75 | O88: =$B88 -> 0.025342557 | P88: =N89 -> 3.75 | Q88: =O89 -> 0.026130748 | R88: =(Q88-O88)/(P88-N88) -> 0.0007881907 | S88: =T87 -> 0.0012076053 | T88: =IF($F$5, (R88*R89>=0) * AVERAGE(R88:R89), AVERAGE(R88:R89)) -> 0.0011383288 | U88: =(S88+T88-2*(Q88-O88)/(P88-N88))/(P88-N88)^2 -> 0.0007695527 | V88: =((Q88-O88)/(P88-N88) - S88 - U88*(P88^2 + N88*P88 - 2*N88^2))/(P88-N88) -> -0.0075377771 | W88: =S88-2*V88*N88 - 3*U88*N88^2 -> 0.025206152 | X88: =O88 -U88*N88^3 - V88*N88^2 - W88*N88 -> -0.0029742138 | AA88: =$A88 -> 2.75 | AB88: =$B88 -> 0.025342557 | AC88: =AA89 -> 3.75 | AD88: =AB89 -> 0.026130748 | AE88: =(AD88-AB88)/(AC88-AA88) -> 0.0007881907 | AF88: =AG87 -> 0.0012076053 | AG88: =IF($F$5, (AE88*AE89>=0) * AVERAGE(AE88:AE89), AVERAGE(AE88:AE89)) -> 0.0011383288 | AH88: =(AF88+AG88-2*(AD88-AB88)/(AC88-AA88))/(AC88-AA88)^2 -> 0.0007695527 | AI88: =((AD88-AB88)/(AC88-AA88) - AF88 - AH88*(AC88^2 + AA88*AC88 - 2*AA88^2))/(AC88-AA88) -> -0.0075377771 | AJ88: =AF88-2*AI88*AA88 - 3*AH88*AA88^2 -> 0.025206152 | AK88: =AB88 -AH88*AA88^3 - AI88*AA88^2 - AJ88*AA88 -> -0.0029742138 | AN88: =$A88 -> 2.75 | AO88: =$B88 -> 0.025342557 | AP88: =AN89 -> 3.75 | AQ88: =AO89 -> 0.026130748 | AR88: =(AQ88-AO88)/(AP88-AN88) -> 0.0007881907 | AS88: =AT87 -> 0.0012026053 | AT88: =IF($F$5, (AR88*AR89>=0) * AVERAGE(AR88:AR89), AVERAGE(AR88:AR89)) -> 0.0011383288 | AU88: =(AS88+AT88-2*(AQ88-AO88)/(AP88-AN88))/(AP88-AN88)^2 -> 0.0007645527 | AV88: =((AQ88-AO88)/(AP88-AN88) - AS88 - AU88*(AP88^2 + AN88*AP88 - 2*AN88^2))/(AP88-AN88) -> -0.0074865271 | AW88: =AS88-2*AV88*AN88 - 3*AU88*AN88^2 -> 0.025032715 | AX88: =AO88 -AU88*AN88^3 - AV88*AN88^2 - AW88*AN88 -> -0.0027808544 | BA88: =$A88 -> 2.75 | BB88: =$B88+AZ84 -> 0.025352557 | BC88: =BA89 -> 3.75 | BD88: =BB89 -> 0.026130748 | BE88: =(BD88-BB88)/(BC88-BA88) -> 0.0007781907 | BF88: =BG87 -> 0.0012076053 | BG88: =IF($F$5, (BE88*BE89>=0) * AVERAGE(BE88:BE89), AVERAGE(BE88:BE89)) -> 0.0011333288 | BH88: =(BF88+BG88-2*(BD88-BB88)/(BC88-BA88))/(BC88-BA88)^2 -> 0.0007845527 | BI88: =((BD88-BB88)/(BC88-BA88) - BF88 - BH88*(BC88^2 + BA88*BC88 - 2*BA88^2))/(BC88-BA88) -> -0.0076865271 | BJ88: =BF88-2*BI88*BA88 - 3*BH88*BA88^2 -> 0.025683965 | BK88: =BB88 -BH88*BA88^3 - BI88*BA88^2 - BJ88*BA88 -> -0.0034652294 | BN88: =$A88 -> 2.75 | BO88: =$B88 -> 0.025342557 | BP88: =BN89 -> 3.75 | BQ88: =BO89 -> 0.026140748 | BR88: =(BQ88-BO88)/(BP88-BN88) -> 0.0007981907 | BS88: =BT87 -> 0.0012126053 | BT88: =IF($F$5, (BR88*BR89>=0) * AVERAGE(BR88:BR89), AVERAGE(BR88:BR89)) -> 0.0011383288 | BU88: =(BS88+BT88-2*(BQ88-BO88)/(BP88-BN88))/(BP88-BN88)^2 -> 0.0007545527 | BV88: =((BQ88-BO88)/(BP88-BN88) - BS88 - BU88*(BP88^2 + BN88*BP88 - 2*BN88^2))/(BP88-BN88) -> -0.0073940271 | BW88: =BS88-2*BV88*BN88 - 3*BU88*BN88^2 -> 0.02476084 | BX88: =BO88 -BU88*BN88^3 - BV88*BN88^2 - BW88*BN88 -> -0.0025247607 | CA88: =$A88 -> 2.75 | CB88: =$B88 -> 0.025342557 | CC88: =CA89 -> 3.75 | CD88: =CB89 -> 0.026130748 | CE88: =(CD88-CB88)/(CC88-CA88) -> 0.0007881907 | CF88: =CG87 -> 0.0012076053 | CG88: =IF($F$5, (CE88*CE89>=0) * AVERAGE(CE88:CE89), AVERAGE(CE88:CE89)) -> 0.0011433288 | CH88: =(CF88+CG88-2*(CD88-CB88)/(CC88-CA88))/(CC88-CA88)^2 -> 0.0007745527 | CI88: =((CD88-CB88)/(CC88-CA88) - CF88 - CH88*(CC88^2 + CA88*CC88 - 2*CA88^2))/(CC88-CA88) -> -0.0075840271 | CJ88: =CF88-2*CI88*CA88 - 3*CH88*CA88^2 -> 0.02534709 | CK88: =CB88 -CH88*CA88^3 - CI88*CA88^2 - CJ88*CA88 -> -0.0031160107 | CN88: =$A88 -> 2.75 | CO88: =$B88 -> 0.025342557 | CP88: =CN89 -> 3.75 | CQ88: =CO89 -> 0.026130748 | CR88: =(CQ88-CO88)/(CP88-CN88) -> 0.0007881907 | CS88: =CT87 -> 0.0012076053 | CT88: =IF($F$5, (CR88*CR89>=0) * AVERAGE(CR88:CR89), AVERAGE(CR88:CR89)) -> 0.0011383288 | CU88: =(CS88+CT88-2*(CQ88-CO88)/(CP88-CN88))/(CP88-CN88)^2 -> 0.0007695527 | CV88: =((CQ88-CO88)/(CP88-CN88) - CS88 - CU88*(CP88^2 + CN88*CP88 - 2*CN88^2))/(CP88-CN88) -> -0.0075377771 | CW88: =CS88-2*CV88*CN88 - 3*CU88*CN88^2 -> 0.025206152 | CX88: =CO88 -CU88*CN88^3 - CV88*CN88^2 - CW88*CN88 -> -0.0029742138 | DA88: =$A88 -> 2.75 | DB88: =$B88 -> 0.025342557 | DC88: =DA89 -> 3.75 | DD88: =DB89 -> 0.026130748 | DE88: =(DD88-DB88)/(DC88-DA88) -> 0.0007881907 | DF88: =DG87 -> 0.0012076053 | DG88: =IF($F$5, (DE88*DE89>=0) * AVERAGE(DE88:DE89), AVERAGE(DE88:DE89)) -> 0.0011383288 | DH88: =(DF88+DG88-2*(DD88-DB88)/(DC88-DA88))/(DC88-DA88)^2 -> 0.0007695527 | DI88: =((DD88-DB88)/(DC88-DA88) - DF88 - DH88*(DC88^2 + DA88*DC88 - 2*DA88^2))/(DC88-DA88) -> -0.0075377771 | DJ88: =DF88-2*DI88*DA88 - 3*DH88*DA88^2 -> 0.025206152 | DK88: =DB88 -DH88*DA88^3 - DI88*DA88^2 - DJ88*DA88 -> -0.0029742138
A89: =A77 -> 3.75 | B89: =AH77 -> 0.026130748 | C89: =A90 -> 4.75 | D89: =B90 -> 0.027619215 | E89: =(D89-B89)/(C89-A89) -> 0.0014884669 | F89: =G88 -> 0.0011383288 | G89: =IF($F$5, (E89*E90>=0) * AVERAGE(E89:E90), AVERAGE(E89:E90)) -> 0.00084474406 | H89: =(F89+G89-2*(D89-B89)/(C89-A89))/(C89-A89)^2 -> -0.00099386098 | I89: =((D89-B89)/(C89-A89) - F89 - H89*(C89^2 + A89*C89 - 2*A89^2))/(C89-A89) -> 0.012524935 | J89: =F89-2*I89*A89 - 3*H89*A89^2 -> -0.050870175 | K89: =B89 -H89*A89^3 - I89*A89^2 - J89*A89 -> 0.09317264 | N89: =$A89 -> 3.75 | O89: =$B89 -> 0.026130748 | P89: =N90 -> 4.75 | Q89: =O90 -> 0.027619215 | R89: =(Q89-O89)/(P89-N89) -> 0.0014884669 | S89: =T88 -> 0.0011383288 | T89: =IF($F$5, (R89*R90>=0) * AVERAGE(R89:R90), AVERAGE(R89:R90)) -> 0.00084474406 | U89: =(S89+T89-2*(Q89-O89)/(P89-N89))/(P89-N89)^2 -> -0.00099386098 | V89: =((Q89-O89)/(P89-N89) - S89 - U89*(P89^2 + N89*P89 - 2*N89^2))/(P89-N89) -> 0.012524935 | W89: =S89-2*V89*N89 - 3*U89*N89^2 -> -0.050870175 | X89: =O89 -U89*N89^3 - V89*N89^2 - W89*N89 -> 0.09317264 | AA89: =$A89 -> 3.75 | AB89: =$B89 -> 0.026130748 | AC89: =AA90 -> 4.75 | AD89: =AB90 -> 0.027619215 | AE89: =(AD89-AB89)/(AC89-AA89) -> 0.0014884669 | AF89: =AG88 -> 0.0011383288 | AG89: =IF($F$5, (AE89*AE90>=0) * AVERAGE(AE89:AE90), AVERAGE(AE89:AE90)) -> 0.00084474406 | AH89: =(AF89+AG89-2*(AD89-AB89)/(AC89-AA89))/(AC89-AA89)^2 -> -0.00099386098 | AI89: =((AD89-AB89)/(AC89-AA89) - AF89 - AH89*(AC89^2 + AA89*AC89 - 2*AA89^2))/(AC89-AA89) -> 0.012524935 | AJ89: =AF89-2*AI89*AA89 - 3*AH89*AA89^2 -> -0.050870175 | AK89: =AB89 -AH89*AA89^3 - AI89*AA89^2 - AJ89*AA89 -> 0.09317264 | AN89: =$A89 -> 3.75 | AO89: =$B89 -> 0.026130748 | AP89: =AN90 -> 4.75 | AQ89: =AO90 -> 0.027619215 | AR89: =(AQ89-AO89)/(AP89-AN89) -> 0.0014884669 | AS89: =AT88 -> 0.0011383288 | AT89: =IF($F$5, (AR89*AR90>=0) * AVERAGE(AR89:AR90), AVERAGE(AR89:AR90)) -> 0.00084474406 | AU89: =(AS89+AT89-2*(AQ89-AO89)/(AP89-AN89))/(AP89-AN89)^2 -> -0.00099386098 | AV89: =((AQ89-AO89)/(AP89-AN89) - AS89 - AU89*(AP89^2 + AN89*AP89 - 2*AN89^2))/(AP89-AN89) -> 0.012524935 | AW89: =AS89-2*AV89*AN89 - 3*AU89*AN89^2 -> -0.050870175 | AX89: =AO89 -AU89*AN89^3 - AV89*AN89^2 - AW89*AN89 -> 0.09317264 | BA89: =$A89 -> 3.75 | BB89: =$B89 -> 0.026130748 | BC89: =BA90 -> 4.75 | BD89: =BB90 -> 0.027619215 | BE89: =(BD89-BB89)/(BC89-BA89) -> 0.0014884669 | BF89: =BG88 -> 0.0011333288 | BG89: =IF($F$5, (BE89*BE90>=0) * AVERAGE(BE89:BE90), AVERAGE(BE89:BE90)) -> 0.00084474406 | BH89: =(BF89+BG89-2*(BD89-BB89)/(BC89-BA89))/(BC89-BA89)^2 -> -0.00099886098 | BI89: =((BD89-BB89)/(BC89-BA89) - BF89 - BH89*(BC89^2 + BA89*BC89 - 2*BA89^2))/(BC89-BA89) -> 0.012591185 | BJ89: =BF89-2*BI89*BA89 - 3*BH89*BA89^2 -> -0.051161112 | BK89: =BB89 -BH89*BA89^3 - BI89*BA89^2 - BJ89*BA89 -> 0.093595687 | BN89: =$A89 -> 3.75 | BO89: =$B89+BM84 -> 0.026140748 | BP89: =BN90 -> 4.75 | BQ89: =BO90 -> 0.027619215 | BR89: =(BQ89-BO89)/(BP89-BN89) -> 0.0014784669 | BS89: =BT88 -> 0.0011383288 | BT89: =IF($F$5, (BR89*BR90>=0) * AVERAGE(BR89:BR90), AVERAGE(BR89:BR90)) -> 0.00083974406 | BU89: =(BS89+BT89-2*(BQ89-BO89)/(BP89-BN89))/(BP89-BN89)^2 -> -0.00097886098 | BV89: =((BQ89-BO89)/(BP89-BN89) - BS89 - BU89*(BP89^2 + BN89*BP89 - 2*BN89^2))/(BP89-BN89) -> 0.012331185 | BW89: =BS89-2*BV89*BN89 - 3*BU89*BN89^2 -> -0.050049862 | BX89: =BO89 -BU89*BN89^3 - BV89*BN89^2 - BW89*BN89 -> 0.092040062 | CA89: =$A89 -> 3.75 | CB89: =$B89 -> 0.026130748 | CC89: =CA90 -> 4.75 | CD89: =CB90 -> 0.027629215 | CE89: =(CD89-CB89)/(CC89-CA89) -> 0.0014984669 | CF89: =CG88 -> 0.0011433288 | CG89: =IF($F$5, (CE89*CE90>=0) * AVERAGE(CE89:CE90), AVERAGE(CE89:CE90)) -> 0.00084724406 | CH89: =(CF89+CG89-2*(CD89-CB89)/(CC89-CA89))/(CC89-CA89)^2 -> -0.001006361 | CI89: =((CD89-CB89)/(CC89-CA89) - CF89 - CH89*(CC89^2 + CA89*CC89 - 2*CA89^2))/(CC89-CA89) -> 0.01268306 | CJ89: =CF89-2*CI89*CA89 - 3*CH89*CA89^2 -> -0.051523768 | CK89: =CB89 -CH89*CA89^3 - CI89*CA89^2 - CJ89*CA89 -> 0.094059163 | CN89: =$A89 -> 3.75 | CO89: =$B89 -> 0.026130748 | CP89: =CN90 -> 4.75 | CQ89: =CO90 -> 0.027619215 | CR89: =(CQ89-CO89)/(CP89-CN89) -> 0.0014884669 | CS89: =CT88 -> 0.0011383288 | CT89: =IF($F$5, (CR89*CR90>=0) * AVERAGE(CR89:CR90), AVERAGE(CR89:CR90)) -> 0.00084724406 | CU89: =(CS89+CT89-2*(CQ89-CO89)/(CP89-CN89))/(CP89-CN89)^2 -> -0.00099136098 | CV89: =((CQ89-CO89)/(CP89-CN89) - CS89 - CU89*(CP89^2 + CN89*CP89 - 2*CN89^2))/(CP89-CN89) -> 0.01249431 | CW89: =CS89-2*CV89*CN89 - 3*CU89*CN89^2 -> -0.050745956 | CX89: =CO89 -CU89*CN89^3 - CV89*CN89^2 - CW89*CN89 -> 0.093005648 | DA89: =$A89 -> 3.75 | DB89: =$B89 -> 0.026130748 | DC89: =DA90 -> 4.75 | DD89: =DB90 -> 0.027619215 | DE89: =(DD89-DB89)/(DC89-DA89) -> 0.0014884669 | DF89: =DG88 -> 0.0011383288 | DG89: =IF($F$5, (DE89*DE90>=0) * AVERAGE(DE89:DE90), AVERAGE(DE89:DE90)) -> 0.00084474406 | DH89: =(DF89+DG89-2*(DD89-DB89)/(DC89-DA89))/(DC89-DA89)^2 -> -0.00099386098 | DI89: =((DD89-DB89)/(DC89-DA89) - DF89 - DH89*(DC89^2 + DA89*DC89 - 2*DA89^2))/(DC89-DA89) -> 0.012524935 | DJ89: =DF89-2*DI89*DA89 - 3*DH89*DA89^2 -> -0.050870175 | DK89: =DB89 -DH89*DA89^3 - DI89*DA89^2 - DJ89*DA89 -> 0.09317264
A90: =A78 -> 4.75 | B90: =AH78 -> 0.027619215 | C90: =A91 -> 6.75 | D90: =B91 -> 0.028021257 | E90: =(D90-B90)/(C90-A90) -> 0.00020102119 | F90: =G89 -> 0.00084474406 | G90: =IF($F$5, (E90*E91>=0) * AVERAGE(E90:E91), AVERAGE(E90:E91)) -> 0.00064329367 | H90: =(F90+G90-2*(D90-B90)/(C90-A90))/(C90-A90)^2 -> 0.00027149884 | I90: =((D90-B90)/(C90-A90) - F90 - H90*(C90^2 + A90*C90 - 2*A90^2))/(C90-A90) -> -0.0047337175 | J90: =F90-2*I90*A90 - 3*H90*A90^2 -> 0.027437983 | K90: =B90 -H90*A90^3 - I90*A90^2 - J90*A90 -> -0.025003743 | N90: =$A90 -> 4.75 | O90: =$B90 -> 0.027619215 | P90: =N91 -> 6.75 | Q90: =O91 -> 0.028021257 | R90: =(Q90-O90)/(P90-N90) -> 0.00020102119 | S90: =T89 -> 0.00084474406 | T90: =IF($F$5, (R90*R91>=0) * AVERAGE(R90:R91), AVERAGE(R90:R91)) -> 0.00064329367 | U90: =(S90+T90-2*(Q90-O90)/(P90-N90))/(P90-N90)^2 -> 0.00027149884 | V90: =((Q90-O90)/(P90-N90) - S90 - U90*(P90^2 + N90*P90 - 2*N90^2))/(P90-N90) -> -0.0047337175 | W90: =S90-2*V90*N90 - 3*U90*N90^2 -> 0.027437983 | X90: =O90 -U90*N90^3 - V90*N90^2 - W90*N90 -> -0.025003743 | AA90: =$A90 -> 4.75 | AB90: =$B90 -> 0.027619215 | AC90: =AA91 -> 6.75 | AD90: =AB91 -> 0.028021257 | AE90: =(AD90-AB90)/(AC90-AA90) -> 0.00020102119 | AF90: =AG89 -> 0.00084474406 | AG90: =IF($F$5, (AE90*AE91>=0) * AVERAGE(AE90:AE91), AVERAGE(AE90:AE91)) -> 0.00064329367 | AH90: =(AF90+AG90-2*(AD90-AB90)/(AC90-AA90))/(AC90-AA90)^2 -> 0.00027149884 | AI90: =((AD90-AB90)/(AC90-AA90) - AF90 - AH90*(AC90^2 + AA90*AC90 - 2*AA90^2))/(AC90-AA90) -> -0.0047337175 | AJ90: =AF90-2*AI90*AA90 - 3*AH90*AA90^2 -> 0.027437983 | AK90: =AB90 -AH90*AA90^3 - AI90*AA90^2 - AJ90*AA90 -> -0.025003743 | AN90: =$A90 -> 4.75 | AO90: =$B90 -> 0.027619215 | AP90: =AN91 -> 6.75 | AQ90: =AO91 -> 0.028021257 | AR90: =(AQ90-AO90)/(AP90-AN90) -> 0.00020102119 | AS90: =AT89 -> 0.00084474406 | AT90: =IF($F$5, (AR90*AR91>=0) * AVERAGE(AR90:AR91), AVERAGE(AR90:AR91)) -> 0.00064329367 | AU90: =(AS90+AT90-2*(AQ90-AO90)/(AP90-AN90))/(AP90-AN90)^2 -> 0.00027149884 | AV90: =((AQ90-AO90)/(AP90-AN90) - AS90 - AU90*(AP90^2 + AN90*AP90 - 2*AN90^2))/(AP90-AN90) -> -0.0047337175 | AW90: =AS90-2*AV90*AN90 - 3*AU90*AN90^2 -> 0.027437983 | AX90: =AO90 -AU90*AN90^3 - AV90*AN90^2 - AW90*AN90 -> -0.025003743 | BA90: =$A90 -> 4.75 | BB90: =$B90 -> 0.027619215 | BC90: =BA91 -> 6.75 | BD90: =BB91 -> 0.028021257 | BE90: =(BD90-BB90)/(BC90-BA90) -> 0.00020102119 | BF90: =BG89 -> 0.00084474406 | BG90: =IF($F$5, (BE90*BE91>=0) * AVERAGE(BE90:BE91), AVERAGE(BE90:BE91)) -> 0.00064329367 | BH90: =(BF90+BG90-2*(BD90-BB90)/(BC90-BA90))/(BC90-BA90)^2 -> 0.00027149884 | BI90: =((BD90-BB90)/(BC90-BA90) - BF90 - BH90*(BC90^2 + BA90*BC90 - 2*BA90^2))/(BC90-BA90) -> -0.0047337175 | BJ90: =BF90-2*BI90*BA90 - 3*BH90*BA90^2 -> 0.027437983 | BK90: =BB90 -BH90*BA90^3 - BI90*BA90^2 - BJ90*BA90 -> -0.025003743 | BN90: =$A90 -> 4.75 | BO90: =$B90 -> 0.027619215 | BP90: =BN91 -> 6.75 | BQ90: =BO91 -> 0.028021257 | BR90: =(BQ90-BO90)/(BP90-BN90) -> 0.00020102119 | BS90: =BT89 -> 0.00083974406 | BT90: =IF($F$5, (BR90*BR91>=0) * AVERAGE(BR90:BR91), AVERAGE(BR90:BR91)) -> 0.00064329367 | BU90: =(BS90+BT90-2*(BQ90-BO90)/(BP90-BN90))/(BP90-BN90)^2 -> 0.00027024884 | BV90: =((BQ90-BO90)/(BP90-BN90) - BS90 - BU90*(BP90^2 + BN90*BP90 - 2*BN90^2))/(BP90-BN90) -> -0.004710905 | BW90: =BS90-2*BV90*BN90 - 3*BU90*BN90^2 -> 0.027300874 | BX90: =BO90 -BU90*BN90^3 - BV90*BN90^2 - BW90*BN90 -> -0.024733215 | CA90: =$A90 -> 4.75 | CB90: =$B90+BZ84 -> 0.027629215 | CC90: =CA91 -> 6.75 | CD90: =CB91 -> 0.028021257 | CE90: =(CD90-CB90)/(CC90-CA90) -> 0.00019602119 | CF90: =CG89 -> 0.00084724406 | CG90: =IF($F$5, (CE90*CE91>=0) * AVERAGE(CE90:CE91), AVERAGE(CE90:CE91)) -> 0.00064079367 | CH90: =(CF90+CG90-2*(CD90-CB90)/(CC90-CA90))/(CC90-CA90)^2 -> 0.00027399884 | CI90: =((CD90-CB90)/(CC90-CA90) - CF90 - CH90*(CC90^2 + CA90*CC90 - 2*CA90^2))/(CC90-CA90) -> -0.0047780925 | CJ90: =CF90-2*CI90*CA90 - 3*CH90*CA90^2 -> 0.027692827 | CK90: =CB90 -CH90*CA90^3 - CI90*CA90^2 - CJ90*CA90 -> -0.025470969 | CN90: =$A90 -> 4.75 | CO90: =$B90 -> 0.027619215 | CP90: =CN91 -> 6.75 | CQ90: =CO91 -> 0.028031257 | CR90: =(CQ90-CO90)/(CP90-CN90) -> 0.00020602119 | CS90: =CT89 -> 0.00084724406 | CT90: =IF($F$5, (CR90*CR91>=0) * AVERAGE(CR90:CR91), AVERAGE(CR90:CR91)) -> 0.000644127 | CU90: =(CS90+CT90-2*(CQ90-CO90)/(CP90-CN90))/(CP90-CN90)^2 -> 0.00026983217 | CV90: =((CQ90-CO90)/(CP90-CN90) - CS90 - CU90*(CP90^2 + CN90*CP90 - 2*CN90^2))/(CP90-CN90) -> -0.0047053842 | CW90: =CS90-2*CV90*CN90 - 3*CU90*CN90^2 -> 0.027284129 | CX90: =CO90 -CU90*CN90^3 - CV90*CN90^2 - CW90*CN90 -> -0.024733586 | DA90: =$A90 -> 4.75 | DB90: =$B90 -> 0.027619215 | DC90: =DA91 -> 6.75 | DD90: =DB91 -> 0.028021257 | DE90: =(DD90-DB90)/(DC90-DA90) -> 0.00020102119 | DF90: =DG89 -> 0.00084474406 | DG90: =IF($F$5, (DE90*DE91>=0) * AVERAGE(DE90:DE91), AVERAGE(DE90:DE91)) -> 0.00064496034 | DH90: =(DF90+DG90-2*(DD90-DB90)/(DC90-DA90))/(DC90-DA90)^2 -> 0.0002719155 | DI90: =((DD90-DB90)/(DC90-DA90) - DF90 - DH90*(DC90^2 + DA90*DC90 - 2*DA90^2))/(DC90-DA90) -> -0.0047404884 | DJ90: =DF90-2*DI90*DA90 - 3*DH90*DA90^2 -> 0.027474103 | DK90: =DB90 -DH90*DA90^3 - DI90*DA90^2 - DJ90*DA90 -> -0.0250672
A91: =A79 -> 6.75 | B91: =AH79 -> 0.028021257 | C91: =A92 -> 9.75 | D91: =B92 -> 0.031277956 | E91: =(D91-B91)/(C91-A91) -> 0.0010855661 | F91: =G90 -> 0.00064329367 | G91: =IF($F$5, (E91*E92>=0) * AVERAGE(E91:E92), AVERAGE(E91:E92)) -> 0.00054278307 | H91: =(F91+G91-2*(D91-B91)/(C91-A91))/(C91-A91)^2 -> -0.00010945062 | I91: =((D91-B91)/(C91-A91) - F91 - H91*(C91^2 + A91*C91 - 2*A91^2))/(C91-A91) -> 0.002692151 | J91: =F91-2*I91*A91 - 3*H91*A91^2 -> -0.020740214 | K91: =B91 -H91*A91^3 - I91*A91^2 - J91*A91 -> 0.079017765 | N91: =$A91 -> 6.75 | O91: =$B91 -> 0.028021257 | P91: =N92 -> 9.75 | Q91: =O92 -> 0.031277956 | R91: =(Q91-O91)/(P91-N91) -> 0.0010855661 | S91: =T90 -> 0.00064329367 | T91: =IF($F$5, (R91*R92>=0) * AVERAGE(R91:R92), AVERAGE(R91:R92)) -> 0.00054278307 | U91: =(S91+T91-2*(Q91-O91)/(P91-N91))/(P91-N91)^2 -> -0.00010945062 | V91: =((Q91-O91)/(P91-N91) - S91 - U91*(P91^2 + N91*P91 - 2*N91^2))/(P91-N91) -> 0.002692151 | W91: =S91-2*V91*N91 - 3*U91*N91^2 -> -0.020740214 | X91: =O91 -U91*N91^3 - V91*N91^2 - W91*N91 -> 0.079017765 | AA91: =$A91 -> 6.75 | AB91: =$B91 -> 0.028021257 | AC91: =AA92 -> 9.75 | AD91: =AB92 -> 0.031277956 | AE91: =(AD91-AB91)/(AC91-AA91) -> 0.0010855661 | AF91: =AG90 -> 0.00064329367 | AG91: =IF($F$5, (AE91*AE92>=0) * AVERAGE(AE91:AE92), AVERAGE(AE91:AE92)) -> 0.00054278307 | AH91: =(AF91+AG91-2*(AD91-AB91)/(AC91-AA91))/(AC91-AA91)^2 -> -0.00010945062 | AI91: =((AD91-AB91)/(AC91-AA91) - AF91 - AH91*(AC91^2 + AA91*AC91 - 2*AA91^2))/(AC91-AA91) -> 0.002692151 | AJ91: =AF91-2*AI91*AA91 - 3*AH91*AA91^2 -> -0.020740214 | AK91: =AB91 -AH91*AA91^3 - AI91*AA91^2 - AJ91*AA91 -> 0.079017765 | AN91: =$A91 -> 6.75 | AO91: =$B91 -> 0.028021257 | AP91: =AN92 -> 9.75 | AQ91: =AO92 -> 0.031277956 | AR91: =(AQ91-AO91)/(AP91-AN91) -> 0.0010855661 | AS91: =AT90 -> 0.00064329367 | AT91: =IF($F$5, (AR91*AR92>=0) * AVERAGE(AR91:AR92), AVERAGE(AR91:AR92)) -> 0.00054278307 | AU91: =(AS91+AT91-2*(AQ91-AO91)/(AP91-AN91))/(AP91-AN91)^2 -> -0.00010945062 | AV91: =((AQ91-AO91)/(AP91-AN91) - AS91 - AU91*(AP91^2 + AN91*AP91 - 2*AN91^2))/(AP91-AN91) -> 0.002692151 | AW91: =AS91-2*AV91*AN91 - 3*AU91*AN91^2 -> -0.020740214 | AX91: =AO91 -AU91*AN91^3 - AV91*AN91^2 - AW91*AN91 -> 0.079017765 | BA91: =$A91 -> 6.75 | BB91: =$B91 -> 0.028021257 | BC91: =BA92 -> 9.75 | BD91: =BB92 -> 0.031277956 | BE91: =(BD91-BB91)/(BC91-BA91) -> 0.0010855661 | BF91: =BG90 -> 0.00064329367 | BG91: =IF($F$5, (BE91*BE92>=0) * AVERAGE(BE91:BE92), AVERAGE(BE91:BE92)) -> 0.00054278307 | BH91: =(BF91+BG91-2*(BD91-BB91)/(BC91-BA91))/(BC91-BA91)^2 -> -0.00010945062 | BI91: =((BD91-BB91)/(BC91-BA91) - BF91 - BH91*(BC91^2 + BA91*BC91 - 2*BA91^2))/(BC91-BA91) -> 0.002692151 | BJ91: =BF91-2*BI91*BA91 - 3*BH91*BA91^2 -> -0.020740214 | BK91: =BB91 -BH91*BA91^3 - BI91*BA91^2 - BJ91*BA91 -> 0.079017765 | BN91: =$A91 -> 6.75 | BO91: =$B91 -> 0.028021257 | BP91: =BN92 -> 9.75 | BQ91: =BO92 -> 0.031277956 | BR91: =(BQ91-BO91)/(BP91-BN91) -> 0.0010855661 | BS91: =BT90 -> 0.00064329367 | BT91: =IF($F$5, (BR91*BR92>=0) * AVERAGE(BR91:BR92), AVERAGE(BR91:BR92)) -> 0.00054278307 | BU91: =(BS91+BT91-2*(BQ91-BO91)/(BP91-BN91))/(BP91-BN91)^2 -> -0.00010945062 | BV91: =((BQ91-BO91)/(BP91-BN91) - BS91 - BU91*(BP91^2 + BN91*BP91 - 2*BN91^2))/(BP91-BN91) -> 0.002692151 | BW91: =BS91-2*BV91*BN91 - 3*BU91*BN91^2 -> -0.020740214 | BX91: =BO91 -BU91*BN91^3 - BV91*BN91^2 - BW91*BN91 -> 0.079017765 | CA91: =$A91 -> 6.75 | CB91: =$B91 -> 0.028021257 | CC91: =CA92 -> 9.75 | CD91: =CB92 -> 0.031277956 | CE91: =(CD91-CB91)/(CC91-CA91) -> 0.0010855661 | CF91: =CG90 -> 0.00064079367 | CG91: =IF($F$5, (CE91*CE92>=0) * AVERAGE(CE91:CE92), AVERAGE(CE91:CE92)) -> 0.00054278307 | CH91: =(CF91+CG91-2*(CD91-CB91)/(CC91-CA91))/(CC91-CA91)^2 -> -0.00010972839 | CI91: =((CD91-CB91)/(CC91-CA91) - CF91 - CH91*(CC91^2 + CA91*CC91 - 2*CA91^2))/(CC91-CA91) -> 0.0026994427 | CJ91: =CF91-2*CI91*CA91 - 3*CH91*CA91^2 -> -0.020803182 | CK91: =CB91 -CH91*CA91^3 - CI91*CA91^2 - CJ91*CA91 -> 0.079196007 | CN91: =$A91 -> 6.75 | CO91: =$B91+CM84 -> 0.028031257 | CP91: =CN92 -> 9.75 | CQ91: =CO92 -> 0.031277956 | CR91: =(CQ91-CO91)/(CP91-CN91) -> 0.0010822328 | CS91: =CT90 -> 0.000644127 | CT91: =IF($F$5, (CR91*CR92>=0) * AVERAGE(CR91:CR92), AVERAGE(CR91:CR92)) -> 0.00054111641 | CU91: =(CS91+CT91-2*(CQ91-CO91)/(CP91-CN91))/(CP91-CN91)^2 -> -0.00010880247 | CV91: =((CQ91-CO91)/(CP91-CN91) - CS91 - CU91*(CP91^2 + CN91*CP91 - 2*CN91^2))/(CP91-CN91) -> 0.0026756927 | CW91: =CS91-2*CV91*CN91 - 3*CU91*CN91^2 -> -0.020605787 | CX91: =CO91 -CU91*CN91^3 - CV91*CN91^2 - CW91*CN91 -> 0.078670929 | DA91: =$A91 -> 6.75 | DB91: =$B91 -> 0.028021257 | DC91: =DA92 -> 9.75 | DD91: =DB92 -> 0.031287956 | DE91: =(DD91-DB91)/(DC91-DA91) -> 0.0010888995 | DF91: =DG90 -> 0.00064496034 | DG91: =IF($F$5, (DE91*DE92>=0) * AVERAGE(DE91:DE92), AVERAGE(DE91:DE92)) -> 0.00054444974 | DH91: =(DF91+DG91-2*(DD91-DB91)/(DC91-DA91))/(DC91-DA91)^2 -> -0.00010982099 | DI91: =((DD91-DB91)/(DC91-DA91) - DF91 - DH91*(DC91^2 + DA91*DC91 - 2*DA91^2))/(DC91-DA91) -> 0.0027013177 | DJ91: =DF91-2*DI91*DA91 - 3*DH91*DA91^2 -> -0.020811672 | DK91: =DB91 -DH91*DA91^3 - DI91*DA91^2 - DJ91*DA91 -> 0.079196358
A92: =A80 -> 9.75 | B92: =AH80 -> 0.031277956 | C92: 100 | D92: =B92 -> 0.031277956 | E92: =(D92-B92)/(C92-A92) -> 0 | F92: =G91 -> 0.00054278307 | G92: 0 | H92: =(F92+G92-2*(D92-B92)/(C92-A92))/(C92-A92)^2 -> 6.6639522e-08 | I92: =((D92-B92)/(C92-A92) - F92 - H92*(C92^2 + A92*C92 - 2*A92^2))/(C92-A92) -> -1.397764e-05 | J92: =F92-2*I92*A92 - 3*H92*A92^2 -> 0.00079634229 | K92: =B92 -H92*A92^3 - I92*A92^2 - J92*A92 -> 0.024780602 | N92: =$A92 -> 9.75 | O92: =$B92 -> 0.031277956 | P92: 100 | Q92: =O92 -> 0.031277956 | R92: =(Q92-O92)/(P92-N92) -> 0 | S92: =T91 -> 0.00054278307 | T92: 0 | U92: =(S92+T92-2*(Q92-O92)/(P92-N92))/(P92-N92)^2 -> 6.6639522e-08 | V92: =((Q92-O92)/(P92-N92) - S92 - U92*(P92^2 + N92*P92 - 2*N92^2))/(P92-N92) -> -1.397764e-05 | W92: =S92-2*V92*N92 - 3*U92*N92^2 -> 0.00079634229 | X92: =O92 -U92*N92^3 - V92*N92^2 - W92*N92 -> 0.024780602 | AA92: =$A92 -> 9.75 | AB92: =$B92 -> 0.031277956 | AC92: 100 | AD92: =AB92 -> 0.031277956 | AE92: =(AD92-AB92)/(AC92-AA92) -> 0 | AF92: =AG91 -> 0.00054278307 | AG92: 0 | AH92: =(AF92+AG92-2*(AD92-AB92)/(AC92-AA92))/(AC92-AA92)^2 -> 6.6639522e-08 | AI92: =((AD92-AB92)/(AC92-AA92) - AF92 - AH92*(AC92^2 + AA92*AC92 - 2*AA92^2))/(AC92-AA92) -> -1.397764e-05 | AJ92: =AF92-2*AI92*AA92 - 3*AH92*AA92^2 -> 0.00079634229 | AK92: =AB92 -AH92*AA92^3 - AI92*AA92^2 - AJ92*AA92 -> 0.024780602 | AN92: =$A92 -> 9.75 | AO92: =$B92 -> 0.031277956 | AP92: 100 | AQ92: =AO92 -> 0.031277956 | AR92: =(AQ92-AO92)/(AP92-AN92) -> 0 | AS92: =AT91 -> 0.00054278307 | AT92: 0 | AU92: =(AS92+AT92-2*(AQ92-AO92)/(AP92-AN92))/(AP92-AN92)^2 -> 6.6639522e-08 | AV92: =((AQ92-AO92)/(AP92-AN92) - AS92 - AU92*(AP92^2 + AN92*AP92 - 2*AN92^2))/(AP92-AN92) -> -1.397764e-05 | AW92: =AS92-2*AV92*AN92 - 3*AU92*AN92^2 -> 0.00079634229 | AX92: =AO92 -AU92*AN92^3 - AV92*AN92^2 - AW92*AN92 -> 0.024780602 | BA92: =$A92 -> 9.75 | BB92: =$B92 -> 0.031277956 | BC92: 100 | BD92: =BB92 -> 0.031277956 | BE92: =(BD92-BB92)/(BC92-BA92) -> 0 | BF92: =BG91 -> 0.00054278307 | BG92: 0 | BH92: =(BF92+BG92-2*(BD92-BB92)/(BC92-BA92))/(BC92-BA92)^2 -> 6.6639522e-08 | BI92: =((BD92-BB92)/(BC92-BA92) - BF92 - BH92*(BC92^2 + BA92*BC92 - 2*BA92^2))/(BC92-BA92) -> -1.397764e-05 | BJ92: =BF92-2*BI92*BA92 - 3*BH92*BA92^2 -> 0.00079634229 | BK92: =BB92 -BH92*BA92^3 - BI92*BA92^2 - BJ92*BA92 -> 0.024780602 | BN92: =$A92 -> 9.75 | BO92: =$B92 -> 0.031277956 | BP92: 100 | BQ92: =BO92 -> 0.031277956 | BR92: =(BQ92-BO92)/(BP92-BN92) -> 0 | BS92: =BT91 -> 0.00054278307 | BT92: 0 | BU92: =(BS92+BT92-2*(BQ92-BO92)/(BP92-BN92))/(BP92-BN92)^2 -> 6.6639522e-08 | BV92: =((BQ92-BO92)/(BP92-BN92) - BS92 - BU92*(BP92^2 + BN92*BP92 - 2*BN92^2))/(BP92-BN92) -> -1.397764e-05 | BW92: =BS92-2*BV92*BN92 - 3*BU92*BN92^2 -> 0.00079634229 | BX92: =BO92 -BU92*BN92^3 - BV92*BN92^2 - BW92*BN92 -> 0.024780602 | CA92: =$A92 -> 9.75 | CB92: =$B92 -> 0.031277956 | CC92: 100 | CD92: =CB92 -> 0.031277956 | CE92: =(CD92-CB92)/(CC92-CA92) -> 0 | CF92: =CG91 -> 0.00054278307 | CG92: 0 | CH92: =(CF92+CG92-2*(CD92-CB92)/(CC92-CA92))/(CC92-CA92)^2 -> 6.6639522e-08 | CI92: =((CD92-CB92)/(CC92-CA92) - CF92 - CH92*(CC92^2 + CA92*CC92 - 2*CA92^2))/(CC92-CA92) -> -1.397764e-05 | CJ92: =CF92-2*CI92*CA92 - 3*CH92*CA92^2 -> 0.00079634229 | CK92: =CB92 -CH92*CA92^3 - CI92*CA92^2 - CJ92*CA92 -> 0.024780602 | CN92: =$A92 -> 9.75 | CO92: =$B92 -> 0.031277956 | CP92: 100 | CQ92: =CO92 -> 0.031277956 | CR92: =(CQ92-CO92)/(CP92-CN92) -> 0 | CS92: =CT91 -> 0.00054111641 | CT92: 0 | CU92: =(CS92+CT92-2*(CQ92-CO92)/(CP92-CN92))/(CP92-CN92)^2 -> 6.6434899e-08 | CV92: =((CQ92-CO92)/(CP92-CN92) - CS92 - CU92*(CP92^2 + CN92*CP92 - 2*CN92^2))/(CP92-CN92) -> -1.393472e-05 | CW92: =CS92-2*CV92*CN92 - 3*CU92*CN92^2 -> 0.00079389705 | CX92: =CO92 -CU92*CN92^3 - CV92*CN92^2 - CW92*CN92 -> 0.024800553 | DA92: =$A92 -> 9.75 | DB92: =$B92+CZ84 -> 0.031287956 | DC92: 100 | DD92: =DB92 -> 0.031287956 | DE92: =(DD92-DB92)/(DC92-DA92) -> 0 | DF92: =DG91 -> 0.00054444974 | DG92: 0 | DH92: =(DF92+DG92-2*(DD92-DB92)/(DC92-DA92))/(DC92-DA92)^2 -> 6.6844145e-08 | DI92: =((DD92-DB92)/(DC92-DA92) - DF92 - DH92*(DC92^2 + DA92*DC92 - 2*DA92^2))/(DC92-DA92) -> -1.4020559e-05 | DJ92: =DF92-2*DI92*DA92 - 3*DH92*DA92^2 -> 0.00079878753 | DK92: =DB92 -DH92*DA92^3 - DI92*DA92^2 - DJ92*DA92 -> 0.024770651
A94: {=TRANSPOSE($A$2:$A$9)} -> 3M Fixing | B94: 1Y Swap | C94: 2Y Swap | D94: 3Y Swap | E94: 4Y Swap | F94: 5Y Swap | G94: 7Y Swap | H94: 10Y Swap | N94: {=TRANSPOSE($A$2:$A$9)} -> 3M Fixing | O94: 1Y Swap | P94: 2Y Swap | Q94: 3Y Swap | R94: 4Y Swap | S94: 5Y Swap | T94: 7Y Swap | U94: 10Y Swap | AA94: {=TRANSPOSE($A$2:$A$9)} -> 3M Fixing | AB94: 1Y Swap | AC94: 2Y Swap | AD94: 3Y Swap | AE94: 4Y Swap | AF94: 5Y Swap | AG94: 7Y Swap | AH94: 10Y Swap | AN94: {=TRANSPOSE($A$2:$A$9)} -> 3M Fixing | AO94: 1Y Swap | AP94: 2Y Swap | AQ94: 3Y Swap | AR94: 4Y Swap | AS94: 5Y Swap | AT94: 7Y Swap | AU94: 10Y Swap | BA94: {=TRANSPOSE($A$2:$A$9)} -> 3M Fixing | BB94: 1Y Swap | BC94: 2Y Swap | BD94: 3Y Swap | BE94: 4Y Swap | BF94: 5Y Swap | BG94: 7Y Swap | BH94: 10Y Swap | BN94: {=TRANSPOSE($A$2:$A$9)} -> 3M Fixing | BO94: 1Y Swap | BP94: 2Y Swap | BQ94: 3Y Swap | BR94: 4Y Swap | BS94: 5Y Swap | BT94: 7Y Swap | BU94: 10Y Swap | CA94: {=TRANSPOSE($A$2:$A$9)} -> 3M Fixing | CB94: 1Y Swap | CC94: 2Y Swap | CD94: 3Y Swap | CE94: 4Y Swap | CF94: 5Y Swap | CG94: 7Y Swap | CH94: 10Y Swap | CN94: {=TRANSPOSE($A$2:$A$9)} -> 3M Fixing | CO94: 1Y Swap | CP94: 2Y Swap | CQ94: 3Y Swap | CR94: 4Y Swap | CS94: 5Y Swap | CT94: 7Y Swap | CU94: 10Y Swap | DA94: {=TRANSPOSE($A$2:$A$9)} -> 3M Fixing | DB94: 1Y Swap | DC94: 2Y Swap | DD94: 3Y Swap | DE94: 4Y Swap | DF94: 5Y Swap | DG94: 7Y Swap | DH94: 10Y Swap
A95: =G98 -> 0.0253 | B95: =SUM(I99:I102)/SUM(J99:J102)*$F$6 -> 0.023200015 | C95: =SUM(I99:I106)/SUM(J99:J106)*$F$6 -> 0.022900008 | D95: =SUM(I99:I110)/SUM(J99:J110)*$F$6 -> 0.0236 | E95: =SUM(I99:I114)/SUM(J99:J114)*$F$6 -> 0.024199999 | F95: =SUM(I99:I118)/SUM(J99:J118)*$F$6 -> 0.024800003 | G95: =SUM(I99:I126)/SUM(J99:J126)*$F$6 -> 0.025700006 | H95: =SUM(I99:I138)/SUM(J99:J138)*$F$6 -> 0.026900022 | N95: =T98 -> 0.02531 | O95: =SUM(V99:V102)/SUM(W99:W102)*$F$6 -> 0.0232051 | P95: =SUM(V99:V106)/SUM(W99:W106)*$F$6 -> 0.022902578 | Q95: =SUM(V99:V110)/SUM(W99:W110)*$F$6 -> 0.023601734 | R95: =SUM(V99:V114)/SUM(W99:W114)*$F$6 -> 0.024201315 | S95: =SUM(V99:V118)/SUM(W99:W118)*$F$6 -> 0.02480107 | T95: =SUM(V99:V126)/SUM(W99:W126)*$F$6 -> 0.025700788 | U95: =SUM(V99:V138)/SUM(W99:W138)*$F$6 -> 0.026900591 | AA95: =AG98 -> 0.0253 | AB95: =SUM(AI99:AI102)/SUM(AJ99:AJ102)*$F$6 -> 0.023205103 | AC95: =SUM(AI99:AI106)/SUM(AJ99:AJ106)*$F$6 -> 0.022904663 | AD95: =SUM(AI99:AI110)/SUM(AJ99:AJ110)*$F$6 -> 0.02360301 | AE95: =SUM(AI99:AI114)/SUM(AJ99:AJ114)*$F$6 -> 0.024202284 | AF95: =SUM(AI99:AI118)/SUM(AJ99:AJ118)*$F$6 -> 0.024801854 | AG95: =SUM(AI99:AI126)/SUM(AJ99:AJ126)*$F$6 -> 0.025701363 | AH95: =SUM(AI99:AI138)/SUM(AJ99:AJ138)*$F$6 -> 0.026901009 | AN95: =AT98 -> 0.0253 | AO95: =SUM(AV99:AV102)/SUM(AW99:AW102)*$F$6 -> 0.023200015 | AP95: =SUM(AV99:AV106)/SUM(AW99:AW106)*$F$6 -> 0.02290315 | AQ95: =SUM(AV99:AV110)/SUM(AW99:AW110)*$F$6 -> 0.023603489 | AR95: =SUM(AV99:AV114)/SUM(AW99:AW114)*$F$6 -> 0.02420255 | AS95: =SUM(AV99:AV118)/SUM(AW99:AW118)*$F$6 -> 0.024802068 | AT95: =SUM(AV99:AV126)/SUM(AW99:AW126)*$F$6 -> 0.025701518 | AU95: =SUM(AV99:AV138)/SUM(AW99:AW138)*$F$6 -> 0.026901122 | BA95: =BG98 -> 0.0253 | BB95: =SUM(BI99:BI102)/SUM(BJ99:BJ102)*$F$6 -> 0.023200015 | BC95: =SUM(BI99:BI106)/SUM(BJ99:BJ106)*$F$6 -> 0.022899811 | BD95: =SUM(BI99:BI110)/SUM(BJ99:BJ110)*$F$6 -> 0.023602065 | BE95: =SUM(BI99:BI114)/SUM(BJ99:BJ114)*$F$6 -> 0.024202579 | BF95: =SUM(BI99:BI118)/SUM(BJ99:BJ118)*$F$6 -> 0.024802015 | BG95: =SUM(BI99:BI126)/SUM(BJ99:BJ126)*$F$6 -> 0.025701478 | BH95: =SUM(BI99:BI138)/SUM(BJ99:BJ138)*$F$6 -> 0.026901091 | BN95: =BT98 -> 0.0253 | BO95: =SUM(BV99:BV102)/SUM(BW99:BW102)*$F$6 -> 0.023200015 | BP95: =SUM(BV99:BV106)/SUM(BW99:BW106)*$F$6 -> 0.022900008 | BQ95: =SUM(BV99:BV110)/SUM(BW99:BW110)*$F$6 -> 0.02359987 | BR95: =SUM(BV99:BV114)/SUM(BW99:BW114)*$F$6 -> 0.024201527 | BS95: =SUM(BV99:BV118)/SUM(BW99:BW118)*$F$6 -> 0.024802039 | BT95: =SUM(BV99:BV126)/SUM(BW99:BW126)*$F$6 -> 0.02570127 | BU95: =SUM(BV99:BV138)/SUM(BW99:BW138)*$F$6 -> 0.026900939 | CA95: =CG98 -> 0.0253 | CB95: =SUM(CI99:CI102)/SUM(CJ99:CJ102)*$F$6 -> 0.023200015 | CC95: =SUM(CI99:CI106)/SUM(CJ99:CJ106)*$F$6 -> 0.022900008 | CD95: =SUM(CI99:CI110)/SUM(CJ99:CJ110)*$F$6 -> 0.0236 | CE95: =SUM(CI99:CI114)/SUM(CJ99:CJ114)*$F$6 -> 0.024199903 | CF95: =SUM(CI99:CI118)/SUM(CJ99:CJ118)*$F$6 -> 0.024801171 | CG95: =SUM(CI99:CI126)/SUM(CJ99:CJ126)*$F$6 -> 0.025702282 | CH95: =SUM(CI99:CI138)/SUM(CJ99:CJ138)*$F$6 -> 0.026901497 | CN95: =CT98 -> 0.0253 | CO95: =SUM(CV99:CV102)/SUM(CW99:CW102)*$F$6 -> 0.023200015 | CP95: =SUM(CV99:CV106)/SUM(CW99:CW106)*$F$6 -> 0.022900008 | CQ95: =SUM(CV99:CV110)/SUM(CW99:CW110)*$F$6 -> 0.0236 | CR95: =SUM(CV99:CV114)/SUM(CW99:CW114)*$F$6 -> 0.024199999 | CS95: =SUM(CV99:CV118)/SUM(CW99:CW118)*$F$6 -> 0.024799965 | CT95: =SUM(CV99:CV126)/SUM(CW99:CW126)*$F$6 -> 0.025701571 | CU95: =SUM(CV99:CV138)/SUM(CW99:CW138)*$F$6 -> 0.026902608 | DA95: =DG98 -> 0.0253 | DB95: =SUM(DI99:DI102)/SUM(DJ99:DJ102)*$F$6 -> 0.023200015 | DC95: =SUM(DI99:DI106)/SUM(DJ99:DJ106)*$F$6 -> 0.022900008 | DD95: =SUM(DI99:DI110)/SUM(DJ99:DJ110)*$F$6 -> 0.0236 | DE95: =SUM(DI99:DI114)/SUM(DJ99:DJ114)*$F$6 -> 0.024199999 | DF95: =SUM(DI99:DI118)/SUM(DJ99:DJ118)*$F$6 -> 0.024800003 | DG95: =SUM(DI99:DI126)/SUM(DJ99:DJ126)*$F$6 -> 0.025699932 | DH95: =SUM(DI99:DI138)/SUM(DJ99:DJ138)*$F$6 -> 0.026901443
A97: Years | B97: Left X | C97: a | D97: b | E97: c | F97: d | G97: Euribor | H97: Disc Fact | I97: Float PV | J97: Fixed PV | N97: Years | O97: Left X | P97: a | Q97: b | R97: c | S97: d | T97: Euribor | U97: Disc Fact | V97: Float PV | W97: Fixed PV | AA97: Years | AB97: Left X | AC97: a | AD97: b | AE97: c | AF97: d | AG97: Euribor | AH97: Disc Fact | AI97: Float PV | AJ97: Fixed PV | AN97: Years | AO97: Left X | AP97: a | AQ97: b | AR97: c | AS97: d | AT97: Euribor | AU97: Disc Fact | AV97: Float PV | AW97: Fixed PV | BA97: Years | BB97: Left X | BC97: a | BD97: b | BE97: c | BF97: d | BG97: Euribor | BH97: Disc Fact | BI97: Float PV | BJ97: Fixed PV | BN97: Years | BO97: Left X | BP97: a | BQ97: b | BR97: c | BS97: d | BT97: Euribor | BU97: Disc Fact | BV97: Float PV | BW97: Fixed PV | CA97: Years | CB97: Left X | CC97: a | CD97: b | CE97: c | CF97: d | CG97: Euribor | CH97: Disc Fact | CI97: Float PV | CJ97: Fixed PV | CN97: Years | CO97: Left X | CP97: a | CQ97: b | CR97: c | CS97: d | CT97: Euribor | CU97: Disc Fact | CV97: Float PV | CW97: Fixed PV | DA97: Years | DB97: Left X | DC97: a | DD97: b | DE97: c | DF97: d | DG97: Euribor | DH97: Disc Fact | DI97: Float PV | DJ97: Fixed PV
A98: 0 | B98: {=INDEX(A85:A93, MATCH(A98:A138, A85:A93, 1))} -> 0 | C98: {=VLOOKUP(B98:B138, A85:K92, COLUMN(H85)-COLUMN(A85) + 1, FALSE)} -> 0.021795386 | D98: {=VLOOKUP(B98:B138, A85:K92, COLUMN(I85)-COLUMN(A85) + 1, FALSE)} -> -0.024519809 | E98: {=VLOOKUP(B98:B138, A85:K92, COLUMN(J85)-COLUMN(A85) + 1, FALSE)} -> 0 | F98: {=VLOOKUP(B98:B138, A85:K92, COLUMN(K85)-COLUMN(A85) + 1, FALSE)} -> 0.0253 | G98: =C98*A98^3 + D98*A98^2 + E98*A98 + F98 -> 0.0253 | H98: 1 | N98: 0 | O98: {=INDEX(N85:N93, MATCH(N98:N138, N85:N93, 1))} -> 0 | P98: {=VLOOKUP(O98:O138, N85:X92, COLUMN(U85)-COLUMN(N85) + 1, FALSE)} -> 0.021842793 | Q98: {=VLOOKUP(O98:O138, N85:X92, COLUMN(V85)-COLUMN(N85) + 1, FALSE)} -> -0.024573142 | R98: {=VLOOKUP(O98:O138, N85:X92, COLUMN(W85)-COLUMN(N85) + 1, FALSE)} -> 0 | S98: {=VLOOKUP(O98:O138, N85:X92, COLUMN(X85)-COLUMN(N85) + 1, FALSE)} -> 0.02531 | T98: =P98*N98^3 + Q98*N98^2 + R98*N98 + S98 -> 0.02531 | U98: 1 | AA98: 0 | AB98: {=INDEX(AA85:AA93, MATCH(AA98:AA138, AA85:AA93, 1))} -> 0 | AC98: {=VLOOKUP(AB98:AB138, AA85:AK92, COLUMN(AH85)-COLUMN(AA85) + 1, FALSE)} -> 0.021747978 | AD98: {=VLOOKUP(AB98:AB138, AA85:AK92, COLUMN(AI85)-COLUMN(AA85) + 1, FALSE)} -> -0.024466476 | AE98: {=VLOOKUP(AB98:AB138, AA85:AK92, COLUMN(AJ85)-COLUMN(AA85) + 1, FALSE)} -> 0 | AF98: {=VLOOKUP(AB98:AB138, AA85:AK92, COLUMN(AK85)-COLUMN(AA85) + 1, FALSE)} -> 0.0253 | AG98: =AC98*AA98^3 + AD98*AA98^2 + AE98*AA98 + AF98 -> 0.0253 | AH98: 1 | AN98: 0 | AO98: {=INDEX(AN85:AN93, MATCH(AN98:AN138, AN85:AN93, 1))} -> 0 | AP98: {=VLOOKUP(AO98:AO138, AN85:AX92, COLUMN(AU85)-COLUMN(AN85) + 1, FALSE)} -> 0.021795386 | AQ98: {=VLOOKUP(AO98:AO138, AN85:AX92, COLUMN(AV85)-COLUMN(AN85) + 1, FALSE)} -> -0.024519809 | AR98: {=VLOOKUP(AO98:AO138, AN85:AX92, COLUMN(AW85)-COLUMN(AN85) + 1, FALSE)} -> 0 | AS98: {=VLOOKUP(AO98:AO138, AN85:AX92, COLUMN(AX85)-COLUMN(AN85) + 1, FALSE)} -> 0.0253 | AT98: =AP98*AN98^3 + AQ98*AN98^2 + AR98*AN98 + AS98 -> 0.0253 | AU98: 1 | BA98: 0 | BB98: {=INDEX(BA85:BA93, MATCH(BA98:BA138, BA85:BA93, 1))} -> 0 | BC98: {=VLOOKUP(BB98:BB138, BA85:BK92, COLUMN(BH85)-COLUMN(BA85) + 1, FALSE)} -> 0.021795386 | BD98: {=VLOOKUP(BB98:BB138, BA85:BK92, COLUMN(BI85)-COLUMN(BA85) + 1, FALSE)} -> -0.024519809 | BE98: {=VLOOKUP(BB98:BB138, BA85:BK92, COLUMN(BJ85)-COLUMN(BA85) + 1, FALSE)} -> 0 | BF98: {=VLOOKUP(BB98:BB138, BA85:BK92, COLUMN(BK85)-COLUMN(BA85) + 1, FALSE)} -> 0.0253 | BG98: =BC98*BA98^3 + BD98*BA98^2 + BE98*BA98 + BF98 -> 0.0253 | BH98: 1 | BN98: 0 | BO98: {=INDEX(BN85:BN93, MATCH(BN98:BN138, BN85:BN93, 1))} -> 0 | BP98: {=VLOOKUP(BO98:BO138, BN85:BX92, COLUMN(BU85)-COLUMN(BN85) + 1, FALSE)} -> 0.021795386 | BQ98: {=VLOOKUP(BO98:BO138, BN85:BX92, COLUMN(BV85)-COLUMN(BN85) + 1, FALSE)} -> -0.024519809 | BR98: {=VLOOKUP(BO98:BO138, BN85:BX92, COLUMN(BW85)-COLUMN(BN85) + 1, FALSE)} -> 0 | BS98: {=VLOOKUP(BO98:BO138, BN85:BX92, COLUMN(BX85)-COLUMN(BN85) + 1, FALSE)} -> 0.0253 | BT98: =BP98*BN98^3 + BQ98*BN98^2 + BR98*BN98 + BS98 -> 0.0253 | BU98: 1 | CA98: 0 | CB98: {=INDEX(CA85:CA93, MATCH(CA98:CA138, CA85:CA93, 1))} -> 0 | CC98: {=VLOOKUP(CB98:CB138, CA85:CK92, COLUMN(CH85)-COLUMN(CA85) + 1, FALSE)} -> 0.021795386 | CD98: {=VLOOKUP(CB98:CB138, CA85:CK92, COLUMN(CI85)-COLUMN(CA85) + 1, FALSE)} -> -0.024519809 | CE98: {=VLOOKUP(CB98:CB138, CA85:CK92, COLUMN(CJ85)-COLUMN(CA85) + 1, FALSE)} -> 0 | CF98: {=VLOOKUP(CB98:CB138, CA85:CK92, COLUMN(CK85)-COLUMN(CA85) + 1, FALSE)} -> 0.0253 | CG98: =CC98*CA98^3 + CD98*CA98^2 + CE98*CA98 + CF98 -> 0.0253 | CH98: 1 | CN98: 0 | CO98: {=INDEX(CN85:CN93, MATCH(CN98:CN138, CN85:CN93, 1))} -> 0 | CP98: {=VLOOKUP(CO98:CO138, CN85:CX92, COLUMN(CU85)-COLUMN(CN85) + 1, FALSE)} -> 0.021795386 | CQ98: {=VLOOKUP(CO98:CO138, CN85:CX92, COLUMN(CV85)-COLUMN(CN85) + 1, FALSE)} -> -0.024519809 | CR98: {=VLOOKUP(CO98:CO138, CN85:CX92, COLUMN(CW85)-COLUMN(CN85) + 1, FALSE)} -> 0 | CS98: {=VLOOKUP(CO98:CO138, CN85:CX92, COLUMN(CX85)-COLUMN(CN85) + 1, FALSE)} -> 0.0253 | CT98: =CP98*CN98^3 + CQ98*CN98^2 + CR98*CN98 + CS98 -> 0.0253 | CU98: 1 | DA98: 0 | DB98: {=INDEX(DA85:DA93, MATCH(DA98:DA138, DA85:DA93, 1))} -> 0 | DC98: {=VLOOKUP(DB98:DB138, DA85:DK92, COLUMN(DH85)-COLUMN(DA85) + 1, FALSE)} -> 0.021795386 | DD98: {=VLOOKUP(DB98:DB138, DA85:DK92, COLUMN(DI85)-COLUMN(DA85) + 1, FALSE)} -> -0.024519809 | DE98: {=VLOOKUP(DB98:DB138, DA85:DK92, COLUMN(DJ85)-COLUMN(DA85) + 1, FALSE)} -> 0 | DF98: {=VLOOKUP(DB98:DB138, DA85:DK92, COLUMN(DK85)-COLUMN(DA85) + 1, FALSE)} -> 0.0253 | DG98: =DC98*DA98^3 + DD98*DA98^2 + DE98*DA98 + DF98 -> 0.0253 | DH98: 1
A99: 0.25 | B99: 0 | C99: 0.021795386 | D99: -0.024519809 | E99: 0 | F99: 0.0253 | G99: =C99*A99^3 + D99*A99^2 + E99*A99 + F99 -> 0.024108065 | H99: =H98 / (1 + G98*(A99-A98)) -> 0.99371475 | I99: {=G98:G137 * H99:H138 * (A99:A138-A98:A137)} -> 0.0062852458 | J99: {=(ROUND(A99:A138*$F$6, 0)=A99:A138*$F$6) * H99:H138} -> 0 | N99: 0.25 | O99: 0 | P99: 0.021842793 | Q99: -0.024573142 | R99: 0 | S99: 0.02531 | T99: =P99*N99^3 + Q99*N99^2 + R99*N99 + S99 -> 0.024115472 | U99: =U98 / (1 + T98*(N99-N98)) -> 0.99371229 | V99: {=T98:T137 * U99:U138 * (N99:N138-N98:N137)} -> 0.0062877145 | W99: {=(ROUND(N99:N138*$F$6, 0)=N99:N138*$F$6) * U99:U138} -> 0 | AA99: 0.25 | AB99: 0 | AC99: 0.021747978 | AD99: -0.024466476 | AE99: 0 | AF99: 0.0253 | AG99: =AC99*AA99^3 + AD99*AA99^2 + AE99*AA99 + AF99 -> 0.024110657 | AH99: =AH98 / (1 + AG98*(AA99-AA98)) -> 0.99371475 | AI99: {=AG98:AG137 * AH99:AH138 * (AA99:AA138-AA98:AA137)} -> 0.0062852458 | AJ99: {=(ROUND(AA99:AA138*$F$6, 0)=AA99:AA138*$F$6) * AH99:AH138} -> 0 | AN99: 0.25 | AO99: 0 | AP99: 0.021795386 | AQ99: -0.024519809 | AR99: 0 | AS99: 0.0253 | AT99: =AP99*AN99^3 + AQ99*AN99^2 + AR99*AN99 + AS99 -> 0.024108065 | AU99: =AU98 / (1 + AT98*(AN99-AN98)) -> 0.99371475 | AV99: {=AT98:AT137 * AU99:AU138 * (AN99:AN138-AN98:AN137)} -> 0.0062852458 | AW99: {=(ROUND(AN99:AN138*$F$6, 0)=AN99:AN138*$F$6) * AU99:AU138} -> 0 | BA99: 0.25 | BB99: 0 | BC99: 0.021795386 | BD99: -0.024519809 | BE99: 0 | BF99: 0.0253 | BG99: =BC99*BA99^3 + BD99*BA99^2 + BE99*BA99 + BF99 -> 0.024108065 | BH99: =BH98 / (1 + BG98*(BA99-BA98)) -> 0.99371475 | BI99: {=BG98:BG137 * BH99:BH138 * (BA99:BA138-BA98:BA137)} -> 0.0062852458 | BJ99: {=(ROUND(BA99:BA138*$F$6, 0)=BA99:BA138*$F$6) * BH99:BH138} -> 0 | BN99: 0.25 | BO99: 0 | BP99: 0.021795386 | BQ99: -0.024519809 | BR99: 0 | BS99: 0.0253 | BT99: =BP99*BN99^3 + BQ99*BN99^2 + BR99*BN99 + BS99 -> 0.024108065 | BU99: =BU98 / (1 + BT98*(BN99-BN98)) -> 0.99371475 | BV99: {=BT98:BT137 * BU99:BU138 * (BN99:BN138-BN98:BN137)} -> 0.0062852458 | BW99: {=(ROUND(BN99:BN138*$F$6, 0)=BN99:BN138*$F$6) * BU99:BU138} -> 0 | CA99: 0.25 | CB99: 0 | CC99: 0.021795386 | CD99: -0.024519809 | CE99: 0 | CF99: 0.0253 | CG99: =CC99*CA99^3 + CD99*CA99^2 + CE99*CA99 + CF99 -> 0.024108065 | CH99: =CH98 / (1 + CG98*(CA99-CA98)) -> 0.99371475 | CI99: {=CG98:CG137 * CH99:CH138 * (CA99:CA138-CA98:CA137)} -> 0.0062852458 | CJ99: {=(ROUND(CA99:CA138*$F$6, 0)=CA99:CA138*$F$6) * CH99:CH138} -> 0 | CN99: 0.25 | CO99: 0 | CP99: 0.021795386 | CQ99: -0.024519809 | CR99: 0 | CS99: 0.0253 | CT99: =CP99*CN99^3 + CQ99*CN99^2 + CR99*CN99 + CS99 -> 0.024108065 | CU99: =CU98 / (1 + CT98*(CN99-CN98)) -> 0.99371475 | CV99: {=CT98:CT137 * CU99:CU138 * (CN99:CN138-CN98:CN137)} -> 0.0062852458 | CW99: {=(ROUND(CN99:CN138*$F$6, 0)=CN99:CN138*$F$6) * CU99:CU138} -> 0 | DA99: 0.25 | DB99: 0 | DC99: 0.021795386 | DD99: -0.024519809 | DE99: 0 | DF99: 0.0253 | DG99: =DC99*DA99^3 + DD99*DA99^2 + DE99*DA99 + DF99 -> 0.024108065 | DH99: =DH98 / (1 + DG98*(DA99-DA98)) -> 0.99371475 | DI99: {=DG98:DG137 * DH99:DH138 * (DA99:DA138-DA98:DA137)} -> 0.0062852458 | DJ99: {=(ROUND(DA99:DA138*$F$6, 0)=DA99:DA138*$F$6) * DH99:DH138} -> 0
A100: 0.5 | B100: 0 | C100: 0.021795386 | D100: -0.024519809 | E100: 0 | F100: 0.0253 | G100: =C100*A100^3 + D100*A100^2 + E100*A100 + F100 -> 0.021894471 | H100: =H99 / (1 + G99*(A100-A99)) -> 0.9877615 | I100: 0.0059532546 | J100: 0 | N100: 0.5 | O100: 0 | P100: 0.021842793 | Q100: -0.024573142 | R100: 0 | S100: 0.02531 | T100: =P100*N100^3 + Q100*N100^2 + R100*N100 + S100 -> 0.021897064 | U100: =U99 / (1 + T99*(N100-N99)) -> 0.98775723 | V100: 0.005955058 | W100: 0 | AA100: 0.5 | AB100: 0 | AC100: 0.021747978 | AD100: -0.024466476 | AE100: 0 | AF100: 0.0253 | AG100: =AC100*AA100^3 + AD100*AA100^2 + AE100*AA100 + AF100 -> 0.021901878 | AH100: =AH99 / (1 + AG99*(AA100-AA99)) -> 0.98776086 | AI100: 0.0059538909 | AJ100: 0 | AN100: 0.5 | AO100: 0 | AP100: 0.021795386 | AQ100: -0.024519809 | AR100: 0 | AS100: 0.0253 | AT100: =AP100*AN100^3 + AQ100*AN100^2 + AR100*AN100 + AS100 -> 0.021894471 | AU100: =AU99 / (1 + AT99*(AN100-AN99)) -> 0.9877615 | AV100: 0.0059532546 | AW100: 0 | BA100: 0.5 | BB100: 0 | BC100: 0.021795386 | BD100: -0.024519809 | BE100: 0 | BF100: 0.0253 | BG100: =BC100*BA100^3 + BD100*BA100^2 + BE100*BA100 + BF100 -> 0.021894471 | BH100: =BH99 / (1 + BG99*(BA100-BA99)) -> 0.9877615 | BI100: 0.0059532546 | BJ100: 0 | BN100: 0.5 | BO100: 0 | BP100: 0.021795386 | BQ100: -0.024519809 | BR100: 0 | BS100: 0.0253 | BT100: =BP100*BN100^3 + BQ100*BN100^2 + BR100*BN100 + BS100 -> 0.021894471 | BU100: =BU99 / (1 + BT99*(BN100-BN99)) -> 0.9877615 | BV100: 0.0059532546 | BW100: 0 | CA100: 0.5 | CB100: 0 | CC100: 0.021795386 | CD100: -0.024519809 | CE100: 0 | CF100: 0.0253 | CG100: =CC100*CA100^3 + CD100*CA100^2 + CE100*CA100 + CF100 -> 0.021894471 | CH100: =CH99 / (1 + CG99*(CA100-CA99)) -> 0.9877615 | CI100: 0.0059532546 | CJ100: 0 | CN100: 0.5 | CO100: 0 | CP100: 0.021795386 | CQ100: -0.024519809 | CR100: 0 | CS100: 0.0253 | CT100: =CP100*CN100^3 + CQ100*CN100^2 + CR100*CN100 + CS100 -> 0.021894471 | CU100: =CU99 / (1 + CT99*(CN100-CN99)) -> 0.9877615 | CV100: 0.0059532546 | CW100: 0 | DA100: 0.5 | DB100: 0 | DC100: 0.021795386 | DD100: -0.024519809 | DE100: 0 | DF100: 0.0253 | DG100: =DC100*DA100^3 + DD100*DA100^2 + DE100*DA100 + DF100 -> 0.021894471 | DH100: =DH99 / (1 + DG99*(DA100-DA99)) -> 0.9877615 | DI100: 0.0059532546 | DJ100: 0
A101: 0.75 | B101: 0.75 | C101: -0.0037059922 | D101: 0.015057476 | E101: -0.016332352 | F101: 0.026045435 | G101: =C101*A101^3 + D101*A101^2 + E101*A101 + F101 -> 0.020702536 | H101: =H100 / (1 + G100*(A101-A100)) -> 0.9823843 | I101: 0.0053771962 | J101: 0 | N101: 0.75 | O101: 0.75 | P101: -0.0037059922 | Q101: 0.015057476 | R101: -0.016332352 | S101: 0.026045435 | T101: =P101*N101^3 + Q101*N101^2 + R101*N101 + S101 -> 0.020702536 | U101: =U100 / (1 + T100*(N101-N100)) -> 0.98237942 | V101: 0.0053778062 | W101: 0 | AA101: 0.75 | AB101: 0.75 | AC101: -0.0036909922 | AD101: 0.014998726 | AE101: -0.01626954 | AF101: 0.026035045 | AG101: =AC101*AA101^3 + AD101*AA101^2 + AE101*AA101 + AF101 -> 0.020712536 | AH101: =AH100 / (1 + AG100*(AA101-AA100)) -> 0.98238186 | AI101: 0.005379002 | AJ101: 0 | AN101: 0.75 | AO101: 0.75 | AP101: -0.0037259922 | AQ101: 0.015132476 | AR101: -0.016411102 | AS101: 0.026070748 | AT101: =AP101*AN101^3 + AQ101*AN101^2 + AR101*AN101 + AS101 -> 0.020702536 | AU101: =AU100 / (1 + AT100*(AN101-AN100)) -> 0.9823843 | AV101: 0.0053771962 | AW101: 0 | BA101: 0.75 | BB101: 0.75 | BC101: -0.0037009922 | BD101: 0.015041226 | BE101: -0.016316415 | BF101: 0.026040513 | BG101: =BC101*BA101^3 + BD101*BA101^2 + BE101*BA101 + BF101 -> 0.020702536 | BH101: =BH100 / (1 + BG100*(BA101-BA100)) -> 0.9823843 | BI101: 0.0053771962 | BJ101: 0 | BN101: 0.75 | BO101: 0.75 | BP101: -0.0037059922 | BQ101: 0.015057476 | BR101: -0.016332352 | BS101: 0.026045435 | BT101: =BP101*BN101^3 + BQ101*BN101^2 + BR101*BN101 + BS101 -> 0.020702536 | BU101: =BU100 / (1 + BT100*(BN101-BN100)) -> 0.9823843 | BV101: 0.0053771962 | BW101: 0 | CA101: 0.75 | CB101: 0.75 | CC101: -0.0037059922 | CD101: 0.015057476 | CE101: -0.016332352 | CF101: 0.026045435 | CG101: =CC101*CA101^3 + CD101*CA101^2 + CE101*CA101 + CF101 -> 0.020702536 | CH101: =CH100 / (1 + CG100*(CA101-CA100)) -> 0.9823843 | CI101: 0.0053771962 | CJ101: 0 | CN101: 0.75 | CO101: 0.75 | CP101: -0.0037059922 | CQ101: 0.015057476 | CR101: -0.016332352 | CS101: 0.026045435 | CT101: =CP101*CN101^3 + CQ101*CN101^2 + CR101*CN101 + CS101 -> 0.020702536 | CU101: =CU100 / (1 + CT100*(CN101-CN100)) -> 0.9823843 | CV101: 0.0053771962 | CW101: 0 | DA101: 0.75 | DB101: 0.75 | DC101: -0.0037059922 | DD101: 0.015057476 | DE101: -0.016332352 | DF101: 0.026045435 | DG101: =DC101*DA101^3 + DD101*DA101^2 + DE101*DA101 + DF101 -> 0.020702536 | DH101: =DH100 / (1 + DG100*(DA101-DA100)) -> 0.9823843 | DI101: 0.0053771962 | DJ101: 0
A102: 1 | B102: 0.75 | C102: -0.0037059922 | D102: 0.015057476 | E102: -0.016332352 | F102: 0.026045435 | G102: =C102*A102^3 + D102*A102^2 + E102*A102 + F102 -> 0.021064567 | H102: =H101 / (1 + G101*(A102-A101)) -> 0.97732602 | I102: 0.0050582817 | J102: 0.97732602 | N102: 1 | O102: 0.75 | P102: -0.0037059922 | Q102: 0.015057476 | R102: -0.016332352 | S102: 0.026045435 | T102: =P102*N102^3 + Q102*N102^2 + R102*N102 + S102 -> 0.021064567 | U102: =U101 / (1 + T101*(N102-N101)) -> 0.97732116 | V102: 0.0050582566 | W102: 0.97732116 | AA102: 1 | AB102: 0.75 | AC102: -0.0036909922 | AD102: 0.014998726 | AE102: -0.01626954 | AF102: 0.026035045 | AG102: =AC102*AA102^3 + AD102*AA102^2 + AE102*AA102 + AF102 -> 0.021073239 | AH102: =AH101 / (1 + AG101*(AA102-AA101)) -> 0.97732116 | AI102: 0.0050606999 | AJ102: 0.97732116 | AN102: 1 | AO102: 0.75 | AP102: -0.0037259922 | AQ102: 0.015132476 | AR102: -0.016411102 | AS102: 0.026070748 | AT102: =AP102*AN102^3 + AQ102*AN102^2 + AR102*AN102 + AS102 -> 0.021066129 | AU102: =AU101 / (1 + AT101*(AN102-AN101)) -> 0.97732602 | AV102: 0.0050582817 | AW102: 0.97732602 | BA102: 1 | BB102: 0.75 | BC102: -0.0037009922 | BD102: 0.015041226 | BE102: -0.016316415 | BF102: 0.026040513 | BG102: =BC102*BA102^3 + BD102*BA102^2 + BE102*BA102 + BF102 -> 0.021064332 | BH102: =BH101 / (1 + BG101*(BA102-BA101)) -> 0.97732602 | BI102: 0.0050582817 | BJ102: 0.97732602 | BN102: 1 | BO102: 0.75 | BP102: -0.0037059922 | BQ102: 0.015057476 | BR102: -0.016332352 | BS102: 0.026045435 | BT102: =BP102*BN102^3 + BQ102*BN102^2 + BR102*BN102 + BS102 -> 0.021064567 | BU102: =BU101 / (1 + BT101*(BN102-BN101)) -> 0.97732602 | BV102: 0.0050582817 | BW102: 0.97732602 | CA102: 1 | CB102: 0.75 | CC102: -0.0037059922 | CD102: 0.015057476 | CE102: -0.016332352 | CF102: 0.026045435 | CG102: =CC102*CA102^3 + CD102*CA102^2 + CE102*CA102 + CF102 -> 0.021064567 | CH102: =CH101 / (1 + CG101*(CA102-CA101)) -> 0.97732602 | CI102: 0.0050582817 | CJ102: 0.97732602 | CN102: 1 | CO102: 0.75 | CP102: -0.0037059922 | CQ102: 0.015057476 | CR102: -0.016332352 | CS102: 0.026045435 | CT102: =CP102*CN102^3 + CQ102*CN102^2 + CR102*CN102 + CS102 -> 0.021064567 | CU102: =CU101 / (1 + CT101*(CN102-CN101)) -> 0.97732602 | CV102: 0.0050582817 | CW102: 0.97732602 | DA102: 1 | DB102: 0.75 | DC102: -0.0037059922 | DD102: 0.015057476 | DE102: -0.016332352 | DF102: 0.026045435 | DG102: =DC102*DA102^3 + DD102*DA102^2 + DE102*DA102 + DF102 -> 0.021064567 | DH102: =DH101 / (1 + DG101*(DA102-DA101)) -> 0.97732602 | DI102: 0.0050582817 | DJ102: 0.97732602
A103: 1.25 | B103: 0.75 | C103: -0.0037059922 | D103: 0.015057476 | E103: -0.016332352 | F103: 0.026045435 | G103: =C103*A103^3 + D103*A103^2 + E103*A103 + F103 -> 0.021919035 | H103: =H102 / (1 + G102*(A103-A102)) -> 0.97220625 | I103: 0.0051197758 | J103: 0 | N103: 1.25 | O103: 0.75 | P103: -0.0037059922 | Q103: 0.015057476 | R103: -0.016332352 | S103: 0.026045435 | T103: =P103*N103^3 + Q103*N103^2 + R103*N103 + S103 -> 0.021919035 | U103: =U102 / (1 + T102*(N103-N102)) -> 0.97220141 | V103: 0.0051197504 | W103: 0 | AA103: 1.25 | AB103: 0.75 | AC103: -0.0036909922 | AD103: 0.014998726 | AE103: -0.01626954 | AF103: 0.026035045 | AG103: =AC103*AA103^3 + AD103*AA103^2 + AE103*AA103 + AF103 -> 0.02192466 | AH103: =AH102 / (1 + AG102*(AA103-AA102)) -> 0.97219931 | AI103: 0.005121847 | AJ103: 0 | AN103: 1.25 | AO103: 0.75 | AP103: -0.0037259922 | AQ103: 0.015132476 | AR103: -0.016411102 | AS103: 0.026070748 | AT103: =AP103*AN103^3 + AQ103*AN103^2 + AR103*AN103 + AS103 -> 0.021924035 | AU103: =AU102 / (1 + AT102*(AN103-AN102)) -> 0.97220587 | AV103: 0.0051201536 | AW103: 0 | BA103: 1.25 | BB103: 0.75 | BC103: -0.0037009922 | BD103: 0.015041226 | BE103: -0.016316415 | BF103: 0.026040513 | BG103: =BC103*BA103^3 + BD103*BA103^2 + BE103*BA103 + BF103 -> 0.02191841 | BH103: =BH102 / (1 + BG102*(BA103-BA102)) -> 0.9722063 | BI103: 0.0051197192 | BJ103: 0 | BN103: 1.25 | BO103: 0.75 | BP103: -0.0037059922 | BQ103: 0.015057476 | BR103: -0.016332352 | BS103: 0.026045435 | BT103: =BP103*BN103^3 + BQ103*BN103^2 + BR103*BN103 + BS103 -> 0.021919035 | BU103: =BU102 / (1 + BT102*(BN103-BN102)) -> 0.97220625 | BV103: 0.0051197758 | BW103: 0 | CA103: 1.25 | CB103: 0.75 | CC103: -0.0037059922 | CD103: 0.015057476 | CE103: -0.016332352 | CF103: 0.026045435 | CG103: =CC103*CA103^3 + CD103*CA103^2 + CE103*CA103 + CF103 -> 0.021919035 | CH103: =CH102 / (1 + CG102*(CA103-CA102)) -> 0.97220625 | CI103: 0.0051197758 | CJ103: 0 | CN103: 1.25 | CO103: 0.75 | CP103: -0.0037059922 | CQ103: 0.015057476 | CR103: -0.016332352 | CS103: 0.026045435 | CT103: =CP103*CN103^3 + CQ103*CN103^2 + CR103*CN103 + CS103 -> 0.021919035 | CU103: =CU102 / (1 + CT102*(CN103-CN102)) -> 0.97220625 | CV103: 0.0051197758 | CW103: 0 | DA103: 1.25 | DB103: 0.75 | DC103: -0.0037059922 | DD103: 0.015057476 | DE103: -0.016332352 | DF103: 0.026045435 | DG103: =DC103*DA103^3 + DD103*DA103^2 + DE103*DA103 + DF103 -> 0.021919035 | DH103: =DH102 / (1 + DG102*(DA103-DA102)) -> 0.97220625 | DI103: 0.0051197758 | DJ103: 0
A104: 1.5 | B104: 0.75 | C104: -0.0037059922 | D104: 0.015057476 | E104: -0.016332352 | F104: 0.026045435 | G104: =C104*A104^3 + D104*A104^2 + E104*A104 + F104 -> 0.022918504 | H104: =H103 / (1 + G103*(A104-A103)) -> 0.96690782 | I104: 0.0052984217 | J104: 0 | N104: 1.5 | O104: 0.75 | P104: -0.0037059922 | Q104: 0.015057476 | R104: -0.016332352 | S104: 0.026045435 | T104: =P104*N104^3 + Q104*N104^2 + R104*N104 + S104 -> 0.022918504 | U104: =U103 / (1 + T103*(N104-N103)) -> 0.96690302 | V104: 0.0052983953 | W104: 0 | AA104: 1.5 | AB104: 0.75 | AC104: -0.0036909922 | AD104: 0.014998726 | AE104: -0.01626954 | AF104: 0.026035045 | AG104: =AC104*AA104^3 + AD104*AA104^2 + AE104*AA104 + AF104 -> 0.02292077 | AH104: =AH103 / (1 + AG103*(AA104-AA103)) -> 0.96689958 | AI104: 0.0052997362 | AJ104: 0 | AN104: 1.5 | AO104: 0.75 | AP104: -0.0037259922 | AQ104: 0.015132476 | AR104: -0.016411102 | AS104: 0.026070748 | AT104: =AP104*AN104^3 + AQ104*AN104^2 + AR104*AN104 + AS104 -> 0.022926942 | AU104: =AU103 / (1 + AT103*(AN104-AN103)) -> 0.96690625 | AV104: 0.0052996216 | AW104: 0 | BA104: 1.5 | BB104: 0.75 | BC104: -0.0037009922 | BD104: 0.015041226 | BE104: -0.016316415 | BF104: 0.026040513 | BG104: =BC104*BA104^3 + BD104*BA104^2 + BE104*BA104 + BF104 -> 0.022917801 | BH104: =BH103 / (1 + BG103*(BA104-BA103)) -> 0.96690803 | BI104: 0.0052982717 | BJ104: 0 | BN104: 1.5 | BO104: 0.75 | BP104: -0.0037059922 | BQ104: 0.015057476 | BR104: -0.016332352 | BS104: 0.026045435 | BT104: =BP104*BN104^3 + BQ104*BN104^2 + BR104*BN104 + BS104 -> 0.022918504 | BU104: =BU103 / (1 + BT103*(BN104-BN103)) -> 0.96690782 | BV104: 0.0052984217 | BW104: 0 | CA104: 1.5 | CB104: 0.75 | CC104: -0.0037059922 | CD104: 0.015057476 | CE104: -0.016332352 | CF104: 0.026045435 | CG104: =CC104*CA104^3 + CD104*CA104^2 + CE104*CA104 + CF104 -> 0.022918504 | CH104: =CH103 / (1 + CG103*(CA104-CA103)) -> 0.96690782 | CI104: 0.0052984217 | CJ104: 0 | CN104: 1.5 | CO104: 0.75 | CP104: -0.0037059922 | CQ104: 0.015057476 | CR104: -0.016332352 | CS104: 0.026045435 | CT104: =CP104*CN104^3 + CQ104*CN104^2 + CR104*CN104 + CS104 -> 0.022918504 | CU104: =CU103 / (1 + CT103*(CN104-CN103)) -> 0.96690782 | CV104: 0.0052984217 | CW104: 0 | DA104: 1.5 | DB104: 0.75 | DC104: -0.0037059922 | DD104: 0.015057476 | DE104: -0.016332352 | DF104: 0.026045435 | DG104: =DC104*DA104^3 + DD104*DA104^2 + DE104*DA104 + DF104 -> 0.022918504 | DH104: =DH103 / (1 + DG103*(DA104-DA103)) -> 0.96690782 | DI104: 0.0052984217 | DJ104: 0
A105: 1.75 | B105: 1.75 | C105: 0.0002735762 | D105: -0.002402842 | E105: 0.0082164765 | F105: 0.01522921 | G105: =C105*A105^3 + D105*A105^2 + E105*A105 + F105 -> 0.023715537 | H105: =H104 / (1 + G104*(A105-A104)) -> 0.96139937 | I105: 0.0055084589 | J105: 0 | N105: 1.75 | O105: 1.75 | P105: 0.0002735762 | Q105: -0.002402842 | R105: 0.0082164765 | S105: 0.01522921 | T105: =P105*N105^3 + Q105*N105^2 + R105*N105 + S105 -> 0.023715537 | U105: =U104 / (1 + T104*(N105-N104)) -> 0.96139459 | V105: 0.0055084315 | W105: 0 | AA105: 1.75 | AB105: 1.75 | AC105: 0.0002685762 | AD105: -0.002366592 | AE105: 0.008130539 | AF105: 0.015295382 | AG105: =AC105*AA105^3 + AD105*AA105^2 + AE105*AA105 + AF105 -> 0.023715537 | AH105: =AH104 / (1 + AG104*(AA105-AA104)) -> 0.96139062 | AI105: 0.0055089533 | AJ105: 0 | AN105: 1.75 | AO105: 1.75 | AP105: 0.0002885762 | AQ105: -0.002506592 | AR105: 0.008441789 | AS105: 0.015082257 | AT105: =AP105*AN105^3 + AQ105*AN105^2 + AR105*AN105 + AS105 -> 0.023725537 | AU105: =AU104 / (1 + AT104*(AN105-AN104)) -> 0.96139578 | AV105: 0.0055104663 | AW105: 0 | BA105: 1.75 | BB105: 1.75 | BC105: 0.0002585762 | BD105: -0.002304092 | BE105: 0.008013664 | BF105: 0.0153621 | BG105: =BC105*BA105^3 + BD105*BA105^2 + BE105*BA105 + BF105 -> 0.023715537 | BH105: =BH104 / (1 + BG104*(BA105-BA104)) -> 0.96139974 | BI105: 0.005508292 | BJ105: 0 | BN105: 1.75 | BO105: 1.75 | BP105: 0.0002785762 | BQ105: -0.002434092 | BR105: 0.008279914 | BS105: 0.0151871 | BT105: =BP105*BN105^3 + BQ105*BN105^2 + BR105*BN105 + BS105 -> 0.023715537 | BU105: =BU104 / (1 + BT104*(BN105-BN104)) -> 0.96139937 | BV105: 0.0055084589 | BW105: 0 | CA105: 1.75 | CB105: 1.75 | CC105: 0.0002735762 | CD105: -0.002402842 | CE105: 0.0082164765 | CF105: 0.01522921 | CG105: =CC105*CA105^3 + CD105*CA105^2 + CE105*CA105 + CF105 -> 0.023715537 | CH105: =CH104 / (1 + CG104*(CA105-CA104)) -> 0.96139937 | CI105: 0.0055084589 | CJ105: 0 | CN105: 1.75 | CO105: 1.75 | CP105: 0.0002735762 | CQ105: -0.002402842 | CR105: 0.0082164765 | CS105: 0.01522921 | CT105: =CP105*CN105^3 + CQ105*CN105^2 + CR105*CN105 + CS105 -> 0.023715537 | CU105: =CU104 / (1 + CT104*(CN105-CN104)) -> 0.96139937 | CV105: 0.0055084589 | CW105: 0 | DA105: 1.75 | DB105: 1.75 | DC105: 0.0002735762 | DD105: -0.002402842 | DE105: 0.0082164765 | DF105: 0.01522921 | DG105: =DC105*DA105^3 + DD105*DA105^2 + DE105*DA105 + DF105 -> 0.023715537 | DH105: =DH104 / (1 + DG104*(DA105-DA104)) -> 0.96139937 | DI105: 0.0055084589 | DJ105: 0
A106: 2 | B106: 1.75 | C106: 0.0002735762 | D106: -0.002402842 | E106: 0.0082164765 | F106: 0.01522921 | G106: =C106*A106^3 + D106*A106^2 + E106*A106 + F106 -> 0.024239404 | H106: =H105 / (1 + G105*(A106-A105)) -> 0.95573294 | I106: 0.00566643 | J106: 0.95573294 | N106: 2 | O106: 1.75 | P106: 0.0002735762 | Q106: -0.002402842 | R106: 0.0082164765 | S106: 0.01522921 | T106: =P106*N106^3 + Q106*N106^2 + R106*N106 + S106 -> 0.024239404 | U106: =U105 / (1 + T105*(N106-N105)) -> 0.95572819 | V106: 0.0056664018 | W106: 0.95572819 | AA106: 2 | AB106: 1.75 | AC106: 0.0002685762 | AD106: -0.002366592 | AE106: 0.008130539 | AF106: 0.015295382 | AG106: =AC106*AA106^3 + AD106*AA106^2 + AE106*AA106 + AF106 -> 0.024238701 | AH106: =AH105 / (1 + AG105*(AA106-AA105)) -> 0.95572425 | AI106: 0.0056663785 | AJ106: 0.95572425 | AN106: 2 | AO106: 1.75 | AP106: 0.0002885762 | AQ106: -0.002506592 | AR106: 0.008441789 | AS106: 0.015082257 | AT106: =AP106*AN106^3 + AQ106*AN106^2 + AR106*AN106 + AS106 -> 0.024248076 | AU106: =AU105 / (1 + AT105*(AN106-AN105)) -> 0.955727 | AV106: 0.0056687841 | AW106: 0.955727 | BA106: 2 | BB106: 1.75 | BC106: 0.0002585762 | BD106: -0.002304092 | BE106: 0.008013664 | BF106: 0.0153621 | BG106: =BC106*BA106^3 + BD106*BA106^2 + BE106*BA106 + BF106 -> 0.02424167 | BH106: =BH105 / (1 + BG105*(BA106-BA105)) -> 0.95573331 | BI106: 0.0056664322 | BJ106: 0.95573331 | BN106: 2 | BO106: 1.75 | BP106: 0.0002785762 | BQ106: -0.002434092 | BR106: 0.008279914 | BS106: 0.0151871 | BT106: =BP106*BN106^3 + BQ106*BN106^2 + BR106*BN106 + BS106 -> 0.02423917 | BU106: =BU105 / (1 + BT105*(BN106-BN105)) -> 0.95573294 | BV106: 0.00566643 | BW106: 0.95573294 | CA106: 2 | CB106: 1.75 | CC106: 0.0002735762 | CD106: -0.002402842 | CE106: 0.0082164765 | CF106: 0.01522921 | CG106: =CC106*CA106^3 + CD106*CA106^2 + CE106*CA106 + CF106 -> 0.024239404 | CH106: =CH105 / (1 + CG105*(CA106-CA105)) -> 0.95573294 | CI106: 0.00566643 | CJ106: 0.95573294 | CN106: 2 | CO106: 1.75 | CP106: 0.0002735762 | CQ106: -0.002402842 | CR106: 0.0082164765 | CS106: 0.01522921 | CT106: =CP106*CN106^3 + CQ106*CN106^2 + CR106*CN106 + CS106 -> 0.024239404 | CU106: =CU105 / (1 + CT105*(CN106-CN105)) -> 0.95573294 | CV106: 0.00566643 | CW106: 0.95573294 | DA106: 2 | DB106: 1.75 | DC106: 0.0002735762 | DD106: -0.002402842 | DE106: 0.0082164765 | DF106: 0.01522921 | DG106: =DC106*DA106^3 + DD106*DA106^2 + DE106*DA106 + DF106 -> 0.024239404 | DH106: =DH105 / (1 + DG105*(DA106-DA105)) -> 0.95573294 | DI106: 0.00566643 | DJ106: 0.95573294
A107: 2.25 | B107: 1.75 | C107: 0.0002735762 | D107: -0.002402842 | E107: 0.0082164765 | F107: 0.01522921 | G107: =C107*A107^3 + D107*A107^2 + E107*A107 + F107 -> 0.024668098 | H107: =H106 / (1 + G106*(A107-A106)) -> 0.94997622 | I107: 0.0057567144 | J107: 0 | N107: 2.25 | O107: 1.75 | P107: 0.0002735762 | Q107: -0.002402842 | R107: 0.0082164765 | S107: 0.01522921 | T107: =P107*N107^3 + Q107*N107^2 + R107*N107 + S107 -> 0.024668098 | U107: =U106 / (1 + T106*(N107-N106)) -> 0.9499715 | V107: 0.0057566858 | W107: 0 | AA107: 2.25 | AB107: 1.75 | AC107: 0.0002685762 | AD107: -0.002366592 | AE107: 0.008130539 | AF107: 0.015295382 | AG107: =AC107*AA107^3 + AD107*AA107^2 + AE107*AA107 + AF107 -> 0.024667473 | AH107: =AH106 / (1 + AG106*(AA107-AA106)) -> 0.94996775 | AI107: 0.0057564961 | AJ107: 0 | AN107: 2.25 | AO107: 1.75 | AP107: 0.0002885762 | AQ107: -0.002506592 | AR107: 0.008441789 | AS107: 0.015082257 | AT107: =AP107*AN107^3 + AQ107*AN107^2 + AR107*AN107 + AS107 -> 0.024673723 | AU107: =AU106 / (1 + AT106*(AN107-AN106)) -> 0.94996827 | AV107: 0.0057587257 | AW107: 0 | BA107: 2.25 | BB107: 1.75 | BC107: 0.0002585762 | BD107: -0.002304092 | BE107: 0.008013664 | BF107: 0.0153621 | BG107: =BC107*BA107^3 + BD107*BA107^2 + BE107*BA107 + BF107 -> 0.024673723 | BH107: =BH106 / (1 + BG106*(BA107-BA106)) -> 0.94997606 | BI107: 0.0057572514 | BJ107: 0 | BN107: 2.25 | BO107: 1.75 | BP107: 0.0002785762 | BQ107: -0.002434092 | BR107: 0.008279914 | BS107: 0.0151871 | BT107: =BP107*BN107^3 + BQ107*BN107^2 + BR107*BN107 + BS107 -> 0.024667473 | BU107: =BU106 / (1 + BT106*(BN107-BN106)) -> 0.94997628 | BV107: 0.005756659 | BW107: 0 | CA107: 2.25 | CB107: 1.75 | CC107: 0.0002735762 | CD107: -0.002402842 | CE107: 0.0082164765 | CF107: 0.01522921 | CG107: =CC107*CA107^3 + CD107*CA107^2 + CE107*CA107 + CF107 -> 0.024668098 | CH107: =CH106 / (1 + CG106*(CA107-CA106)) -> 0.94997622 | CI107: 0.0057567144 | CJ107: 0 | CN107: 2.25 | CO107: 1.75 | CP107: 0.0002735762 | CQ107: -0.002402842 | CR107: 0.0082164765 | CS107: 0.01522921 | CT107: =CP107*CN107^3 + CQ107*CN107^2 + CR107*CN107 + CS107 -> 0.024668098 | CU107: =CU106 / (1 + CT106*(CN107-CN106)) -> 0.94997622 | CV107: 0.0057567144 | CW107: 0 | DA107: 2.25 | DB107: 1.75 | DC107: 0.0002735762 | DD107: -0.002402842 | DE107: 0.0082164765 | DF107: 0.01522921 | DG107: =DC107*DA107^3 + DD107*DA107^2 + DE107*DA107 + DF107 -> 0.024668098 | DH107: =DH106 / (1 + DG106*(DA107-DA106)) -> 0.94997622 | DI107: 0.0057567144 | DJ107: 0
A108: 2.5 | B108: 1.75 | C108: 0.0002735762 | D108: -0.002402842 | E108: 0.0082164765 | F108: 0.01522921 | G108: =C108*A108^3 + D108*A108^2 + E108*A108 + F108 -> 0.025027266 | H108: =H107 / (1 + G107*(A108-A107)) -> 0.9441536 | I108: 0.0058226184 | J108: 0 | N108: 2.5 | O108: 1.75 | P108: 0.0002735762 | Q108: -0.002402842 | R108: 0.0082164765 | S108: 0.01522921 | T108: =P108*N108^3 + Q108*N108^2 + R108*N108 + S108 -> 0.025027266 | U108: =U107 / (1 + T107*(N108-N107)) -> 0.94414891 | V108: 0.0058225894 | W108: 0 | AA108: 2.5 | AB108: 1.75 | AC108: 0.0002685762 | AD108: -0.002366592 | AE108: 0.008130539 | AF108: 0.015295382 | AG108: =AC108*AA108^3 + AD108*AA108^2 + AE108*AA108 + AF108 -> 0.025027032 | AH108: =AH107 / (1 + AG107*(AA108-AA107)) -> 0.94414533 | AI108: 0.0058224198 | AJ108: 0 | AN108: 2.5 | AO108: 1.75 | AP108: 0.0002885762 | AQ108: -0.002506592 | AR108: 0.008441789 | AS108: 0.015082257 | AT108: =AP108*AN108^3 + AQ108*AN108^2 + AR108*AN108 + AS108 -> 0.025029532 | AU108: =AU107 / (1 + AT107*(AN108-AN107)) -> 0.94414438 | AV108: 0.0058238892 | AW108: 0 | BA108: 2.5 | BB108: 1.75 | BC108: 0.0002585762 | BD108: -0.002304092 | BE108: 0.008013664 | BF108: 0.0153621 | BG108: =BC108*BA108^3 + BD108*BA108^2 + BE108*BA108 + BF108 -> 0.025035938 | BH108: =BH107 / (1 + BG107*(BA108-BA107)) -> 0.94415212 | BI108: 0.0058239369 | BJ108: 0 | BN108: 2.5 | BO108: 1.75 | BP108: 0.0002785762 | BQ108: -0.002434092 | BR108: 0.008279914 | BS108: 0.0151871 | BT108: =BP108*BN108^3 + BQ108*BN108^2 + BR108*BN108 + BS108 -> 0.025026563 | BU108: =BU107 / (1 + BT107*(BN108-BN107)) -> 0.9441538 | BV108: 0.0058224721 | BW108: 0 | CA108: 2.5 | CB108: 1.75 | CC108: 0.0002735762 | CD108: -0.002402842 | CE108: 0.0082164765 | CF108: 0.01522921 | CG108: =CC108*CA108^3 + CD108*CA108^2 + CE108*CA108 + CF108 -> 0.025027266 | CH108: =CH107 / (1 + CG107*(CA108-CA107)) -> 0.9441536 | CI108: 0.0058226184 | CJ108: 0 | CN108: 2.5 | CO108: 1.75 | CP108: 0.0002735762 | CQ108: -0.002402842 | CR108: 0.0082164765 | CS108: 0.01522921 | CT108: =CP108*CN108^3 + CQ108*CN108^2 + CR108*CN108 + CS108 -> 0.025027266 | CU108: =CU107 / (1 + CT107*(CN108-CN107)) -> 0.9441536 | CV108: 0.0058226184 | CW108: 0 | DA108: 2.5 | DB108: 1.75 | DC108: 0.0002735762 | DD108: -0.002402842 | DE108: 0.0082164765 | DF108: 0.01522921 | DG108: =DC108*DA108^3 + DD108*DA108^2 + DE108*DA108 + DF108 -> 0.025027266 | DH108: =DH107 / (1 + DG107*(DA108-DA107)) -> 0.9441536 | DI108: 0.0058226184 | DJ108: 0
A109: 2.75 | B109: 2.75 | C109: 0.0007695527 | D109: -0.0075377771 | E109: 0.025206152 | F109: -0.0029742138 | G109: =C109*A109^3 + D109*A109^2 + E109*A109 + F109 -> 0.025342557 | H109: =H108 / (1 + G108*(A109-A108)) -> 0.93828294 | I109: 0.0058706642 | J109: 0 | N109: 2.75 | O109: 2.75 | P109: 0.0007695527 | Q109: -0.0075377771 | R109: 0.025206152 | S109: -0.0029742138 | T109: =P109*N109^3 + Q109*N109^2 + R109*N109 + S109 -> 0.025342557 | U109: =U108 / (1 + T108*(N109-N108)) -> 0.93827828 | V109: 0.0058706351 | W109: 0 | AA109: 2.75 | AB109: 2.75 | AC109: 0.0007695527 | AD109: -0.0075377771 | AE109: 0.025206152 | AF109: -0.0029742138 | AG109: =AC109*AA109^3 + AD109*AA109^2 + AE109*AA109 + AF109 -> 0.025342557 | AH109: =AH108 / (1 + AG108*(AA109-AA108)) -> 0.93827477 | AI109: 0.0058705582 | AJ109: 0 | AN109: 2.75 | AO109: 2.75 | AP109: 0.0007645527 | AQ109: -0.0074865271 | AR109: 0.025032715 | AS109: -0.0027808544 | AT109: =AP109*AN109^3 + AQ109*AN109^2 + AR109*AN109 + AS109 -> 0.025342557 | AU109: =AU108 / (1 + AT108*(AN109-AN108)) -> 0.93827325 | AV109: 0.005871135 | AW109: 0 | BA109: 2.75 | BB109: 2.75 | BC109: 0.0007845527 | BD109: -0.0076865271 | BE109: 0.025683965 | BF109: -0.0034652294 | BG109: =BC109*BA109^3 + BD109*BA109^2 + BE109*BA109 + BF109 -> 0.025352557 | BH109: =BH108 / (1 + BG108*(BA109-BA108)) -> 0.93827944 | BI109: 0.0058726765 | BJ109: 0 | BN109: 2.75 | BO109: 2.75 | BP109: 0.0007545527 | BQ109: -0.0073940271 | BR109: 0.02476084 | BS109: -0.0025247607 | BT109: =BP109*BN109^3 + BQ109*BN109^2 + BR109*BN109 + BS109 -> 0.025342557 | BU109: =BU108 / (1 + BT108*(BN109-BN108)) -> 0.9382833 | BV109: 0.0058705016 | BW109: 0 | CA109: 2.75 | CB109: 2.75 | CC109: 0.0007745527 | CD109: -0.0075840271 | CE109: 0.02534709 | CF109: -0.0031160107 | CG109: =CC109*CA109^3 + CD109*CA109^2 + CE109*CA109 + CF109 -> 0.025342557 | CH109: =CH108 / (1 + CG108*(CA109-CA108)) -> 0.93828294 | CI109: 0.0058706642 | CJ109: 0 | CN109: 2.75 | CO109: 2.75 | CP109: 0.0007695527 | CQ109: -0.0075377771 | CR109: 0.025206152 | CS109: -0.0029742138 | CT109: =CP109*CN109^3 + CQ109*CN109^2 + CR109*CN109 + CS109 -> 0.025342557 | CU109: =CU108 / (1 + CT108*(CN109-CN108)) -> 0.93828294 | CV109: 0.0058706642 | CW109: 0 | DA109: 2.75 | DB109: 2.75 | DC109: 0.0007695527 | DD109: -0.0075377771 | DE109: 0.025206152 | DF109: -0.0029742138 | DG109: =DC109*DA109^3 + DD109*DA109^2 + DE109*DA109 + DF109 -> 0.025342557 | DH109: =DH108 / (1 + DG108*(DA109-DA108)) -> 0.93828294 | DI109: 0.0058706642 | DJ109: 0
A110: 3 | B110: 2.75 | C110: 0.0007695527 | D110: -0.0075377771 | E110: 0.025206152 | F110: -0.0029742138 | G110: =C110*A110^3 + D110*A110^2 + E110*A110 + F110 -> 0.025582172 | H110: =H109 / (1 + G109*(A110-A109)) -> 0.93237574 | I110: 0.0059071964 | J110: 0.93237574 | N110: 3 | O110: 2.75 | P110: 0.0007695527 | Q110: -0.0075377771 | R110: 0.025206152 | S110: -0.0029742138 | T110: =P110*N110^3 + Q110*N110^2 + R110*N110 + S110 -> 0.025582172 | U110: =U109 / (1 + T109*(N110-N109)) -> 0.93237111 | V110: 0.005907167 | W110: 0.93237111 | AA110: 3 | AB110: 2.75 | AC110: 0.0007695527 | AD110: -0.0075377771 | AE110: 0.025206152 | AF110: -0.0029742138 | AG110: =AC110*AA110^3 + AD110*AA110^2 + AE110*AA110 + AF110 -> 0.025582172 | AH110: =AH109 / (1 + AG109*(AA110-AA109)) -> 0.93236763 | AI110: 0.005907145 | AJ110: 0.93236763 | AN110: 3 | AO110: 2.75 | AP110: 0.0007645527 | AQ110: -0.0074865271 | AR110: 0.025032715 | AS110: -0.0027808544 | AT110: =AP110*AN110^3 + AQ110*AN110^2 + AR110*AN110 + AS110 -> 0.025581469 | AU110: =AU109 / (1 + AT109*(AN110-AN109)) -> 0.93236611 | AV110: 0.0059071354 | AW110: 0.93236611 | BA110: 3 | BB110: 2.75 | BC110: 0.0007845527 | BD110: -0.0076865271 | BE110: 0.025683965 | BF110: -0.0034652294 | BG110: =BC110*BA110^3 + BD110*BA110^2 + BE110*BA110 + BF110 -> 0.025590844 | BH110: =BH109 / (1 + BG109*(BA110-BA109)) -> 0.93236995 | BI110: 0.0059094906 | BJ110: 0.93236995 | BN110: 3 | BO110: 2.75 | BP110: 0.0007545527 | BQ110: -0.0073940271 | BR110: 0.02476084 | BS110: -0.0025247607 | BT110: =BP110*BN110^3 + BQ110*BN110^2 + BR110*BN110 + BS110 -> 0.025584438 | BU110: =BU109 / (1 + BT109*(BN110-BN109)) -> 0.9323761 | BV110: 0.0059071987 | BW110: 0.9323761 | CA110: 3 | CB110: 2.75 | CC110: 0.0007745527 | CD110: -0.0075840271 | CE110: 0.02534709 | CF110: -0.0031160107 | CG110: =CC110*CA110^3 + CD110*CA110^2 + CE110*CA110 + CF110 -> 0.025581938 | CH110: =CH109 / (1 + CG109*(CA110-CA109)) -> 0.93237574 | CI110: 0.0059071964 | CJ110: 0.93237574 | CN110: 3 | CO110: 2.75 | CP110: 0.0007695527 | CQ110: -0.0075377771 | CR110: 0.025206152 | CS110: -0.0029742138 | CT110: =CP110*CN110^3 + CQ110*CN110^2 + CR110*CN110 + CS110 -> 0.025582172 | CU110: =CU109 / (1 + CT109*(CN110-CN109)) -> 0.93237574 | CV110: 0.0059071964 | CW110: 0.93237574 | DA110: 3 | DB110: 2.75 | DC110: 0.0007695527 | DD110: -0.0075377771 | DE110: 0.025206152 | DF110: -0.0029742138 | DG110: =DC110*DA110^3 + DD110*DA110^2 + DE110*DA110 + DF110 -> 0.025582172 | DH110: =DH109 / (1 + DG109*(DA110-DA109)) -> 0.93237574 | DI110: 0.0059071964 | DJ110: 0.93237574
A111: 3.25 | B111: 2.75 | C111: 0.0007695527 | D111: -0.0075377771 | E111: 0.025206152 | F111: -0.0029742138 | G111: =C111*A111^3 + D111*A111^2 + E111*A111 + F111 -> 0.025745312 | H111: =H110 / (1 + G110*(A111-A110)) -> 0.92645059 | I111: 0.0059251546 | J111: 0 | N111: 3.25 | O111: 2.75 | P111: 0.0007695527 | Q111: -0.0075377771 | R111: 0.025206152 | S111: -0.0029742138 | T111: =P111*N111^3 + Q111*N111^2 + R111*N111 + S111 -> 0.025745312 | U111: =U110 / (1 + T110*(N111-N110)) -> 0.92644598 | V111: 0.0059251252 | W111: 0 | AA111: 3.25 | AB111: 2.75 | AC111: 0.0007695527 | AD111: -0.0075377771 | AE111: 0.025206152 | AF111: -0.0029742138 | AG111: =AC111*AA111^3 + AD111*AA111^2 + AE111*AA111 + AF111 -> 0.025745312 | AH111: =AH110 / (1 + AG110*(AA111-AA110)) -> 0.92644252 | AI111: 0.0059251031 | AJ111: 0 | AN111: 3.25 | AO111: 2.75 | AP111: 0.0007645527 | AQ111: -0.0074865271 | AR111: 0.025032715 | AS111: -0.0027808544 | AT111: =AP111*AN111^3 + AQ111*AN111^2 + AR111*AN111 + AS111 -> 0.025744687 | AU111: =AU110 / (1 + AT110*(AN111-AN110)) -> 0.92644118 | AV111: 0.0059249316 | AW111: 0 | BA111: 3.25 | BB111: 2.75 | BC111: 0.0007845527 | BD111: -0.0076865271 | BE111: 0.025683965 | BF111: -0.0034652294 | BG111: =BC111*BA111^3 + BD111*BA111^2 + BE111*BA111 + BF111 -> 0.025750937 | BH111: =BH110 / (1 + BG110*(BA111-BA110)) -> 0.92644284 | BI111: 0.0059271136 | BJ111: 0 | BN111: 3.25 | BO111: 2.75 | BP111: 0.0007545527 | BQ111: -0.0073940271 | BR111: 0.02476084 | BS111: -0.0025247607 | BT111: =BP111*BN111^3 + BQ111*BN111^2 + BR111*BN111 + BS111 -> 0.025750937 | BU111: =BU110 / (1 + BT110*(BN111-BN110)) -> 0.92645043 | BV111: 0.0059256783 | BW111: 0 | CA111: 3.25 | CB111: 2.75 | CC111: 0.0007745527 | CD111: -0.0075840271 | CE111: 0.02534709 | CF111: -0.0031160107 | CG111: =CC111*CA111^3 + CD111*CA111^2 + CE111*CA111 + CF111 -> 0.025744687 | CH111: =CH110 / (1 + CG110*(CA111-CA110)) -> 0.92645064 | CI111: 0.0059251007 | CJ111: 0 | CN111: 3.25 | CO111: 2.75 | CP111: 0.0007695527 | CQ111: -0.0075377771 | CR111: 0.025206152 | CS111: -0.0029742138 | CT111: =CP111*CN111^3 + CQ111*CN111^2 + CR111*CN111 + CS111 -> 0.025745312 | CU111: =CU110 / (1 + CT110*(CN111-CN110)) -> 0.92645059 | CV111: 0.0059251546 | CW111: 0 | DA111: 3.25 | DB111: 2.75 | DC111: 0.0007695527 | DD111: -0.0075377771 | DE111: 0.025206152 | DF111: -0.0029742138 | DG111: =DC111*DA111^3 + DD111*DA111^2 + DE111*DA111 + DF111 -> 0.025745312 | DH111: =DH110 / (1 + DG110*(DA111-DA110)) -> 0.92645059 | DI111: 0.0059251546 | DJ111: 0
... A137: 9.75 | B137: 9.75 | C137: 6.6639522e-08 | D137: -1.397764e-05 | E137: 0.00079634229 | F137: 0.024780602 | G137: =C137*A137^3 + D137*A137^2 + E137*A137 + F137 -> 0.031277956 | H137: =H136 / (1 + G136*(A137-A136)) -> 0.77132716 | I137: 0.0059994096 | J137: 0 | N137: 9.75 | O137: 9.75 | P137: 6.6639522e-08 | Q137: -1.397764e-05 | R137: 0.00079634229 | S137: 0.024780602 | T137: =P137*N137^3 + Q137*N137^2 + R137*N137 + S137 -> 0.031277956 | U137: =U136 / (1 + T136*(N137-N136)) -> 0.77132332 | V137: 0.0059993798 | W137: 0 | AA137: 9.75 | AB137: 9.75 | AC137: 6.6639522e-08 | AD137: -1.397764e-05 | AE137: 0.00079634229 | AF137: 0.024780602 | AG137: =AC137*AA137^3 + AD137*AA137^2 + AE137*AA137 + AF137 -> 0.031277956 | AH137: =AH136 / (1 + AG136*(AA137-AA136)) -> 0.77132044 | AI137: 0.0059993574 | AJ137: 0 | AN137: 9.75 | AO137: 9.75 | AP137: 6.6639522e-08 | AQ137: -1.397764e-05 | AR137: 0.00079634229 | AS137: 0.024780602 | AT137: =AP137*AN137^3 + AQ137*AN137^2 + AR137*AN137 + AS137 -> 0.031277956 | AU137: =AU136 / (1 + AT136*(AN137-AN136)) -> 0.77131949 | AV137: 0.00599935 | AW137: 0 | BA137: 9.75 | BB137: 9.75 | BC137: 6.6639522e-08 | BD137: -1.397764e-05 | BE137: 0.00079634229 | BF137: 0.024780602 | BG137: =BC137*BA137^3 + BD137*BA137^2 + BE137*BA137 + BF137 -> 0.031277956 | BH137: =BH136 / (1 + BG136*(BA137-BA136)) -> 0.77131949 | BI137: 0.00599935 | BJ137: 0 | BN137: 9.75 | BO137: 9.75 | BP137: 6.6639522e-08 | BQ137: -1.397764e-05 | BR137: 0.00079634229 | BS137: 0.024780602 | BT137: =BP137*BN137^3 + BQ137*BN137^2 + BR137*BN137 + BS137 -> 0.031277956 | BU137: =BU136 / (1 + BT136*(BN137-BN136)) -> 0.77132045 | BV137: 0.0059993575 | BW137: 0 | CA137: 9.75 | CB137: 9.75 | CC137: 6.6639522e-08 | CD137: -1.397764e-05 | CE137: 0.00079634229 | CF137: 0.024780602 | CG137: =CC137*CA137^3 + CD137*CA137^2 + CE137*CA137 + CF137 -> 0.031277956 | CH137: =CH136 / (1 + CG136*(CA137-CA136)) -> 0.77131598 | CI137: 0.0059993135 | CJ137: 0 | CN137: 9.75 | CO137: 9.75 | CP137: 6.6434899e-08 | CQ137: -1.393472e-05 | CR137: 0.00079389705 | CS137: 0.024800553 | CT137: =CP137*CN137^3 + CQ137*CN137^2 + CR137*CN137 + CS137 -> 0.031277956 | CU137: =CU136 / (1 + CT136*(CN137-CN136)) -> 0.77130631 | CV137: 0.005999356 | CW137: 0 | DA137: 9.75 | DB137: 9.75 | DC137: 6.6844145e-08 | DD137: -1.4020559e-05 | DE137: 0.00079878753 | DF137: 0.024770651 | DG137: =DC137*DA137^3 + DD137*DA137^2 + DE137*DA137 + DF137 -> 0.031287956 | DH137: =DH136 / (1 + DG136*(DA137-DA136)) -> 0.77131705 | DI137: 0.00600116 | DJ137: 0
A138: 10 | B138: 9.75 | C138: 6.6639522e-08 | D138: -1.397764e-05 | E138: 0.00079634229 | F138: 0.024780602 | H138: =H137 / (1 + G137*(A138-A137)) -> 0.76534257 | I138: 0.0059845877 | J138: 0.76534257 | N138: 10 | O138: 9.75 | P138: 6.6639522e-08 | Q138: -1.397764e-05 | R138: 0.00079634229 | S138: 0.024780602 | U138: =U137 / (1 + T137*(N138-N137)) -> 0.76533876 | V138: 0.005984558 | W138: 0.76533876 | AA138: 10 | AB138: 9.75 | AC138: 6.6639522e-08 | AD138: -1.397764e-05 | AE138: 0.00079634229 | AF138: 0.024780602 | AH138: =AH137 / (1 + AG137*(AA138-AA137)) -> 0.76533591 | AI138: 0.0059845356 | AJ138: 0.76533591 | AN138: 10 | AO138: 9.75 | AP138: 6.6639522e-08 | AQ138: -1.397764e-05 | AR138: 0.00079634229 | AS138: 0.024780602 | AU138: =AU137 / (1 + AT137*(AN138-AN137)) -> 0.76533496 | AV138: 0.0059845282 | AW138: 0.76533496 | BA138: 10 | BB138: 9.75 | BC138: 6.6639522e-08 | BD138: -1.397764e-05 | BE138: 0.00079634229 | BF138: 0.024780602 | BH138: =BH137 / (1 + BG137*(BA138-BA137)) -> 0.76533496 | BI138: 0.0059845282 | BJ138: 0.76533496 | BN138: 10 | BO138: 9.75 | BP138: 6.6639522e-08 | BQ138: -1.397764e-05 | BR138: 0.00079634229 | BS138: 0.024780602 | BU138: =BU137 / (1 + BT137*(BN138-BN137)) -> 0.76533591 | BV138: 0.0059845357 | BW138: 0.76533591 | CA138: 10 | CB138: 9.75 | CC138: 6.6639522e-08 | CD138: -1.397764e-05 | CE138: 0.00079634229 | CF138: 0.024780602 | CH138: =CH137 / (1 + CG137*(CA138-CA137)) -> 0.76533148 | CI138: 0.005984501 | CJ138: 0.76533148 | CN138: 10 | CO138: 9.75 | CP138: 6.6434899e-08 | CQ138: -1.393472e-05 | CR138: 0.00079389705 | CS138: 0.024800553 | CU138: =CU137 / (1 + CT137*(CN138-CN137)) -> 0.76532189 | CV138: 0.005984426 | CW138: 0.76532189 | DA138: 10 | DB138: 9.75 | DC138: 6.6844145e-08 | DD138: -1.4020559e-05 | DE138: 0.00079878753 | DF138: 0.024770651 | DH138: =DH137 / (1 + DG137*(DA138-DA137)) -> 0.76533064 | DI138: 0.0059864078 | DJ138: 0.76533064
A140: 2*. Improve the guess using the inverse Jacobian Matrix
F141: Bump
A142: Current Guess | F142: =M84 -> 1e-05 | G142: =Z84 -> 1e-05 | H142: =AM84 -> 1e-05 | I142: =AZ84 -> 1e-05 | J142: =BM84 -> 1e-05 | K142: =BZ84 -> 1e-05 | L142: =CM84 -> 1e-05 | M142: =CZ84 -> 1e-05 | AG142: Improved Guess
A143: Years | B143: Euribor | C143: Swap | D143: Swap Rate | F143: Swaps prices following the bump | O143: Jacobian | X143: Inverse Jacobian | AG143: Years | AH143: Euribor
A144: =A85 -> 0 | B144: =B85 -> 0.0253 | C144: {=TRANSPOSE(A94:H94)} -> 3M Fixing | D144: {=TRANSPOSE(A95:H95)} -> 0.0253 | F144: {=TRANSPOSE(N95:U95)} -> 0.02531 | G144: {=TRANSPOSE(AA95:AH95)} -> 0.0253 | H144: {=TRANSPOSE(AN95:AU95)} -> 0.0253 | I144: {=TRANSPOSE(BA95:BH95)} -> 0.0253 | J144: {=TRANSPOSE(BN95:BU95)} -> 0.0253 | K144: {=TRANSPOSE(CA95:CH95)} -> 0.0253 | L144: {=TRANSPOSE(CN95:CU95)} -> 0.0253 | M144: {=TRANSPOSE(DA95:DH95)} -> 0.0253 | O144: {=(F144:F151-$D144:$D151)/F142} -> 1 | P144: {=(G144:G151-$D144:$D151)/G142} -> 0 | Q144: {=(H144:H151-$D144:$D151)/H142} -> 0 | R144: {=(I144:I151-$D144:$D151)/I142} -> 0 | S144: {=(J144:J151-$D144:$D151)/J142} -> 0 | T144: {=(K144:K151-$D144:$D151)/K142} -> 0 | U144: {=(L144:L151-$D144:$D151)/L142} -> 0 | V144: {=(M144:M151-$D144:$D151)/M142} -> 0 | X144: {=MINVERSE(O144:V151)} -> 1 | Y144: 0 | Z144: 0 | AA144: 0 | AB144: 0 | AC144: 0 | AD144: 0 | AE144: 0 | AG144: =A144 -> 0 | AH144: {=B144:B151 - MMULT(X144:AE151, D144:D151-$B$2:$B$9)} -> 0.0253
A145: =A86 -> 0.75 | B145: =B86 -> 0.020702536 | C145: 1Y Swap | D145: 0.023200015 | F145: 0.0232051 | G145: 0.023205103 | H145: 0.023200015 | I145: 0.023200015 | J145: 0.023200015 | K145: 0.023200015 | L145: 0.023200015 | M145: 0.023200015 | O145: 0.5084968 | P145: 0.50885484 | Q145: 0 | R145: 0 | S145: 0 | T145: 0 | U145: 0 | V145: 0 | X145: -0.99929639 | Y145: 1.965197 | Z145: 0 | AA145: 0 | AB145: 0 | AC145: 0 | AD145: 0 | AE145: 0 | AG145: =A145 -> 0.75 | AH145: 0.020702506
A146: =A87 -> 1.75 | B146: =B87 -> 0.023715537 | C146: 2Y Swap | D146: 0.022900008 | F146: 0.022902578 | G146: 0.022904663 | H146: 0.02290315 | I146: 0.022899811 | J146: 0.022900008 | K146: 0.022900008 | L146: 0.022900008 | M146: 0.022900008 | O146: 0.25708846 | P146: 0.46555136 | Q146: 0.31428428 | R146: -0.019646114 | S146: 0 | T146: 0 | U146: 0 | V146: 0 | X146: 0.63492054 | Y146: -2.7992978 | Z146: 2.8884332 | AA146: 0.24941233 | AB146: 0.019072513 | AC146: 0.0014957325 | AD146: 3.3215325e-05 | AE146: 1.7326057e-06 | AG146: =A146 -> 1.75 | AH146: 0.023715557
A147: =A88 -> 2.75 | B147: =B88 -> 0.025342557 | C147: 3Y Swap | D147: 0.0236 | F147: 0.023601734 | G147: 0.02360301 | H147: 0.023603489 | I147: 0.023602065 | J147: 0.02359987 | K147: 0.0236 | L147: 0.0236 | M147: 0.0236 | O147: 0.17343517 | P147: 0.30103767 | Q147: 0.34894279 | R147: 0.20655823 | S147: -0.012930349 | T147: 0 | U147: 0 | V147: 0 | X147: -0.43722551 | Y147: 1.7878779 | Z147: -4.6935926 | AA147: 3.9899175 | AB147: 0.30510822 | AC147: 0.023927644 | AD147: 0.00053135468 | AE147: 2.7716969e-05 | AG147: =A147 -> 2.75 | AH147: 0.025342567
A148: =A89 -> 3.75 | B148: =B89 -> 0.026130748 | C148: 4Y Swap | D148: 0.024199999 | F148: 0.024201315 | G148: 0.024202284 | H148: 0.02420255 | I148: 0.024202579 | J148: 0.024201527 | K148: 0.024199903 | L148: 0.024199999 | M148: 0.024199999 | O148: 0.13167827 | P148: 0.22850672 | Q148: 0.25513637 | R148: 0.25808191 | S148: 0.15289102 | T148: -0.0095707192 | U148: 0 | V148: 0 | X148: 0.29757423 | Y148: -1.2293234 | Z148: 2.9695867 | AA148: -6.8690391 | AB148: 5.3887045 | AC148: 0.42260087 | AD148: 0.0093845826 | AE148: 0.00048952649 | AG148: =A148 -> 3.75 | AH148: 0.026130748
A149: =A90 -> 4.75 | B149: =B90 -> 0.027619215 | C149: 5Y Swap | D149: 0.024800003 | F149: 0.02480107 | G149: 0.024801854 | H149: 0.024802068 | I149: 0.024802015 | J149: 0.024802039 | K149: 0.024801171 | L149: 0.024799965 | M149: 0.024800003 | O149: 0.10667807 | P149: 0.1850807 | Q149: 0.20653041 | R149: 0.20122226 | S149: 0.20365701 | T149: 0.1168151 | U149: -0.0037746221 | V149: 0 | X149: -0.21105156 | Y149: 0.86978676 | Z149: -2.1277236 | AA149: 4.508055 | AB149: -9.6655723 | AC149: 7.4360959 | AD149: 0.16513136 | AE149: 0.0086137208 | AG149: =A149 -> 4.75 | AH149: 0.027619182
A150: =A91 -> 6.75 | B150: =B91 -> 0.028021257 | C150: 7Y Swap | D150: 0.025700006 | F150: 0.025700788 | G150: 0.025701363 | H150: 0.025701518 | I150: 0.025701478 | J150: 0.02570127 | K150: 0.025702282 | L150: 0.025701571 | M150: 0.025699932 | O150: 0.078194909 | P150: 0.1356176 | Q150: 0.15120376 | R150: 0.1471744 | S150: 0.12636546 | T150: 0.22754509 | U150: 0.15648665 | V150: -0.0074119449 | X150: 0.21924329 | Y150: -0.90482125 | Z150: 2.2044381 | AA150: -4.7548138 | AB150: 8.9270664 | AC150: -10.640119 | AD150: 5.6468837 | AE150: 0.29455749 | AG150: =A150 -> 6.75 | AH150: 0.028021254
A151: =A92 -> 9.75 | B151: =B92 -> 0.031277956 | C151: 10Y Swap | D151: 0.026900022 | F151: 0.026900591 | G151: 0.026901009 | H151: 0.026901122 | I151: 0.026901091 | J151: 0.026900939 | K151: 0.026901497 | L151: 0.026902608 | M151: 0.026901443 | O151: 0.056969972 | P151: 0.098761032 | Q151: 0.10998394 | R151: 0.10691373 | S151: 0.091710861 | T151: 0.14749005 | U151: 0.2586106 | V151: 0.14209243 | X151: -0.24086791 | Y151: 0.99300159 | Z151: -2.4243946 | AA151: 5.2128685 | AB151: -9.9370453 | AC151: 11.354705 | AD151: -10.455309 | AE151: 6.4922939 | AG151: =A151 -> 9.75 | AH151: 0.03127784
A153: 3. Make the 3rd pass of the Newton Method using a smaller bump size | M153: 3a. Bump parameter #1 | Z153: 3b. Bump parameter #2 | AM153: 3c. Bump parameter #3 | AZ153: 3d. Bump parameter #4 | BM153: 3e. Bump parameter #5 | BZ153: 3f. Bump parameter #6 | CM153: 3g. Bump parameter #7 | CZ153: 3h. Bump parameter #8
A154: Left Boundary | C154: Right Boundary | E154: Slope | F154: Derivatives | H154: Spline Coefficients | L154: Scale | M154: Bump | N154: Left Boundary | P154: Right Boundary | R154: Slope | S154: Derivatives | U154: Spline Coefficients | Z154: Bump | AA154: Left Boundary | AC154: Right Boundary | AE154: Slope | AF154: Derivatives | AH154: Spline Coefficients | AM154: Bump | AN154: Left Boundary | AP154: Right Boundary | AR154: Slope | AS154: Derivatives | AU154: Spline Coefficients | AZ154: Bump | BA154: Left Boundary | BC154: Right Boundary | BE154: Slope | BF154: Derivatives | BH154: Spline Coefficients | BM154: Bump | BN154: Left Boundary | BP154: Right Boundary | BR154: Slope | BS154: Derivatives | BU154: Spline Coefficients | BZ154: Bump | CA154: Left Boundary | CC154: Right Boundary | CE154: Slope | CF154: Derivatives | CH154: Spline Coefficients | CM154: Bump | CN154: Left Boundary | CP154: Right Boundary | CR154: Slope | CS154: Derivatives | CU154: Spline Coefficients | CZ154: Bump | DA154: Left Boundary | DC154: Right Boundary | DE154: Slope | DF154: Derivatives | DH154: Spline Coefficients
