Workbook

Sheet Random
A1: LRG Parameters | D1: State | E1: U(0, 1) | F1: N(0, 1) | H1: Stat | I1: Sample | J1: True N(0,1)
A2: Seed | B2: 1 | D2: =MOD(B2*B3*B4,B5) -> 1673663072 | E2: {=D2:D10001/(B5-1)} -> 0.7793601 | F2: {=_xlfn.NORM.INV(E2:E10001,0,1)} -> 0.77003388 | H2: Mean | I2: =AVERAGE(F2:F10001) -> -0.0026194203 | J2: 0
A3: Seed Mult | B3: 10000000 | D3: =MOD(D2*$B$4,$B$5) -> 1055348372 | E3: 0.49143488 | F3: -0.021471217 | H3: Std Dev | I3: =_xlfn.STDEV.S(F2:F10001) -> 0.99709475 | J3: 1
A4: G | B4: 48271 | D4: =MOD(D3*$B$4,$B$5) -> 114190678 | E4: 0.053174178 | F4: -1.6148261 | H4: Skewness | I4: =SKEW(F2:F10001) -> 0.030300043 | J4: 0
A5: N | B5: =2^31-1 -> 2147483647 | D5: =MOD(D4*$B$4,$B$5) -> 1655179536 | E5: 0.77075303 | F5: 0.74132908 | H5: Ex. Kurtosis | I5: =KURT(F2:F10001) -> -0.029722525 | J5: 0
D6: =MOD(D5*$B$4,$B$5) -> 42295621 | E6: 0.019695433 | F6: -2.0600803
D7: =MOD(D6*$B$4,$B$5) -> 1542456641 | E7: 0.71826235 | F7: 0.57768722 | H7: Percentile | I7: Sample | J7: True N(0,1)
D8: =MOD(D7*$B$4,$B$5) -> 518992574 | E8: 0.24167475 | F8: -0.70092551 | H8: 0.995 | I8: =PERCENTILE(F$2:F$10001,H8) -> 2.5658225 | J8: =_xlfn.NORM.INV(H8,0,1) -> 2.5758293
D9: =MOD(D8*$B$4,$B$5) -> 1893797299 | E9: 0.88186809 | F9: 1.1843771 | H9: 0.975 | I9: =PERCENTILE(F$2:F$10001,H9) -> 1.9717848 | J9: =_xlfn.NORM.INV(H9,0,1) -> 1.959964
D10: =MOD(D9*$B$4,$B$5) -> 1405534533 | E10: 0.65450302 | F10: 0.39750655 | H10: 0.95 | I10: =PERCENTILE(F$2:F$10001,H10) -> 1.6532261 | J10: =_xlfn.NORM.INV(H10,0,1) -> 1.6448536
D11: =MOD(D10*$B$4,$B$5) -> 1106582772 | E11: 0.51529276 | F11: 0.038342654 | H11: 0.75 | I11: =PERCENTILE(F$2:F$10001,H11) -> 0.65856164 | J11: =_xlfn.NORM.INV(H11,0,1) -> 0.67448975
D12: =MOD(D11*$B$4,$B$5) -> 1496235381 | E12: 0.69673889 | F12: 0.51504409 | H12: 0.5 | I12: =PERCENTILE(F$2:F$10001,H12) -> 0.00089039161 | J12: =_xlfn.NORM.INV(H12,0,1) -> 0
D13: =MOD(D12*$B$4,$B$5) -> 608060347 | E13: 0.28315016 | F13: -0.57350867 | H13: 0.25 | I13: =PERCENTILE(F$2:F$10001,H13) -> -0.67751148 | J13: =_xlfn.NORM.INV(H13,0,1) -> -0.67448975
D14: =MOD(D13*$B$4,$B$5) -> 2022006488 | E14: 0.94157015 | F14: 1.5680918 | H14: 0.05 | I14: =PERCENTILE(F$2:F$10001,H14) -> -1.6277633 | J14: =_xlfn.NORM.INV(H14,0,1) -> -1.6448536
D15: =MOD(D14*$B$4,$B$5) -> 1143426098 | E15: 0.53244927 | F15: 0.081428152 | H15: 0.025 | I15: =PERCENTILE(F$2:F$10001,H15) -> -1.9576943 | J15: =_xlfn.NORM.INV(H15,0,1) -> -1.959964
D16: =MOD(D15*$B$4,$B$5) -> 1843965011 | E16: 0.85866312 | F16: 1.0743323 | H16: 0.005 | I16: =PERCENTILE(F$2:F$10001,H16) -> -2.4923402 | J16: =_xlfn.NORM.INV(H16,0,1) -> -2.5758293
D17: =MOD(D16*$B$4,$B$5) -> 1132845125 | E17: 0.52752212 | F17: 0.069042537
D18: =MOD(D17*$B$4,$B$5) -> 43441667 | E18: 0.020229103 | F18: -2.04904
D19: =MOD(D18*$B$4,$B$5) -> 1028668285 | E19: 0.479011 | F19: -0.05263592
D20: =MOD(D19*$B$4,$B$5) -> 729899301 | E20: 0.33988585 | F20: -0.41277469
D21: =MOD(D20*$B$4,$B$5) -> 1352445889 | E21: 0.62978169 | F21: 0.33127521
D22: =MOD(D21*$B$4,$B$5) -> 412639119 | E22: 0.19215006 | F22: -0.87000051
D23: =MOD(D22*$B$4,$B$5) -> 592087324 | E23: 0.27571215 | F23: -0.59562722
D24: =MOD(D23*$B$4,$B$5) -> 1934842528 | E24: 0.90098126 | F24: 1.287163
D25: =MOD(D24*$B$4,$B$5) -> 572377411 | E25: 0.266534 | F25: -0.62332952
D26: =MOD(D25*$B$4,$B$5) -> 1852887726 | E26: 0.86281808 | F26: 1.0930683
D27: =MOD(D26*$B$4,$B$5) -> 197007843 | E27: 0.091738926 | F27: -1.3301227
D28: =MOD(D27*$B$4,$B$5) -> 708000537 | E28: 0.32968844 | F28: -0.44077363
... D10001: =MOD(D10000*$B$4,$B$5) -> 21635367 | E10001: 0.010074753 | F10001: -2.3235522

Sheet Vanilla Call
A1: Option Parameters | F1: N(0, 1) | G1: S(T) | H1: Payoff | J1: Seed Variance
A2: Current Price | B2: S(0) | C2: 100 | F2: {=Random!F2:F10001} -> 0.77003388 | G2: {=C2 * EXP((C5 - C6 - C7*C7/2)*C4 + F2:F10001*C7*SQRT(C4))} -> 106.39087 | H2: =MAX(G2-$C$3,0) -> 5.3908741 | J2: Seed | K2: Monte-Carlo Call
A3: Strike Price | B3: K | C3: 101 | F3: -0.021471217 | G3: 100.59997 | H3: =MAX(G3-$C$3,0) -> 0 | J3: 1 | K3: 2.8044093
A4: Maturity, Years | B4: T | C4: 0.5 | F4: -1.6148261 | G4: 89.880835 | H4: =MAX(G4-$C$3,0) -> 0 | J4: 2 | K4: 2.794968
A5: Risk-Free Rate | B5: r | C5: 0.02 | F5: 0.74132908 | G5: 106.17515 | H5: =MAX(G5-$C$3,0) -> 5.1751478 | J5: 3 | K5: 2.8177405
A6: Dividend Yield | B6: q | C6: 0 | F6: -2.0600803 | G6: 87.09509 | H6: =MAX(G6-$C$3,0) -> 0 | J6: 4 | K6: 2.8516889
A7: Volatility | B7: sigma | C7: 0.1 | F7: 0.57768722 | G7: 104.95365 | H7: =MAX(G7-$C$3,0) -> 3.9536518 | J7: 5 | K7: 2.8695401
F8: -0.70092551 | G8: 95.880945 | H8: =MAX(G8-$C$3,0) -> 0 | J8: 6 | K8: 2.7616124
A9: Disc Factor | B9: =EXP(-$C$5*$C$4) -> 0.99004983 | F9: 1.1843771 | G9: 109.55408 | H9: =MAX(G9-$C$3,0) -> 8.5540784 | J9: 7 | K9: 2.8638503
A10: Black-Scholes Call | B10: =C2*EXP(-C6*C4)*_xlfn.NORM.DIST((LN(C2/C3) + (C5 - C6 + C7*C7/2)*C4) / (C7*SQRT(C4)),0,1,1) - C3*EXP(-C5*C4)*_xlfn.NORM.DIST((LN(C2/C3) + (C5 - C6 - C7*C7/2)*C4) / (C7*SQRT(C4)),0,1,1) -> 2.8227744 | F10: 0.39750655 | G10: 103.62495 | H10: =MAX(G10-$C$3,0) -> 2.6249513 | J10: 8 | K10: 2.7893657
A11: Monte-Carlo Call | B11: =AVERAGE(H2:H10001) * B9 -> 2.8044093 | F11: 0.038342654 | G11: 101.02635 | H11: =MAX(G11-$C$3,0) -> 0.026354763 | J11: 9 | K11: 2.7771472
A12: Std Dev | B12: =_xlfn.STDEV.S(H2:H10001) / SQRT(COUNT(H2:H10001)) * B9 -> 0.043110168 | C12: =B12/B11 -> 0.015372281 | F12: 0.51504409 | G12: 104.48978 | H12: =MAX(G12-$C$3,0) -> 3.4897837 | J12: 10 | K12: 2.9033247
A13: Difference | B13: =B11-B10 -> -0.018365054 | C13: =B11/B10-1 -> -0.0065060298 | F13: -0.57350867 | G13: 96.74871 | H13: =MAX(G13-$C$3,0) -> 0 | J13: 11 | K13: 2.8198875
F14: 1.5680918 | G14: 112.56727 | H14: =MAX(G14-$C$3,0) -> 11.567272 | J14: 12 | K14: 2.8494032
A15: Confidence | B15: N(0, 1) | C15: Left | D15: Right | F15: 0.081428152 | G15: 101.33461 | H15: =MAX(G15-$C$3,0) -> 0.33461147 | J15: 13 | K15: 2.8166557
A16: 0.95 | B16: =_xlfn.NORM.INV((1+A16)/2, 0, 1) -> 1.959964 | C16: =$B$11 - $B$12 * B16 -> 2.7199149 | D16: =$B$11 + $B$12 * B16 -> 2.8889037 | F16: 1.0743323 | G16: 108.70491 | H16: =MAX(G16-$C$3,0) -> 7.704909 | J16: 14 | K16: 2.8344509
A17: 0.99 | B17: =_xlfn.NORM.INV((1+A17)/2, 0, 1) -> 2.5758293 | C17: =$B$11 - $B$12 * B17 -> 2.6933649 | D17: =$B$11 + $B$12 * B17 -> 2.9154538 | F17: 0.069042537 | G17: 101.2459 | H17: =MAX(G17-$C$3,0) -> 0.24590195 | J17: 15 | K17: 2.8018658
A18: 0.999 | B18: =_xlfn.NORM.INV((1+A18)/2, 0, 1) -> 3.2905267 | C18: =$B$11 - $B$12 * B18 -> 2.6625542 | D18: =$B$11 + $B$12 * B18 -> 2.9462645 | F18: -2.04904 | G18: 87.163109 | H18: =MAX(G18-$C$3,0) -> 0 | J18: 16 | K18: 2.7311578
F19: -0.05263592 | G19: 100.37852 | H19: =MAX(G19-$C$3,0) -> 0 | J19: 17 | K19: 2.7892804
A20: Req. Accuracy | B20: 0.01 | F20: -0.41277469 | G20: 97.854591 | H20: =MAX(G20-$C$3,0) -> 0 | J20: 18 | K20: 2.8080448
A21: Req. Conf. Level | B21: 0.999 | F21: 0.33127521 | G21: 103.14078 | H21: =MAX(G21-$C$3,0) -> 2.1407831 | J21: 19 | K21: 2.7669045
A22: Req. N(0, 1) | B22: =_xlfn.NORM.INV((1+B21)/2, 0, 1) -> 3.2905267 | F22: -0.87000051 | G22: 94.741474 | H22: =MAX(G22-$C$3,0) -> 0 | J22: 20 | K22: 2.8835189
A23: Req. Simulations | B23: =(2*B12*B22*SQRT(COUNT(H2:H10001))/B20)^2 -> 8049154.7 | F23: -0.59562722 | G23: 96.597512 | H23: =MAX(G23-$C$3,0) -> 0
F24: 1.287163 | G24: 110.35322 | H24: =MAX(G24-$C$3,0) -> 9.3532248 | J24: Mean | K24: =AVERAGE(K3:K22) -> 2.8167408
F25: -0.62332952 | G25: 96.408477 | H25: =MAX(G25-$C$3,0) -> 0 | J25: Std Dev | K25: =_xlfn.STDEV.S(K3:K22) -> 0.043780122
F26: 1.0930683 | G26: 108.84902 | H26: =MAX(G26-$C$3,0) -> 7.8490199 | J26: Std Dev, % | K26: =K25/K24 -> 0.015542829
F27: -1.3301227 | G27: 91.708614 | H27: =MAX(G27-$C$3,0) -> 0
F28: -0.44077363 | G28: 97.661047 | H28: =MAX(G28-$C$3,0) -> 0
F29: -0.27732365 | G29: 98.796328 | H29: =MAX(G29-$C$3,0) -> 0
F30: 0.40161095 | G30: 103.65503 | H30: =MAX(G30-$C$3,0) -> 2.6550302
F31: -0.022358811 | G31: 100.59365 | H31: =MAX(G31-$C$3,0) -> 0
F32: 1.8063811 | G32: 114.48006 | H32: =MAX(G32-$C$3,0) -> 13.480055
F33: 0.79484663 | G33: 106.5777 | H33: =MAX(G33-$C$3,0) -> 5.5777036
F34: -0.47784146 | G34: 97.405404 | H34: =MAX(G34-$C$3,0) -> 0
F35: -1.6202444 | G35: 89.846405 | H35: =MAX(G35-$C$3,0) -> 0
F36: 0.16814432 | G36: 101.95788 | H36: =MAX(G36-$C$3,0) -> 0.95787977
F37: -0.46930818 | G37: 97.464196 | H37: =MAX(G37-$C$3,0) -> 0
F38: 1.6344115 | G38: 113.0964 | H38: =MAX(G38-$C$3,0) -> 12.096398
... F10001: -2.3235522 | G10001: 85.487506 | H10001: =MAX(G10001-$C$3,0) -> 0

Sheet Asian Call
A1: Option Parameters | F1: N(0, 1) | R1: Step | S1: 0 | T1: 1 | U1: 2 | V1: 3 | W1: 4 | X1: 5 | Y1: 6 | Z1: 7 | AA1: 8 | AB1: 9 | AC1: 10 | AD1: Average | AE1: Payoff
A2: Current Price | B2: S(0) | C2: 100 | F2: Step | G2: 1 | H2: 2 | I2: 3 | J2: 4 | K2: 5 | L2: 6 | M2: 7 | N2: 8 | O2: 9 | P2: 10 | R2: Time | S2: =S1 * $C$4/$C$8 -> 0 | T2: =T1 * $C$4/$C$8 -> 0.05 | U2: =U1 * $C$4/$C$8 -> 0.1 | V2: =V1 * $C$4/$C$8 -> 0.15 | W2: =W1 * $C$4/$C$8 -> 0.2 | X2: =X1 * $C$4/$C$8 -> 0.25 | Y2: =Y1 * $C$4/$C$8 -> 0.3 | Z2: =Z1 * $C$4/$C$8 -> 0.35 | ... AC2: =AC1 * $C$4/$C$8 -> 0.5
A3: Strike Price | B3: K | C3: 101 | F3: 1 | G3: =INDEX(Random!$F$2:$F$10001, ($F3-1)*10+G$2) -> 0.77003388 | H3: =INDEX(Random!$F$2:$F$10001, ($F3-1)*10+H$2) -> -0.021471217 | I3: =INDEX(Random!$F$2:$F$10001, ($F3-1)*10+I$2) -> -1.6148261 | J3: =INDEX(Random!$F$2:$F$10001, ($F3-1)*10+J$2) -> 0.74132908 | K3: =INDEX(Random!$F$2:$F$10001, ($F3-1)*10+K$2) -> -2.0600803 | L3: =INDEX(Random!$F$2:$F$10001, ($F3-1)*10+L$2) -> 0.57768722 | M3: =INDEX(Random!$F$2:$F$10001, ($F3-1)*10+M$2) -> -0.70092551 | N3: =INDEX(Random!$F$2:$F$10001, ($F3-1)*10+N$2) -> 1.1843771 | ... P3: =INDEX(Random!$F$2:$F$10001, ($F3-1)*10+P$2) -> 0.038342654 | R3: 1 | S3: {=$C$2} -> 100 | T3: {=S3:S1002 * EXP(($C$5 - $C$6 - $C$7*$C$7/2)*(T$2-S$2) + G3:G1002 * $C$7 * SQRT(T$2-S$2))} -> 102.66132 | U3: {=T3:T1002 * EXP(($C$5 - $C$6 - $C$7*$C$7/2)*(U$2-T$2) + H3:H1002 * $C$7 * SQRT(U$2-T$2))} -> 102.6323 | V3: {=U3:U1002 * EXP(($C$5 - $C$6 - $C$7*$C$7/2)*(V$2-U$2) + I3:I1002 * $C$7 * SQRT(V$2-U$2))} -> 97.263844 | W3: {=V3:V1002 * EXP(($C$5 - $C$6 - $C$7*$C$7/2)*(W$2-V$2) + J3:J1002 * $C$7 * SQRT(W$2-V$2))} -> 99.756255 | X3: {=W3:W1002 * EXP(($C$5 - $C$6 - $C$7*$C$7/2)*(X$2-W$2) + K3:K1002 * $C$7 * SQRT(X$2-W$2))} -> 93.136864 | Y3: {=X3:X1002 * EXP(($C$5 - $C$6 - $C$7*$C$7/2)*(Y$2-X$2) + L3:L1002 * $C$7 * SQRT(Y$2-X$2))} -> 95.000655 | Z3: {=Y3:Y1002 * EXP(($C$5 - $C$6 - $C$7*$C$7/2)*(Z$2-Y$2) + M3:M1002 * $C$7 * SQRT(Z$2-Y$2))} -> 92.833868 | AA3: {=Z3:Z1002 * EXP(($C$5 - $C$6 - $C$7*$C$7/2)*(AA$2-Z$2) + N3:N1002 * $C$7 * SQRT(AA$2-Z$2))} -> 96.638213 | ... AC3: {=AB3:AB1002 * EXP(($C$5 - $C$6 - $C$7*$C$7/2)*(AC$2-AB$2) + P3:P1002 * $C$7 * SQRT(AC$2-AB$2))} -> 98.147168 | AD3: =AVERAGE(T3:AC3) -> 97.604864 | AE3: =MAX(AD3-$C$3, 0) -> 0
A4: Maturity, Years | B4: T | C4: 0.5 | F4: 2 | G4: =INDEX(Random!$F$2:$F$10001, ($F4-1)*10+G$2) -> 0.51504409 | H4: =INDEX(Random!$F$2:$F$10001, ($F4-1)*10+H$2) -> -0.57350867 | I4: =INDEX(Random!$F$2:$F$10001, ($F4-1)*10+I$2) -> 1.5680918 | J4: =INDEX(Random!$F$2:$F$10001, ($F4-1)*10+J$2) -> 0.081428152 | K4: =INDEX(Random!$F$2:$F$10001, ($F4-1)*10+K$2) -> 1.0743323 | L4: =INDEX(Random!$F$2:$F$10001, ($F4-1)*10+L$2) -> 0.069042537 | M4: =INDEX(Random!$F$2:$F$10001, ($F4-1)*10+M$2) -> -2.04904 | N4: =INDEX(Random!$F$2:$F$10001, ($F4-1)*10+N$2) -> -0.05263592 | ... P4: =INDEX(Random!$F$2:$F$10001, ($F4-1)*10+P$2) -> 0.33127521 | R4: 2 | S4: 100 | T4: 101.78704 | U4: 99.891463 | V4: 105.33198 | W4: 105.66628 | X4: 109.59125 | Y4: 109.8934 | Z4: 102.63935 | AA4: 102.50314 | AB4: 101.13801 | AC4: 102.3128 | AD4: =AVERAGE(T4:AC4) -> 104.07547 | AE4: =MAX(AD4-$C$3, 0) -> 3.075471
A5: Risk-Free Rate | B5: r | C5: 0.02 | F5: 3 | G5: =INDEX(Random!$F$2:$F$10001, ($F5-1)*10+G$2) -> -0.87000051 | H5: =INDEX(Random!$F$2:$F$10001, ($F5-1)*10+H$2) -> -0.59562722 | I5: =INDEX(Random!$F$2:$F$10001, ($F5-1)*10+I$2) -> 1.287163 | J5: =INDEX(Random!$F$2:$F$10001, ($F5-1)*10+J$2) -> -0.62332952 | K5: =INDEX(Random!$F$2:$F$10001, ($F5-1)*10+K$2) -> 1.0930683 | L5: =INDEX(Random!$F$2:$F$10001, ($F5-1)*10+L$2) -> -1.3301227 | M5: =INDEX(Random!$F$2:$F$10001, ($F5-1)*10+M$2) -> -0.44077363 | N5: =INDEX(Random!$F$2:$F$10001, ($F5-1)*10+N$2) -> -0.27732365 | ... P5: =INDEX(Random!$F$2:$F$10001, ($F5-1)*10+P$2) -> -0.022358811 | R5: 3 | S5: 100 | T5: 97.166595 | U5: 95.286347 | V5: 99.533752 | W5: 97.517046 | X5: 101.20289 | Y5: 96.829446 | Z5: 95.4502 | AA5: 94.607848 | AB5: 95.932841 | AC5: 95.902872 | AD5: =AVERAGE(T5:AC5) -> 96.942984 | AE5: =MAX(AD5-$C$3, 0) -> 0
A6: Dividend Yield | B6: q | C6: 0 | F6: 4 | G6: =INDEX(Random!$F$2:$F$10001, ($F6-1)*10+G$2) -> 1.8063811 | H6: =INDEX(Random!$F$2:$F$10001, ($F6-1)*10+H$2) -> 0.79484663 | I6: =INDEX(Random!$F$2:$F$10001, ($F6-1)*10+I$2) -> -0.47784146 | J6: =INDEX(Random!$F$2:$F$10001, ($F6-1)*10+J$2) -> -1.6202444 | K6: =INDEX(Random!$F$2:$F$10001, ($F6-1)*10+K$2) -> 0.16814432 | L6: =INDEX(Random!$F$2:$F$10001, ($F6-1)*10+L$2) -> -0.46930818 | M6: =INDEX(Random!$F$2:$F$10001, ($F6-1)*10+M$2) -> 1.6344115 | N6: =INDEX(Random!$F$2:$F$10001, ($F6-1)*10+N$2) -> -2.1378119 | ... P6: =INDEX(Random!$F$2:$F$10001, ($F6-1)*10+P$2) -> -1.1724312 | R6: 4 | S6: 100 | T6: 106.29259 | U6: 109.21223 | V6: 107.52283 | W6: 101.88004 | X6: 102.50108 | Y6: 100.94439 | Z6: 106.67929 | AA6: 99.341178 | AB6: 96.335346 | AC6: 92.661054 | AD6: =AVERAGE(T6:AC6) -> 102.337 | AE6: =MAX(AD6-$C$3, 0) -> 1.3370024
A7: Volatility | B7: sigma | C7: 0.15 | F7: 5 | G7: =INDEX(Random!$F$2:$F$10001, ($F7-1)*10+G$2) -> -0.72345226 | H7: =INDEX(Random!$F$2:$F$10001, ($F7-1)*10+H$2) -> -0.66277608 | I7: =INDEX(Random!$F$2:$F$10001, ($F7-1)*10+I$2) -> -1.0884108 | J7: =INDEX(Random!$F$2:$F$10001, ($F7-1)*10+J$2) -> -0.29335385 | K7: =INDEX(Random!$F$2:$F$10001, ($F7-1)*10+K$2) -> -0.59961662 | L7: =INDEX(Random!$F$2:$F$10001, ($F7-1)*10+L$2) -> 0.35744114 | M7: =INDEX(Random!$F$2:$F$10001, ($F7-1)*10+M$2) -> -1.5645362 | N7: =INDEX(Random!$F$2:$F$10001, ($F7-1)*10+N$2) -> 0.12103896 | ... P7: =INDEX(Random!$F$2:$F$10001, ($F7-1)*10+P$2) -> 0.30477959 | R7: 5 | S7: 100 | T7: 97.645381 | U7: 95.540446 | V7: 92.155813 | W7: 91.293435 | X7: 89.514858 | Y7: 90.634149 | Z7: 86.03829 | AA7: 86.426099 | AB7: 88.081304 | AC7: 89.025284 | AD7: =AVERAGE(T7:AC7) -> 90.635506 | AE7: =MAX(AD7-$C$3, 0) -> 0
A8: Observations | B8: n | C8: 10 | F8: 6 | G8: =INDEX(Random!$F$2:$F$10001, ($F8-1)*10+G$2) -> -1.122036 | H8: =INDEX(Random!$F$2:$F$10001, ($F8-1)*10+H$2) -> 0.88318593 | I8: =INDEX(Random!$F$2:$F$10001, ($F8-1)*10+I$2) -> 0.35417352 | J8: =INDEX(Random!$F$2:$F$10001, ($F8-1)*10+J$2) -> 2.4464606 | K8: =INDEX(Random!$F$2:$F$10001, ($F8-1)*10+K$2) -> 0.86114115 | L8: =INDEX(Random!$F$2:$F$10001, ($F8-1)*10+L$2) -> -0.19836295 | M8: =INDEX(Random!$F$2:$F$10001, ($F8-1)*10+M$2) -> -0.099004086 | N8: =INDEX(Random!$F$2:$F$10001, ($F8-1)*10+N$2) -> -1.603532 | ... P8: =INDEX(Random!$F$2:$F$10001, ($F8-1)*10+P$2) -> 0.36133867 | R8: 6 | S8: 100 | T8: 96.348657 | U8: 99.288913 | V8: 100.5194 | W8: 109.16331 | X8: 112.41148 | Y8: 111.71492 | Z8: 111.39329 | AA8: 105.60656 | AB8: 104.37946 | AC8: 105.69843 | AD8: =AVERAGE(T8:AC8) -> 105.65244 | AE8: =MAX(AD8-$C$3, 0) -> 4.6524422
F9: 7 | G9: =INDEX(Random!$F$2:$F$10001, ($F9-1)*10+G$2) -> -0.19970767 | H9: =INDEX(Random!$F$2:$F$10001, ($F9-1)*10+H$2) -> -1.4556095 | I9: =INDEX(Random!$F$2:$F$10001, ($F9-1)*10+I$2) -> 0.61148664 | J9: =INDEX(Random!$F$2:$F$10001, ($F9-1)*10+J$2) -> 0.39078927 | K9: =INDEX(Random!$F$2:$F$10001, ($F9-1)*10+K$2) -> 0.93897328 | L9: =INDEX(Random!$F$2:$F$10001, ($F9-1)*10+L$2) -> -2.2119055 | M9: =INDEX(Random!$F$2:$F$10001, ($F9-1)*10+M$2) -> -2.2730263 | N9: =INDEX(Random!$F$2:$F$10001, ($F9-1)*10+N$2) -> 0.55360732 | ... P9: =INDEX(Random!$F$2:$F$10001, ($F9-1)*10+P$2) -> -1.0668088 | R9: 7 | S9: 100 | T9: 99.375866 | U9: 94.682024 | V9: 96.686283 | W9: 98.004806 | X9: 101.18476 | Y9: 93.990721 | Z9: 87.129363 | AA9: 88.801186 | AB9: 84.897011 | AC9: 81.94879 | AD9: =AVERAGE(T9:AC9) -> 92.670081 | AE9: =MAX(AD9-$C$3, 0) -> 0
A10: Monte-Carlo Call | B10: =AVERAGE(AE3:AE1002) * EXP(-$C$5*$C$4) -> 2.4705985 | F10: 8 | G10: =INDEX(Random!$F$2:$F$10001, ($F10-1)*10+G$2) -> -1.0046006 | H10: =INDEX(Random!$F$2:$F$10001, ($F10-1)*10+H$2) -> 0.97538474 | I10: =INDEX(Random!$F$2:$F$10001, ($F10-1)*10+I$2) -> 0.0090018173 | J10: =INDEX(Random!$F$2:$F$10001, ($F10-1)*10+J$2) -> 1.0310011 | K10: =INDEX(Random!$F$2:$F$10001, ($F10-1)*10+K$2) -> -1.7661142 | L10: =INDEX(Random!$F$2:$F$10001, ($F10-1)*10+L$2) -> 0.063344635 | M10: =INDEX(Random!$F$2:$F$10001, ($F10-1)*10+M$2) -> 0.085445841 | N10: =INDEX(Random!$F$2:$F$10001, ($F10-1)*10+N$2) -> 1.7481604 | ... P10: =INDEX(Random!$F$2:$F$10001, ($F10-1)*10+P$2) -> 0.16283613 | R10: 8 | S10: 100 | T10: 96.728913 | U10: 99.989507 | V10: 100.06347 | W10: 103.6296 | X10: 97.711889 | Y10: 97.962562 | Z10: 98.286711 | AA10: 104.26768 | AB10: 105.48725 | AC10: 106.11137 | AD10: =AVERAGE(T10:AC10) -> 101.0239 | AE10: =MAX(AD10-$C$3, 0) -> 0.023895192
A11: Std Dev | B11: =_xlfn.STDEV.S(AE3:AE1002)/SQRT(COUNT(AE3:AE1002)) * EXP(-$C$5*$C$4) -> 0.12225369 | C11: =B11/B10 -> 0.049483432 | F11: 9 | G11: =INDEX(Random!$F$2:$F$10001, ($F11-1)*10+G$2) -> -0.029378262 | H11: =INDEX(Random!$F$2:$F$10001, ($F11-1)*10+H$2) -> 0.97048475 | I11: =INDEX(Random!$F$2:$F$10001, ($F11-1)*10+I$2) -> 0.58976956 | J11: =INDEX(Random!$F$2:$F$10001, ($F11-1)*10+J$2) -> -0.082535521 | K11: =INDEX(Random!$F$2:$F$10001, ($F11-1)*10+K$2) -> 1.2152465 | L11: =INDEX(Random!$F$2:$F$10001, ($F11-1)*10+L$2) -> -1.398583 | M11: =INDEX(Random!$F$2:$F$10001, ($F11-1)*10+M$2) -> -0.10982132 | N11: =INDEX(Random!$F$2:$F$10001, ($F11-1)*10+N$2) -> 1.1582604 | ... P11: =INDEX(Random!$F$2:$F$10001, ($F11-1)*10+P$2) -> 0.70316178 | R11: 9 | S11: 100 | T11: 99.945227 | U11: 103.29726 | V11: 105.40708 | W11: 105.16168 | X11: 109.58463 | Y11: 104.60849 | Z11: 104.26948 | AA11: 108.44742 | AB11: 107.36099 | AC11: 109.97128 | AD11: =AVERAGE(T11:AC11) -> 105.80535 | AE11: =MAX(AD11-$C$3, 0) -> 4.8053538
F12: 10 | G12: =INDEX(Random!$F$2:$F$10001, ($F12-1)*10+G$2) -> 0.76118985 | H12: =INDEX(Random!$F$2:$F$10001, ($F12-1)*10+H$2) -> -0.13820517 | I12: =INDEX(Random!$F$2:$F$10001, ($F12-1)*10+I$2) -> -0.040053655 | J12: =INDEX(Random!$F$2:$F$10001, ($F12-1)*10+J$2) -> -0.3075265 | K12: =INDEX(Random!$F$2:$F$10001, ($F12-1)*10+K$2) -> -0.27225431 | L12: =INDEX(Random!$F$2:$F$10001, ($F12-1)*10+L$2) -> 0.41492362 | M12: =INDEX(Random!$F$2:$F$10001, ($F12-1)*10+M$2) -> -0.36779231 | N12: =INDEX(Random!$F$2:$F$10001, ($F12-1)*10+N$2) -> -0.55379921 | ... P12: =INDEX(Random!$F$2:$F$10001, ($F12-1)*10+P$2) -> 2.1907635 | R12: 10 | S12: 100 | T12: 102.63087 | U12: 102.20092 | V12: 102.10838 | W12: 101.10479 | X12: 100.22958 | Y12: 101.6787 | Z12: 100.47603 | AA12: 98.670073 | AB12: 100.88801 | AC12: 108.62798 | AD12: =AVERAGE(T12:AC12) -> 101.86153 | AE12: =MAX(AD12-$C$3, 0) -> 0.86153429
A13: Confidence | B13: N(0, 1) | C13: Left | D13: Right | F13: 11 | G13: =INDEX(Random!$F$2:$F$10001, ($F13-1)*10+G$2) -> 1.219039 | H13: =INDEX(Random!$F$2:$F$10001, ($F13-1)*10+H$2) -> 1.2879173 | I13: =INDEX(Random!$F$2:$F$10001, ($F13-1)*10+I$2) -> 0.27313996 | J13: =INDEX(Random!$F$2:$F$10001, ($F13-1)*10+J$2) -> 0.74485004 | K13: =INDEX(Random!$F$2:$F$10001, ($F13-1)*10+K$2) -> -0.085940683 | L13: =INDEX(Random!$F$2:$F$10001, ($F13-1)*10+L$2) -> 0.11501962 | M13: =INDEX(Random!$F$2:$F$10001, ($F13-1)*10+M$2) -> 0.24858351 | N13: =INDEX(Random!$F$2:$F$10001, ($F13-1)*10+N$2) -> 0.55255614 | ... P13: =INDEX(Random!$F$2:$F$10001, ($F13-1)*10+P$2) -> -0.45403103 | R13: 11 | S13: 100 | T13: 104.21911 | U13: 108.86745 | V13: 109.91749 | W13: 112.74746 | X13: 112.47213 | Y13: 112.95628 | Z13: 113.95186 | AA13: 116.13425 | AB13: 118.43175 | AC13: 116.6929 | AD13: =AVERAGE(T13:AC13) -> 112.63907 | AE13: =MAX(AD13-$C$3, 0) -> 11.639067
A14: 0.95 | B14: =_xlfn.NORM.INV((1+A14)/2, 0, 1) -> 1.959964 | C14: =$B$10 - $B$11 * B14 -> 2.2309857 | D14: =$B$10 + $B$11 * B14 -> 2.7102114 | F14: 12 | G14: =INDEX(Random!$F$2:$F$10001, ($F14-1)*10+G$2) -> -0.24135327 | H14: =INDEX(Random!$F$2:$F$10001, ($F14-1)*10+H$2) -> -0.22884347 | I14: =INDEX(Random!$F$2:$F$10001, ($F14-1)*10+I$2) -> 0.66526098 | J14: =INDEX(Random!$F$2:$F$10001, ($F14-1)*10+J$2) -> -0.68487127 | K14: =INDEX(Random!$F$2:$F$10001, ($F14-1)*10+K$2) -> -1.5313986 | L14: =INDEX(Random!$F$2:$F$10001, ($F14-1)*10+L$2) -> -1.1240584 | M14: =INDEX(Random!$F$2:$F$10001, ($F14-1)*10+M$2) -> -1.3949514 | N14: =INDEX(Random!$F$2:$F$10001, ($F14-1)*10+N$2) -> 0.92567358 | ... P14: =INDEX(Random!$F$2:$F$10001, ($F14-1)*10+P$2) -> 0.17871074 | R14: 12 | S14: 100 | T14: 99.237151 | U14: 98.521452 | V14: 100.78861 | W14: 98.542858 | X14: 93.649996 | Y14: 90.224393 | Z14: 86.137877 | AA14: 88.893122 | AB14: 86.17823 | AC14: 86.734284 | AD14: =AVERAGE(T14:AC14) -> 92.890797 | AE14: =MAX(AD14-$C$3, 0) -> 0
A15: 0.99 | B15: =_xlfn.NORM.INV((1+A15)/2, 0, 1) -> 2.5758293 | C15: =$B$10 - $B$11 * B15 -> 2.1556939 | D15: =$B$10 + $B$11 * B15 -> 2.7855032 | F15: 13 | G15: =INDEX(Random!$F$2:$F$10001, ($F15-1)*10+G$2) -> 0.7144657 | H15: =INDEX(Random!$F$2:$F$10001, ($F15-1)*10+H$2) -> -1.2616514 | I15: =INDEX(Random!$F$2:$F$10001, ($F15-1)*10+I$2) -> 0.99521177 | J15: =INDEX(Random!$F$2:$F$10001, ($F15-1)*10+J$2) -> -0.022583618 | K15: =INDEX(Random!$F$2:$F$10001, ($F15-1)*10+K$2) -> 0.34908956 | L15: =INDEX(Random!$F$2:$F$10001, ($F15-1)*10+L$2) -> 1.7350154 | M15: =INDEX(Random!$F$2:$F$10001, ($F15-1)*10+M$2) -> -1.4400059 | N15: =INDEX(Random!$F$2:$F$10001, ($F15-1)*10+N$2) -> -1.375995 | ... P15: =INDEX(Random!$F$2:$F$10001, ($F15-1)*10+P$2) -> 1.5003575 | R15: 13 | S15: 100 | T15: 102.47016 | U15: 98.267369 | V15: 101.6474 | W15: 101.61488 | X15: 102.85665 | Y15: 109.06761 | Z15: 103.9704 | AA15: 99.324416 | AB15: 100.50031 | AC15: 105.7335 | AD15: =AVERAGE(T15:AC15) -> 102.54527 | AE15: =MAX(AD15-$C$3, 0) -> 1.5452683
A16: 0.999 | B16: =_xlfn.NORM.INV((1+A16)/2, 0, 1) -> 3.2905267 | C16: =$B$10 - $B$11 * B16 -> 2.0683195 | D16: =$B$10 + $B$11 * B16 -> 2.8728776 | F16: 14 | G16: =INDEX(Random!$F$2:$F$10001, ($F16-1)*10+G$2) -> -0.2951963 | H16: =INDEX(Random!$F$2:$F$10001, ($F16-1)*10+H$2) -> -0.53265153 | I16: =INDEX(Random!$F$2:$F$10001, ($F16-1)*10+I$2) -> -1.174597 | J16: =INDEX(Random!$F$2:$F$10001, ($F16-1)*10+J$2) -> -0.5680664 | K16: =INDEX(Random!$F$2:$F$10001, ($F16-1)*10+K$2) -> 2.3552899 | L16: =INDEX(Random!$F$2:$F$10001, ($F16-1)*10+L$2) -> -0.54225975 | M16: =INDEX(Random!$F$2:$F$10001, ($F16-1)*10+M$2) -> 1.9609289 | N16: =INDEX(Random!$F$2:$F$10001, ($F16-1)*10+N$2) -> 1.5952949 | ... P16: =INDEX(Random!$F$2:$F$10001, ($F16-1)*10+P$2) -> -0.22494283 | R16: 14 | S16: 100 | T16: 99.058095 | U16: 97.346651 | V16: 93.626985 | W16: 91.900146 | X16: 99.498139 | Y16: 97.747586 | Z16: 104.43841 | AA16: 110.22711 | AB16: 110.23826 | AC16: 109.45754 | AD16: =AVERAGE(T16:AC16) -> 101.35389 | AE16: =MAX(AD16-$C$3, 0) -> 0.35389326
F17: 15 | G17: =INDEX(Random!$F$2:$F$10001, ($F17-1)*10+G$2) -> 1.6878412 | H17: =INDEX(Random!$F$2:$F$10001, ($F17-1)*10+H$2) -> -2.3806676 | I17: =INDEX(Random!$F$2:$F$10001, ($F17-1)*10+I$2) -> -1.3239593 | J17: =INDEX(Random!$F$2:$F$10001, ($F17-1)*10+J$2) -> 0.087880733 | K17: =INDEX(Random!$F$2:$F$10001, ($F17-1)*10+K$2) -> 0.44977416 | L17: =INDEX(Random!$F$2:$F$10001, ($F17-1)*10+L$2) -> 0.19341983 | M17: =INDEX(Random!$F$2:$F$10001, ($F17-1)*10+M$2) -> -1.006188 | N17: =INDEX(Random!$F$2:$F$10001, ($F17-1)*10+N$2) -> -0.26899436 | ... P17: =INDEX(Random!$F$2:$F$10001, ($F17-1)*10+P$2) -> -1.0613064 | R17: 15 | S17: 100 | T17: 105.87081 | U17: 97.78851 | V17: 93.581961 | W17: 93.899283 | X17: 95.36829 | Y17: 96.031007 | Z17: 92.884804 | AA17: 92.090815 | AB17: 89.364421 | AC17: 86.276981 | AD17: =AVERAGE(T17:AC17) -> 94.315688 | AE17: =MAX(AD17-$C$3, 0) -> 0
A18: Req. Accuracy | B18: 0.1 | F18: 16 | G18: =INDEX(Random!$F$2:$F$10001, ($F18-1)*10+G$2) -> -0.48243008 | H18: =INDEX(Random!$F$2:$F$10001, ($F18-1)*10+H$2) -> -0.50083362 | I18: =INDEX(Random!$F$2:$F$10001, ($F18-1)*10+I$2) -> -0.66994996 | J18: =INDEX(Random!$F$2:$F$10001, ($F18-1)*10+J$2) -> -0.014743541 | K18: =INDEX(Random!$F$2:$F$10001, ($F18-1)*10+K$2) -> 0.2245723 | L18: =INDEX(Random!$F$2:$F$10001, ($F18-1)*10+L$2) -> -1.3505642 | M18: =INDEX(Random!$F$2:$F$10001, ($F18-1)*10+M$2) -> -2.7705825 | N18: =INDEX(Random!$F$2:$F$10001, ($F18-1)*10+N$2) -> -1.6173471 | ... P18: =INDEX(Random!$F$2:$F$10001, ($F18-1)*10+P$2) -> 0.20555348 | R18: 16 | S18: 100 | T18: 98.437959 | U18: 96.840522 | V18: 94.73014 | W18: 94.724739 | X18: 95.482701 | Y18: 91.293837 | Z18: 83.228732 | AA18: 78.868558 | AB18: 79.697016 | AC18: 80.2835 | AD18: =AVERAGE(T18:AC18) -> 89.35877 | AE18: =MAX(AD18-$C$3, 0) -> 0
A19: Req. Conf. Level | B19: 0.95 | F19: 17 | G19: =INDEX(Random!$F$2:$F$10001, ($F19-1)*10+G$2) -> -0.79190254 | H19: =INDEX(Random!$F$2:$F$10001, ($F19-1)*10+H$2) -> -1.4708297 | I19: =INDEX(Random!$F$2:$F$10001, ($F19-1)*10+I$2) -> -0.69430151 | J19: =INDEX(Random!$F$2:$F$10001, ($F19-1)*10+J$2) -> 1.2303847 | K19: =INDEX(Random!$F$2:$F$10001, ($F19-1)*10+K$2) -> -1.2145721 | L19: =INDEX(Random!$F$2:$F$10001, ($F19-1)*10+L$2) -> -1.1348284 | M19: =INDEX(Random!$F$2:$F$10001, ($F19-1)*10+M$2) -> -0.044347735 | N19: =INDEX(Random!$F$2:$F$10001, ($F19-1)*10+N$2) -> 0.70729611 | ... P19: =INDEX(Random!$F$2:$F$10001, ($F19-1)*10+P$2) -> -0.039336575 | R19: 17 | S19: 100 | T19: 97.421455 | U19: 92.772554 | V19: 90.67673 | W19: 94.538449 | X19: 90.804254 | Y19: 87.451148 | Z19: 87.359376 | AA19: 89.495764 | AB19: 92.896241 | AC19: 92.814353 | AD19: =AVERAGE(T19:AC19) -> 91.623032 | AE19: =MAX(AD19-$C$3, 0) -> 0
A20: Req. N(0, 1) | B20: =_xlfn.NORM.INV((1+B19)/2, 0, 1) -> 1.959964 | F20: 18 | G20: =INDEX(Random!$F$2:$F$10001, ($F20-1)*10+G$2) -> -0.92534877 | H20: =INDEX(Random!$F$2:$F$10001, ($F20-1)*10+H$2) -> 1.2915863 | I20: =INDEX(Random!$F$2:$F$10001, ($F20-1)*10+I$2) -> -0.35022317 | J20: =INDEX(Random!$F$2:$F$10001, ($F20-1)*10+J$2) -> 0.013515742 | K20: =INDEX(Random!$F$2:$F$10001, ($F20-1)*10+K$2) -> 0.73665841 | L20: =INDEX(Random!$F$2:$F$10001, ($F20-1)*10+L$2) -> 0.16938929 | M20: =INDEX(Random!$F$2:$F$10001, ($F20-1)*10+M$2) -> 1.6989325 | N20: =INDEX(Random!$F$2:$F$10001, ($F20-1)*10+N$2) -> 1.4736148 | ... P20: =INDEX(Random!$F$2:$F$10001, ($F20-1)*10+P$2) -> 0.52453925 | R20: 18 | S20: 100 | T20: 96.986379 | U20: 101.32459 | V20: 100.18513 | W20: 100.27442 | X20: 102.82787 | Y20: 103.459 | Z20: 109.57364 | AA20: 115.17594 | AB20: 120.34294 | AC20: 122.53253 | AD20: =AVERAGE(T20:AC20) -> 107.26825 | AE20: =MAX(AD20-$C$3, 0) -> 6.268246
A21: Req. Simulations | B21: =(2*B10*B20*SQRT(COUNT(AE3:AE1002))/B18)^2 -> 9379086.3 | F21: 19 | G21: =INDEX(Random!$F$2:$F$10001, ($F21-1)*10+G$2) -> -1.9044745 | H21: =INDEX(Random!$F$2:$F$10001, ($F21-1)*10+H$2) -> -1.515581 | I21: =INDEX(Random!$F$2:$F$10001, ($F21-1)*10+I$2) -> 0.18264643 | J21: =INDEX(Random!$F$2:$F$10001, ($F21-1)*10+J$2) -> -0.44954431 | K21: =INDEX(Random!$F$2:$F$10001, ($F21-1)*10+K$2) -> -0.19142711 | L21: =INDEX(Random!$F$2:$F$10001, ($F21-1)*10+L$2) -> 0.033502695 | M21: =INDEX(Random!$F$2:$F$10001, ($F21-1)*10+M$2) -> 0.13121054 | N21: =INDEX(Random!$F$2:$F$10001, ($F21-1)*10+N$2) -> -1.8157033 | ... P21: =INDEX(Random!$F$2:$F$10001, ($F21-1)*10+P$2) -> 3.0040195 | R21: 19 | S21: 100 | T21: 93.852994 | U21: 89.240327 | V21: 89.827996 | W21: 88.522434 | X21: 87.994371 | Y21: 88.131857 | Z21: 88.55931 | AA21: 83.363408 | AB21: 82.60232 | AC21: 91.398872 | AD21: =AVERAGE(T21:AC21) -> 88.349389 | AE21: =MAX(AD21-$C$3, 0) -> 0
F22: 20 | G22: =INDEX(Random!$F$2:$F$10001, ($F22-1)*10+G$2) -> 0.50657076 | H22: =INDEX(Random!$F$2:$F$10001, ($F22-1)*10+H$2) -> -1.4943402 | I22: =INDEX(Random!$F$2:$F$10001, ($F22-1)*10+I$2) -> -0.29093213 | J22: =INDEX(Random!$F$2:$F$10001, ($F22-1)*10+J$2) -> 1.7727671 | K22: =INDEX(Random!$F$2:$F$10001, ($F22-1)*10+K$2) -> -0.67303217 | L22: =INDEX(Random!$F$2:$F$10001, ($F22-1)*10+L$2) -> -1.178126 | M22: =INDEX(Random!$F$2:$F$10001, ($F22-1)*10+M$2) -> -0.63206489 | N22: =INDEX(Random!$F$2:$F$10001, ($F22-1)*10+N$2) -> 0.59049889 | ... P22: =INDEX(Random!$F$2:$F$10001, ($F22-1)*10+P$2) -> 1.851038 | R22: 20 | S22: 100 | T22: 101.75812 | U22: 96.825888 | V22: 95.927599 | W22: 101.84903 | X22: 99.619205 | Y22: 95.801363 | Z22: 93.832785 | AA22: 95.75164 | AB22: 93.820904 | AC22: 99.87415 | AD22: =AVERAGE(T22:AC22) -> 97.506068 | AE22: =MAX(AD22-$C$3, 0) -> 0
B23: Seed Variance | F23: 21 | G23: =INDEX(Random!$F$2:$F$10001, ($F23-1)*10+G$2) -> -0.33808184 | H23: =INDEX(Random!$F$2:$F$10001, ($F23-1)*10+H$2) -> 1.1248831 | I23: =INDEX(Random!$F$2:$F$10001, ($F23-1)*10+I$2) -> -0.36602298 | J23: =INDEX(Random!$F$2:$F$10001, ($F23-1)*10+J$2) -> -1.0607678 | K23: =INDEX(Random!$F$2:$F$10001, ($F23-1)*10+K$2) -> -0.76456099 | L23: =INDEX(Random!$F$2:$F$10001, ($F23-1)*10+L$2) -> -1.9376445 | M23: =INDEX(Random!$F$2:$F$10001, ($F23-1)*10+M$2) -> -1.1027921 | N23: =INDEX(Random!$F$2:$F$10001, ($F23-1)*10+N$2) -> -0.2011474 | ... P23: =INDEX(Random!$F$2:$F$10001, ($F23-1)*10+P$2) -> -0.7853975 | R23: 21 | S23: 100 | T23: 98.91571 | U23: 102.76402 | V23: 101.55454 | W23: 98.047718 | X23: 95.607152 | Y23: 89.630401 | Z23: 86.413446 | AA23: 85.869963 | AB23: 89.6586 | AC23: 87.365773 | AD23: =AVERAGE(T23:AC23) -> 93.582733 | AE23: =MAX(AD23-$C$3, 0) -> 0
B24: Seed | C24: Result | F24: 22 | G24: =INDEX(Random!$F$2:$F$10001, ($F24-1)*10+G$2) -> 1.0760634 | H24: =INDEX(Random!$F$2:$F$10001, ($F24-1)*10+H$2) -> -0.74071011 | I24: =INDEX(Random!$F$2:$F$10001, ($F24-1)*10+I$2) -> -1.7706931 | J24: =INDEX(Random!$F$2:$F$10001, ($F24-1)*10+J$2) -> -1.5311485 | K24: =INDEX(Random!$F$2:$F$10001, ($F24-1)*10+K$2) -> 0.31007444 | L24: =INDEX(Random!$F$2:$F$10001, ($F24-1)*10+L$2) -> -0.2811732 | M24: =INDEX(Random!$F$2:$F$10001, ($F24-1)*10+M$2) -> -0.36223891 | N24: =INDEX(Random!$F$2:$F$10001, ($F24-1)*10+N$2) -> -0.40938281 | ... P24: =INDEX(Random!$F$2:$F$10001, ($F24-1)*10+P$2) -> -0.38245314 | R24: 22 | S24: 100 | T24: 103.72052 | U24: 101.21969 | V24: 95.424936 | W24: 90.687646 | X24: 91.675838 | Y24: 90.855063 | Z24: 89.797143 | AA24: 88.611314 | AB24: 89.85264 | AC24: 88.746202 | AD24: =AVERAGE(T24:AC24) -> 93.059099 | AE24: =MAX(AD24-$C$3, 0) -> 0
B25: 1 | C25: 2.4705985 | F25: 23 | G25: =INDEX(Random!$F$2:$F$10001, ($F25-1)*10+G$2) -> -1.059703 | H25: =INDEX(Random!$F$2:$F$10001, ($F25-1)*10+H$2) -> 1.3449595 | I25: =INDEX(Random!$F$2:$F$10001, ($F25-1)*10+I$2) -> -0.063395776 | J25: =INDEX(Random!$F$2:$F$10001, ($F25-1)*10+J$2) -> -0.042473125 | K25: =INDEX(Random!$F$2:$F$10001, ($F25-1)*10+K$2) -> 0.93970064 | L25: =INDEX(Random!$F$2:$F$10001, ($F25-1)*10+L$2) -> -1.9783065 | M25: =INDEX(Random!$F$2:$F$10001, ($F25-1)*10+M$2) -> 1.6353396 | N25: =INDEX(Random!$F$2:$F$10001, ($F25-1)*10+N$2) -> 0.56140283 | ... P25: =INDEX(Random!$F$2:$F$10001, ($F25-1)*10+P$2) -> 1.4743715 | R25: 23 | S25: 100 | T25: 96.550305 | U25: 101.04975 | V25: 100.87924 | W25: 100.77971 | X25: 104.05224 | Y25: 97.414603 | Z25: 102.95218 | AA25: 104.95504 | AB25: 105.90852 | AC25: 111.32625 | AD25: =AVERAGE(T25:AC25) -> 102.58678 | AE25: =MAX(AD25-$C$3, 0) -> 1.586783
B26: 2 | C26: 2.3292679 | F26: 24 | G26: =INDEX(Random!$F$2:$F$10001, ($F26-1)*10+G$2) -> 0.91574366 | H26: =INDEX(Random!$F$2:$F$10001, ($F26-1)*10+H$2) -> -2.1906269 | I26: =INDEX(Random!$F$2:$F$10001, ($F26-1)*10+I$2) -> -0.38515053 | J26: =INDEX(Random!$F$2:$F$10001, ($F26-1)*10+J$2) -> 1.2180627 | K26: =INDEX(Random!$F$2:$F$10001, ($F26-1)*10+K$2) -> 1.6744965 | L26: =INDEX(Random!$F$2:$F$10001, ($F26-1)*10+L$2) -> -0.0875683 | M26: =INDEX(Random!$F$2:$F$10001, ($F26-1)*10+M$2) -> -0.46789168 | N26: =INDEX(Random!$F$2:$F$10001, ($F26-1)*10+N$2) -> -0.2779581 | ... P26: =INDEX(Random!$F$2:$F$10001, ($F26-1)*10+P$2) -> 1.6012667 | R26: 24 | S26: 100 | T26: 103.16428 | U26: 95.897921 | V26: 94.708472 | W26: 98.701093 | X26: 104.44889 | Y26: 104.18813 | Z26: 102.61069 | AA26: 101.70298 | AB26: 106.2198 | AC26: 112.12969 | AD26: =AVERAGE(T26:AC26) -> 102.3772 | AE26: =MAX(AD26-$C$3, 0) -> 1.3771962
B27: 3 | C27: 2.4147829 | F27: 25 | G27: =INDEX(Random!$F$2:$F$10001, ($F27-1)*10+G$2) -> 0.14780736 | H27: =INDEX(Random!$F$2:$F$10001, ($F27-1)*10+H$2) -> 0.11756704 | I27: =INDEX(Random!$F$2:$F$10001, ($F27-1)*10+I$2) -> -0.45645903 | J27: =INDEX(Random!$F$2:$F$10001, ($F27-1)*10+J$2) -> -0.67331445 | K27: =INDEX(Random!$F$2:$F$10001, ($F27-1)*10+K$2) -> 0.79126275 | L27: =INDEX(Random!$F$2:$F$10001, ($F27-1)*10+L$2) -> 1.421711 | M27: =INDEX(Random!$F$2:$F$10001, ($F27-1)*10+M$2) -> -0.41542861 | N27: =INDEX(Random!$F$2:$F$10001, ($F27-1)*10+N$2) -> 0.58783493 | ... P27: =INDEX(Random!$F$2:$F$10001, ($F27-1)*10+P$2) -> 2.3245838 | R27: 25 | S27: 100 | T27: 100.54097 | U27: 100.98239 | V27: 99.491629 | W27: 97.312491 | X27: 99.973447 | Y27: 104.90212 | Z27: 103.49583 | AA27: 105.60286 | AB27: 101.89895 | AC27: 110.21004 | AD27: =AVERAGE(T27:AC27) -> 102.44107 | AE27: =MAX(AD27-$C$3, 0) -> 1.4410726
B28: 4 | C28: 2.4143405 | F28: 26 | G28: =INDEX(Random!$F$2:$F$10001, ($F28-1)*10+G$2) -> -2.1492981 | H28: =INDEX(Random!$F$2:$F$10001, ($F28-1)*10+H$2) -> 1.5711247 | I28: =INDEX(Random!$F$2:$F$10001, ($F28-1)*10+I$2) -> 0.18348877 | J28: =INDEX(Random!$F$2:$F$10001, ($F28-1)*10+J$2) -> -0.5884975 | K28: =INDEX(Random!$F$2:$F$10001, ($F28-1)*10+K$2) -> -1.1416854 | L28: =INDEX(Random!$F$2:$F$10001, ($F28-1)*10+L$2) -> -0.26244375 | M28: =INDEX(Random!$F$2:$F$10001, ($F28-1)*10+M$2) -> 1.6749552 | N28: =INDEX(Random!$F$2:$F$10001, ($F28-1)*10+N$2) -> 0.35415635 | ... P28: =INDEX(Random!$F$2:$F$10001, ($F28-1)*10+P$2) -> -0.96541947 | R28: 26 | S28: 100 | T28: 93.085464 | U28: 98.165287 | V28: 98.81452 | W28: 96.925559 | X28: 93.324948 | Y28: 92.547528 | Z28: 97.938481 | AA28: 99.152176 | AB28: 100.78547 | AC28: 97.616895 | AD28: =AVERAGE(T28:AC28) -> 96.835633 | AE28: =MAX(AD28-$C$3, 0) -> 0
B29: 5 | C29: 2.6093686 | F29: 27 | G29: =INDEX(Random!$F$2:$F$10001, ($F29-1)*10+G$2) -> -0.42205977 | H29: =INDEX(Random!$F$2:$F$10001, ($F29-1)*10+H$2) -> 0.65071882 | I29: =INDEX(Random!$F$2:$F$10001, ($F29-1)*10+I$2) -> 0.56611331 | J29: =INDEX(Random!$F$2:$F$10001, ($F29-1)*10+J$2) -> 2.1533465 | K29: =INDEX(Random!$F$2:$F$10001, ($F29-1)*10+K$2) -> 0.7226151 | L29: =INDEX(Random!$F$2:$F$10001, ($F29-1)*10+L$2) -> -0.43169873 | M29: =INDEX(Random!$F$2:$F$10001, ($F29-1)*10+M$2) -> -0.56222676 | N29: =INDEX(Random!$F$2:$F$10001, ($F29-1)*10+N$2) -> 1.0302593 | ... P29: =INDEX(Random!$F$2:$F$10001, ($F29-1)*10+P$2) -> 0.25246204 | R29: 27 | S29: 100 | T29: 98.637486 | U29: 100.85811 | V29: 102.83648 | W29: 110.58706 | X29: 113.34971 | Y29: 111.76917 | Z29: 109.72921 | AA29: 113.63698 | AB29: 115.05289 | AC29: 116.08205 | AD29: =AVERAGE(T29:AC29) -> 109.25391 | AE29: =MAX(AD29-$C$3, 0) -> 8.253914
B30: 6 | C30: 2.2850305 | F30: 28 | G30: =INDEX(Random!$F$2:$F$10001, ($F30-1)*10+G$2) -> -1.3255674 | H30: =INDEX(Random!$F$2:$F$10001, ($F30-1)*10+H$2) -> 0.40636932 | I30: =INDEX(Random!$F$2:$F$10001, ($F30-1)*10+I$2) -> 1.5889861 | J30: =INDEX(Random!$F$2:$F$10001, ($F30-1)*10+J$2) -> -0.55122348 | K30: =INDEX(Random!$F$2:$F$10001, ($F30-1)*10+K$2) -> -0.46125857 | L30: =INDEX(Random!$F$2:$F$10001, ($F30-1)*10+L$2) -> -1.5581412 | M30: =INDEX(Random!$F$2:$F$10001, ($F30-1)*10+M$2) -> 1.6111084 | N30: =INDEX(Random!$F$2:$F$10001, ($F30-1)*10+N$2) -> 0.6256355 | ... P30: =INDEX(Random!$F$2:$F$10001, ($F30-1)*10+P$2) -> 0.18288603 | R30: 28 | S30: 100 | T30: 95.693158 | U30: 97.048839 | V30: 102.40628 | W30: 100.57432 | X30: 99.073637 | Y30: 94.070005 | Z30: 99.336687 | AA30: 101.48763 | AB30: 103.1112 | AC30: 103.79104 | AD30: =AVERAGE(T30:AC30) -> 99.659279 | AE30: =MAX(AD30-$C$3, 0) -> 0
B31: 7 | C31: 2.4043669 | F31: 29 | G31: =INDEX(Random!$F$2:$F$10001, ($F31-1)*10+G$2) -> 1.0992154 | H31: =INDEX(Random!$F$2:$F$10001, ($F31-1)*10+H$2) -> -2.3402067 | I31: =INDEX(Random!$F$2:$F$10001, ($F31-1)*10+I$2) -> -0.97350506 | J31: =INDEX(Random!$F$2:$F$10001, ($F31-1)*10+J$2) -> -2.2473107 | K31: =INDEX(Random!$F$2:$F$10001, ($F31-1)*10+K$2) -> -0.77144961 | L31: =INDEX(Random!$F$2:$F$10001, ($F31-1)*10+L$2) -> -0.67078281 | M31: =INDEX(Random!$F$2:$F$10001, ($F31-1)*10+M$2) -> 0.47685784 | N31: =INDEX(Random!$F$2:$F$10001, ($F31-1)*10+N$2) -> -1.6943053 | ... P31: =INDEX(Random!$F$2:$F$10001, ($F31-1)*10+P$2) -> 2.2461962 | R31: 29 | S31: 100 | T31: 103.80109 | U31: 96.006997 | V31: 92.963433 | W31: 86.251429 | X31: 84.085061 | Y31: 82.250353 | Z31: 83.613039 | AA31: 79.028477 | AB31: 76.844577 | AC31: 82.893952 | AD31: =AVERAGE(T31:AC31) -> 86.773841 | AE31: =MAX(AD31-$C$3, 0) -> 0
B32: 8 | C32: 2.3797098 | F32: 30 | G32: =INDEX(Random!$F$2:$F$10001, ($F32-1)*10+G$2) -> -1.5574808 | H32: =INDEX(Random!$F$2:$F$10001, ($F32-1)*10+H$2) -> 0.59980618 | I32: =INDEX(Random!$F$2:$F$10001, ($F32-1)*10+I$2) -> -0.22764178 | J32: =INDEX(Random!$F$2:$F$10001, ($F32-1)*10+J$2) -> -0.543103 | K32: =INDEX(Random!$F$2:$F$10001, ($F32-1)*10+K$2) -> 1.7482948 | L32: =INDEX(Random!$F$2:$F$10001, ($F32-1)*10+L$2) -> -0.86964766 | M32: =INDEX(Random!$F$2:$F$10001, ($F32-1)*10+M$2) -> 1.4784269 | N32: =INDEX(Random!$F$2:$F$10001, ($F32-1)*10+N$2) -> -1.4022514 | ... P32: =INDEX(Random!$F$2:$F$10001, ($F32-1)*10+P$2) -> -0.99598083 | R32: 30 | S32: 100 | T32: 94.951686 | U32: 96.923674 | V32: 96.228538 | W32: 94.532835 | X32: 100.28582 | Y32: 97.445472 | Z32: 102.44421 | AA32: 97.780284 | AB32: 103.68478 | AC32: 100.32216 | AD32: =AVERAGE(T32:AC32) -> 98.459946 | AE32: =MAX(AD32-$C$3, 0) -> 0
B33: 9 | C33: 2.3077982 | F33: 31 | G33: =INDEX(Random!$F$2:$F$10001, ($F33-1)*10+G$2) -> -0.033394567 | H33: =INDEX(Random!$F$2:$F$10001, ($F33-1)*10+H$2) -> 0.072452585 | I33: =INDEX(Random!$F$2:$F$10001, ($F33-1)*10+I$2) -> 0.061529165 | J33: =INDEX(Random!$F$2:$F$10001, ($F33-1)*10+J$2) -> 0.36115172 | K33: =INDEX(Random!$F$2:$F$10001, ($F33-1)*10+K$2) -> -1.6625861 | L33: =INDEX(Random!$F$2:$F$10001, ($F33-1)*10+L$2) -> 0.12309347 | M33: =INDEX(Random!$F$2:$F$10001, ($F33-1)*10+M$2) -> 2.0663362 | N33: =INDEX(Random!$F$2:$F$10001, ($F33-1)*10+N$2) -> 0.30857423 | ... P33: =INDEX(Random!$F$2:$F$10001, ($F33-1)*10+P$2) -> -0.27657698 | R33: 31 | S33: 100 | T33: 99.931765 | U33: 100.21874 | V33: 100.46973 | W33: 101.73866 | X33: 96.262617 | Y33: 96.703174 | Z33: 103.68845 | AA33: 104.81304 | AB33: 108.54855 | AC33: 107.5933 | AD33: =AVERAGE(T33:AC33) -> 101.9968 | AE33: =MAX(AD33-$C$3, 0) -> 0.99680204
B34: 10 | C34: 2.6695951 | F34: 32 | G34: =INDEX(Random!$F$2:$F$10001, ($F34-1)*10+G$2) -> -0.015224002 | H34: =INDEX(Random!$F$2:$F$10001, ($F34-1)*10+H$2) -> -0.41933002 | I34: =INDEX(Random!$F$2:$F$10001, ($F34-1)*10+I$2) -> 1.0720949 | J34: =INDEX(Random!$F$2:$F$10001, ($F34-1)*10+J$2) -> -0.51217494 | K34: =INDEX(Random!$F$2:$F$10001, ($F34-1)*10+K$2) -> -1.0734286 | L34: =INDEX(Random!$F$2:$F$10001, ($F34-1)*10+L$2) -> -0.67669072 | M34: =INDEX(Random!$F$2:$F$10001, ($F34-1)*10+M$2) -> -2.2089012 | N34: =INDEX(Random!$F$2:$F$10001, ($F34-1)*10+N$2) -> -1.7579616 | ... P34: =INDEX(Random!$F$2:$F$10001, ($F34-1)*10+P$2) -> 0.35498975 | R34: 32 | S34: 100 | T34: 99.992687 | U34: 98.639304 | V34: 102.29558 | W34: 100.59727 | X34: 97.082264 | Y34: 94.945145 | Z34: 88.20362 | AA34: 83.189545 | AB34: 85.298215 | AC34: 86.35768 | AD34: =AVERAGE(T34:AC34) -> 93.660131 | AE34: =MAX(AD34-$C$3, 0) -> 0
B35: 11 | C35: 2.5300193 | F35: 33 | G35: =INDEX(Random!$F$2:$F$10001, ($F35-1)*10+G$2) -> 0.68549851 | H35: =INDEX(Random!$F$2:$F$10001, ($F35-1)*10+H$2) -> -0.027673835 | I35: =INDEX(Random!$F$2:$F$10001, ($F35-1)*10+I$2) -> 0.36776929 | J35: =INDEX(Random!$F$2:$F$10001, ($F35-1)*10+J$2) -> -0.53611095 | K35: =INDEX(Random!$F$2:$F$10001, ($F35-1)*10+K$2) -> -0.34512692 | L35: =INDEX(Random!$F$2:$F$10001, ($F35-1)*10+L$2) -> 1.2253392 | M35: =INDEX(Random!$F$2:$F$10001, ($F35-1)*10+M$2) -> -0.2782453 | N35: =INDEX(Random!$F$2:$F$10001, ($F35-1)*10+N$2) -> 0.19976338 | ... P35: =INDEX(Random!$F$2:$F$10001, ($F35-1)*10+P$2) -> 0.7344714 | R35: 33 | S35: 100 | T35: 102.37065 | U35: 102.32042 | V35: 103.63573 | W35: 101.83338 | X35: 100.70541 | Y35: 104.97646 | Z35: 104.04682 | AA35: 104.79214 | AB35: 112.23419 | AC35: 115.08375 | AD35: =AVERAGE(T35:AC35) -> 105.1999 | AE35: =MAX(AD35-$C$3, 0) -> 4.1998962
B36: 12 | C36: 2.4059226 | F36: 34 | G36: =INDEX(Random!$F$2:$F$10001, ($F36-1)*10+G$2) -> -0.16702778 | H36: =INDEX(Random!$F$2:$F$10001, ($F36-1)*10+H$2) -> 1.1865835 | I36: =INDEX(Random!$F$2:$F$10001, ($F36-1)*10+I$2) -> 0.51836205 | J36: =INDEX(Random!$F$2:$F$10001, ($F36-1)*10+J$2) -> -0.8649544 | K36: =INDEX(Random!$F$2:$F$10001, ($F36-1)*10+K$2) -> 2.0292769 | L36: =INDEX(Random!$F$2:$F$10001, ($F36-1)*10+L$2) -> 1.4648753 | M36: =INDEX(Random!$F$2:$F$10001, ($F36-1)*10+M$2) -> 0.55525535 | N36: =INDEX(Random!$F$2:$F$10001, ($F36-1)*10+N$2) -> -0.51568404 | ... P36: =INDEX(Random!$F$2:$F$10001, ($F36-1)*10+P$2) -> -2.0460679 | R36: 34 | S36: 100 | T36: 99.484853 | U36: 103.56942 | V36: 105.43198 | W36: 102.46201 | X36: 109.72679 | Y36: 115.30312 | Z36: 117.52203 | AA36: 115.55733 | AB36: 121.34792 | AC36: 113.34906 | AD36: =AVERAGE(T36:AC36) -> 110.37545 | AE36: =MAX(AD36-$C$3, 0) -> 9.3754509
... B44: 20 | C44: 2.5166511 | F44: 42 | G44: =INDEX(Random!$F$2:$F$10001, ($F44-1)*10+G$2) -> 1.4018003 | H44: =INDEX(Random!$F$2:$F$10001, ($F44-1)*10+H$2) -> 0.80931483 | I44: =INDEX(Random!$F$2:$F$10001, ($F44-1)*10+I$2) -> -0.53045102 | J44: =INDEX(Random!$F$2:$F$10001, ($F44-1)*10+J$2) -> 1.3598739 | K44: =INDEX(Random!$F$2:$F$10001, ($F44-1)*10+K$2) -> 0.16198968 | L44: =INDEX(Random!$F$2:$F$10001, ($F44-1)*10+L$2) -> -0.24970672 | M44: =INDEX(Random!$F$2:$F$10001, ($F44-1)*10+M$2) -> -0.46465513 | N44: =INDEX(Random!$F$2:$F$10001, ($F44-1)*10+N$2) -> -0.53053799 | ... P44: =INDEX(Random!$F$2:$F$10001, ($F44-1)*10+P$2) -> -0.99934993 | R44: 42 | S44: 100 | T44: 104.85993 | U44: 107.79252 | V44: 105.93798 | W44: 110.93039 | X44: 111.58356 | Y44: 110.70133 | Z44: 109.03711 | AA44: 107.16085 | AB44: 106.82916 | AC44: 103.35288 | AD44: =AVERAGE(T44:AC44) -> 107.81857 | AE44: =MAX(AD44-$C$3, 0) -> 6.8185725
F45: 43 | G45: =INDEX(Random!$F$2:$F$10001, ($F45-1)*10+G$2) -> -1.7146243 | H45: =INDEX(Random!$F$2:$F$10001, ($F45-1)*10+H$2) -> 0.38070874 | I45: =INDEX(Random!$F$2:$F$10001, ($F45-1)*10+I$2) -> 0.30919629 | J45: =INDEX(Random!$F$2:$F$10001, ($F45-1)*10+J$2) -> -0.61280931 | K45: =INDEX(Random!$F$2:$F$10001, ($F45-1)*10+K$2) -> -0.74284828 | L45: =INDEX(Random!$F$2:$F$10001, ($F45-1)*10+L$2) -> 0.72643709 | M45: =INDEX(Random!$F$2:$F$10001, ($F45-1)*10+M$2) -> 1.5846953 | N45: =INDEX(Random!$F$2:$F$10001, ($F45-1)*10+N$2) -> 0.95372689 | ... P45: =INDEX(Random!$F$2:$F$10001, ($F45-1)*10+P$2) -> 0.018944112 | R45: 43 | S45: 100 | T45: 94.452536 | U45: 95.708231 | V45: 96.74828 | W45: 94.821465 | X45: 92.528566 | Y45: 94.852245 | Z45: 100.07402 | AA45: 103.37226 | AB45: 104.06869 | AC45: 104.18041 | AD45: =AVERAGE(T45:AC45) -> 98.080671 | AE45: =MAX(AD45-$C$3, 0) -> 0
B46: Mean | C46: =AVERAGE(C25:C44) -> 2.4047472 | F46: 44 | G46: =INDEX(Random!$F$2:$F$10001, ($F46-1)*10+G$2) -> -0.54923322 | H46: =INDEX(Random!$F$2:$F$10001, ($F46-1)*10+H$2) -> -0.62703633 | I46: =INDEX(Random!$F$2:$F$10001, ($F46-1)*10+I$2) -> -1.0316265 | J46: =INDEX(Random!$F$2:$F$10001, ($F46-1)*10+J$2) -> 1.2031952 | K46: =INDEX(Random!$F$2:$F$10001, ($F46-1)*10+K$2) -> -0.34465332 | L46: =INDEX(Random!$F$2:$F$10001, ($F46-1)*10+L$2) -> -0.041663635 | M46: =INDEX(Random!$F$2:$F$10001, ($F46-1)*10+M$2) -> -0.25039376 | N46: =INDEX(Random!$F$2:$F$10001, ($F46-1)*10+N$2) -> -0.0056051053 | ... P46: =INDEX(Random!$F$2:$F$10001, ($F46-1)*10+P$2) -> 0.90382666 | R46: 44 | S46: 100 | T46: 98.217641 | U46: 96.215638 | V46: 92.984015 | W46: 96.855628 | X46: 95.784318 | Y46: 95.692414 | Z46: 94.933635 | AA46: 94.957324 | AB46: 95.490234 | AC46: 98.472444 | AD46: =AVERAGE(T46:AC46) -> 95.960329 | AE46: =MAX(AD46-$C$3, 0) -> 0
B47: Std Dev | C47: =_xlfn.STDEV.S(C25:C44) -> 0.13306464 | F47: 45 | G47: =INDEX(Random!$F$2:$F$10001, ($F47-1)*10+G$2) -> -0.52609731 | H47: =INDEX(Random!$F$2:$F$10001, ($F47-1)*10+H$2) -> 0.97237896 | I47: =INDEX(Random!$F$2:$F$10001, ($F47-1)*10+I$2) -> -0.053140408 | J47: =INDEX(Random!$F$2:$F$10001, ($F47-1)*10+J$2) -> 0.35408848 | K47: =INDEX(Random!$F$2:$F$10001, ($F47-1)*10+K$2) -> -0.11387998 | L47: =INDEX(Random!$F$2:$F$10001, ($F47-1)*10+L$2) -> -0.82392934 | M47: =INDEX(Random!$F$2:$F$10001, ($F47-1)*10+M$2) -> -1.5117095 | N47: =INDEX(Random!$F$2:$F$10001, ($F47-1)*10+N$2) -> -0.57070503 | ... P47: =INDEX(Random!$F$2:$F$10001, ($F47-1)*10+P$2) -> -0.62143795 | R47: 45 | S47: 100 | T47: 98.293888 | U47: 101.59699 | V47: 101.46045 | W47: 102.71755 | X47: 102.37074 | Y47: 99.623985 | Z47: 94.739988 | AA47: 92.984391 | AB47: 95.48363 | AC47: 93.554921 | AD47: =AVERAGE(T47:AC47) -> 98.282653 | AE47: =MAX(AD47-$C$3, 0) -> 0
B48: Std Dev, % | C48: =C47/C46 -> 0.055334151 | F48: 46 | G48: =INDEX(Random!$F$2:$F$10001, ($F48-1)*10+G$2) -> 1.1522008 | H48: =INDEX(Random!$F$2:$F$10001, ($F48-1)*10+H$2) -> 0.0071884717 | I48: =INDEX(Random!$F$2:$F$10001, ($F48-1)*10+I$2) -> 1.4732699 | J48: =INDEX(Random!$F$2:$F$10001, ($F48-1)*10+J$2) -> 0.41117536 | K48: =INDEX(Random!$F$2:$F$10001, ($F48-1)*10+K$2) -> -1.4238825 | L48: =INDEX(Random!$F$2:$F$10001, ($F48-1)*10+L$2) -> -0.090076962 | M48: =INDEX(Random!$F$2:$F$10001, ($F48-1)*10+M$2) -> -0.84171118 | N48: =INDEX(Random!$F$2:$F$10001, ($F48-1)*10+N$2) -> 2.15872 | ... P48: =INDEX(Random!$F$2:$F$10001, ($F48-1)*10+P$2) -> 0.30911831 | R48: 46 | S48: 100 | T48: 103.98573 | U48: 104.05632 | V48: 109.37526 | W48: 110.94266 | X48: 105.81503 | Y48: 105.54198 | Z48: 102.6489 | AA48: 110.40524 | AB48: 115.12108 | AC48: 116.37178 | AD48: =AVERAGE(T48:AC48) -> 108.4264 | AE48: =MAX(AD48-$C$3, 0) -> 7.4263967
F49: 47 | G49: =INDEX(Random!$F$2:$F$10001, ($F49-1)*10+G$2) -> 0.98782767 | H49: =INDEX(Random!$F$2:$F$10001, ($F49-1)*10+H$2) -> 0.030336916 | I49: =INDEX(Random!$F$2:$F$10001, ($F49-1)*10+I$2) -> 0.30228319 | J49: =INDEX(Random!$F$2:$F$10001, ($F49-1)*10+J$2) -> -0.7679943 | K49: =INDEX(Random!$F$2:$F$10001, ($F49-1)*10+K$2) -> 0.61653909 | L49: =INDEX(Random!$F$2:$F$10001, ($F49-1)*10+L$2) -> -0.7301171 | M49: =INDEX(Random!$F$2:$F$10001, ($F49-1)*10+M$2) -> 0.51669635 | N49: =INDEX(Random!$F$2:$F$10001, ($F49-1)*10+N$2) -> -1.0930812 | ... P49: =INDEX(Random!$F$2:$F$10001, ($F49-1)*10+P$2) -> 1.0072208 | R49: 47 | S49: 100 | T49: 103.41401 | U49: 103.56459 | V49: 104.66574 | W49: 102.04869 | X49: 104.22655 | Y49: 101.74966 | Z49: 103.57371 | AA49: 99.888842 | AB49: 102.45859 | AC49: 106.02548 | AD49: =AVERAGE(T49:AC49) -> 103.16159 | AE49: =MAX(AD49-$C$3, 0) -> 2.1615856
F50: 48 | G50: =INDEX(Random!$F$2:$F$10001, ($F50-1)*10+G$2) -> 0.22265781 | H50: =INDEX(Random!$F$2:$F$10001, ($F50-1)*10+H$2) -> -1.1233562 | I50: =INDEX(Random!$F$2:$F$10001, ($F50-1)*10+I$2) -> -0.60027178 | J50: =INDEX(Random!$F$2:$F$10001, ($F50-1)*10+J$2) -> -1.2758954 | K50: =INDEX(Random!$F$2:$F$10001, ($F50-1)*10+K$2) -> -0.87682049 | L50: =INDEX(Random!$F$2:$F$10001, ($F50-1)*10+L$2) -> 0.22403528 | M50: =INDEX(Random!$F$2:$F$10001, ($F50-1)*10+M$2) -> -2.6749967 | N50: =INDEX(Random!$F$2:$F$10001, ($F50-1)*10+N$2) -> -0.34631106 | ... P50: =INDEX(Random!$F$2:$F$10001, ($F50-1)*10+P$2) -> -3.0612872 | R50: 48 | S50: 100 | T50: 100.7937 | U50: 97.109076 | V50: 95.215107 | W50: 91.266271 | X50: 88.660045 | Y50: 89.367868 | Z50: 81.734532 | AA50: 80.825981 | AB50: 80.241234 | AC50: 72.442731 | AD50: =AVERAGE(T50:AC50) -> 87.765655 | AE50: =MAX(AD50-$C$3, 0) -> 0
F51: 49 | G51: =INDEX(Random!$F$2:$F$10001, ($F51-1)*10+G$2) -> -0.87182141 | H51: =INDEX(Random!$F$2:$F$10001, ($F51-1)*10+H$2) -> -0.59040835 | I51: =INDEX(Random!$F$2:$F$10001, ($F51-1)*10+I$2) -> -0.85199834 | J51: =INDEX(Random!$F$2:$F$10001, ($F51-1)*10+J$2) -> 0.19270076 | K51: =INDEX(Random!$F$2:$F$10001, ($F51-1)*10+K$2) -> 0.1646913 | L51: =INDEX(Random!$F$2:$F$10001, ($F51-1)*10+L$2) -> 0.63691831 | M51: =INDEX(Random!$F$2:$F$10001, ($F51-1)*10+M$2) -> 0.5257095 | N51: =INDEX(Random!$F$2:$F$10001, ($F51-1)*10+N$2) -> 0.41725742 | ... P51: =INDEX(Random!$F$2:$F$10001, ($F51-1)*10+P$2) -> -0.24242826 | R51: 49 | S51: 100 | T51: 97.160661 | U51: 95.297208 | V51: 92.65298 | W51: 93.294578 | X51: 93.852407 | Y51: 95.920891 | Z51: 97.669969 | AA51: 99.089836 | AB51: 99.742556 | AC51: 98.978102 | AD51: =AVERAGE(T51:AC51) -> 96.365919 | AE51: =MAX(AD51-$C$3, 0) -> 0
F52: 50 | G52: =INDEX(Random!$F$2:$F$10001, ($F52-1)*10+G$2) -> -0.51044556 | H52: =INDEX(Random!$F$2:$F$10001, ($F52-1)*10+H$2) -> -0.34772041 | I52: =INDEX(Random!$F$2:$F$10001, ($F52-1)*10+I$2) -> 1.0575733 | J52: =INDEX(Random!$F$2:$F$10001, ($F52-1)*10+J$2) -> 0.44223073 | K52: =INDEX(Random!$F$2:$F$10001, ($F52-1)*10+K$2) -> -1.5271543 | L52: =INDEX(Random!$F$2:$F$10001, ($F52-1)*10+L$2) -> 0.036498388 | M52: =INDEX(Random!$F$2:$F$10001, ($F52-1)*10+M$2) -> -0.82057708 | N52: =INDEX(Random!$F$2:$F$10001, ($F52-1)*10+N$2) -> -1.2610475 | ... P52: =INDEX(Random!$F$2:$F$10001, ($F52-1)*10+P$2) -> -0.44078766 | R52: 50 | S52: 100 | T52: 98.345503 | U52: 97.247709 | V52: 100.80329 | W52: 102.35441 | X52: 97.286144 | Y52: 97.447938 | Z52: 94.843937 | AA52: 90.95578 | AB52: 86.994853 | AC52: 85.755652 | AD52: =AVERAGE(T52:AC52) -> 95.203522 | AE52: =MAX(AD52-$C$3, 0) -> 0
F53: 51 | G53: =INDEX(Random!$F$2:$F$10001, ($F53-1)*10+G$2) -> -1.0555957 | H53: =INDEX(Random!$F$2:$F$10001, ($F53-1)*10+H$2) -> -1.1647527 | I53: =INDEX(Random!$F$2:$F$10001, ($F53-1)*10+I$2) -> 1.5289539 | J53: =INDEX(Random!$F$2:$F$10001, ($F53-1)*10+J$2) -> -0.61656681 | K53: =INDEX(Random!$F$2:$F$10001, ($F53-1)*10+K$2) -> -0.45139747 | L53: =INDEX(Random!$F$2:$F$10001, ($F53-1)*10+L$2) -> -0.91403037 | M53: =INDEX(Random!$F$2:$F$10001, ($F53-1)*10+M$2) -> 0.51378796 | N53: =INDEX(Random!$F$2:$F$10001, ($F53-1)*10+N$2) -> -1.3329946 | ... P53: =INDEX(Random!$F$2:$F$10001, ($F53-1)*10+P$2) -> 0.56832393 | R53: 51 | S53: 100 | T53: 96.563607 | U53: 92.904533 | V53: 97.836 | W53: 95.875438 | X53: 94.47611 | Y53: 91.66375 | Z53: 93.297887 | AA53: 89.257456 | AB53: 89.590049 | AC53: 91.354169 | AD53: =AVERAGE(T53:AC53) -> 93.2819 | AE53: =MAX(AD53-$C$3, 0) -> 0
F54: 52 | G54: =INDEX(Random!$F$2:$F$10001, ($F54-1)*10+G$2) -> -0.74150251 | H54: =INDEX(Random!$F$2:$F$10001, ($F54-1)*10+H$2) -> -0.14315202 | I54: =INDEX(Random!$F$2:$F$10001, ($F54-1)*10+I$2) -> -0.9985427 | J54: =INDEX(Random!$F$2:$F$10001, ($F54-1)*10+J$2) -> -0.046019281 | K54: =INDEX(Random!$F$2:$F$10001, ($F54-1)*10+K$2) -> 0.26273027 | L54: =INDEX(Random!$F$2:$F$10001, ($F54-1)*10+L$2) -> -0.3115758 | M54: =INDEX(Random!$F$2:$F$10001, ($F54-1)*10+M$2) -> -1.5380141 | N54: =INDEX(Random!$F$2:$F$10001, ($F54-1)*10+N$2) -> 1.2379483 | ... P54: =INDEX(Random!$F$2:$F$10001, ($F54-1)*10+P$2) -> -0.63688927 | R54: 52 | S54: 100 | T54: 97.586283 | U54: 97.161347 | V54: 94.002214 | W54: 93.898301 | X54: 94.770866 | Y54: 93.826654 | Z54: 89.148178 | AA54: 92.968382 | AB54: 89.445027 | AC54: 87.592887 | AD54: =AVERAGE(T54:AC54) -> 93.040014 | AE54: =MAX(AD54-$C$3, 0) -> 0
F55: 53 | G55: =INDEX(Random!$F$2:$F$10001, ($F55-1)*10+G$2) -> 0.69372263 | H55: =INDEX(Random!$F$2:$F$10001, ($F55-1)*10+H$2) -> -0.39265496 | I55: =INDEX(Random!$F$2:$F$10001, ($F55-1)*10+I$2) -> 1.2754749 | J55: =INDEX(Random!$F$2:$F$10001, ($F55-1)*10+J$2) -> -0.76944959 | K55: =INDEX(Random!$F$2:$F$10001, ($F55-1)*10+K$2) -> 1.1524764 | L55: =INDEX(Random!$F$2:$F$10001, ($F55-1)*10+L$2) -> -0.72169598 | M55: =INDEX(Random!$F$2:$F$10001, ($F55-1)*10+M$2) -> -0.51260494 | N55: =INDEX(Random!$F$2:$F$10001, ($F55-1)*10+N$2) -> 1.1726166 | ... P55: =INDEX(Random!$F$2:$F$10001, ($F55-1)*10+P$2) -> -0.7609849 | R55: 53 | S55: 100 | T55: 102.39889 | U55: 101.10335 | V55: 105.56866 | W55: 102.92401 | X55: 107.02727 | Y55: 104.51334 | Z55: 102.77673 | AA55: 106.94634 | AB55: 107.54414 | AC55: 104.87978 | AD55: =AVERAGE(T55:AC55) -> 104.56825 | AE55: =MAX(AD55-$C$3, 0) -> 3.5682496
F56: 54 | G56: =INDEX(Random!$F$2:$F$10001, ($F56-1)*10+G$2) -> 0.023209637 | H56: =INDEX(Random!$F$2:$F$10001, ($F56-1)*10+H$2) -> -0.21265457 | I56: =INDEX(Random!$F$2:$F$10001, ($F56-1)*10+I$2) -> 2.5791733 | J56: =INDEX(Random!$F$2:$F$10001, ($F56-1)*10+J$2) -> 1.8669261 | K56: =INDEX(Random!$F$2:$F$10001, ($F56-1)*10+K$2) -> 0.59765365 | L56: =INDEX(Random!$F$2:$F$10001, ($F56-1)*10+L$2) -> 0.70593861 | M56: =INDEX(Random!$F$2:$F$10001, ($F56-1)*10+M$2) -> -0.0057953066 | N56: =INDEX(Random!$F$2:$F$10001, ($F56-1)*10+N$2) -> 1.2725303 | ... P56: =INDEX(Random!$F$2:$F$10001, ($F56-1)*10+P$2) -> 0.51416489 | R56: 54 | S56: 100 | T56: 100.12167 | U56: 99.453581 | V56: 108.48768 | W56: 115.54877 | X56: 117.94001 | Y56: 120.81876 | Z56: 120.84813 | AA56: 126.17302 | AB56: 118.75766 | AC56: 120.87634 | AD56: =AVERAGE(T56:AC56) -> 114.90256 | AE56: =MAX(AD56-$C$3, 0) -> 13.902562
F57: 55 | G57: =INDEX(Random!$F$2:$F$10001, ($F57-1)*10+G$2) -> -0.1211064 | H57: =INDEX(Random!$F$2:$F$10001, ($F57-1)*10+H$2) -> -3.0782255 | I57: =INDEX(Random!$F$2:$F$10001, ($F57-1)*10+I$2) -> -0.64607948 | J57: =INDEX(Random!$F$2:$F$10001, ($F57-1)*10+J$2) -> 0.4931476 | K57: =INDEX(Random!$F$2:$F$10001, ($F57-1)*10+K$2) -> 1.4920729 | L57: =INDEX(Random!$F$2:$F$10001, ($F57-1)*10+L$2) -> -0.54068529 | M57: =INDEX(Random!$F$2:$F$10001, ($F57-1)*10+M$2) -> -0.99174706 | N57: =INDEX(Random!$F$2:$F$10001, ($F57-1)*10+N$2) -> -0.70241818 | ... P57: =INDEX(Random!$F$2:$F$10001, ($F57-1)*10+P$2) -> -0.54345896 | R57: 55 | S57: 100 | T57: 99.638203 | U57: 89.903451 | V57: 88.014684 | W57: 89.521771 | X57: 94.15713 | Y57: 92.505431 | Z57: 89.518083 | AA57: 87.471963 | AB57: 86.841199 | AC57: 85.309898 | AD57: =AVERAGE(T57:AC57) -> 90.288181 | AE57: =MAX(AD57-$C$3, 0) -> 0
F58: 56 | G58: =INDEX(Random!$F$2:$F$10001, ($F58-1)*10+G$2) -> -1.690968 | H58: =INDEX(Random!$F$2:$F$10001, ($F58-1)*10+H$2) -> 0.09857038 | I58: =INDEX(Random!$F$2:$F$10001, ($F58-1)*10+I$2) -> 0.34298389 | J58: =INDEX(Random!$F$2:$F$10001, ($F58-1)*10+J$2) -> -0.79671831 | K58: =INDEX(Random!$F$2:$F$10001, ($F58-1)*10+K$2) -> -0.19604828 | L58: =INDEX(Random!$F$2:$F$10001, ($F58-1)*10+L$2) -> -0.9285677 | M58: =INDEX(Random!$F$2:$F$10001, ($F58-1)*10+M$2) -> 0.15807424 | N58: =INDEX(Random!$F$2:$F$10001, ($F58-1)*10+N$2) -> 1.748229 | ... P58: =INDEX(Random!$F$2:$F$10001, ($F58-1)*10+P$2) -> -0.28382289 | R58: 56 | S58: 100 | T58: 94.527509 | U58: 94.882051 | V58: 96.021879 | W58: 93.530804 | X58: 92.958455 | Y58: 90.147306 | Z58: 90.666191 | AA58: 96.183653 | AB58: 100.80595 | AC58: 99.894555 | AD58: =AVERAGE(T58:AC58) -> 94.961835 | AE58: =MAX(AD58-$C$3, 0) -> 0
F59: 57 | G59: =INDEX(Random!$F$2:$F$10001, ($F59-1)*10+G$2) -> -0.44381318 | H59: =INDEX(Random!$F$2:$F$10001, ($F59-1)*10+H$2) -> -0.4917865 | I59: =INDEX(Random!$F$2:$F$10001, ($F59-1)*10+I$2) -> -0.56597694 | J59: =INDEX(Random!$F$2:$F$10001, ($F59-1)*10+J$2) -> -0.66525991 | K59: =INDEX(Random!$F$2:$F$10001, ($F59-1)*10+K$2) -> 0.73792107 | L59: =INDEX(Random!$F$2:$F$10001, ($F59-1)*10+L$2) -> -1.3053617 | M59: =INDEX(Random!$F$2:$F$10001, ($F59-1)*10+M$2) -> -0.10481735 | N59: =INDEX(Random!$F$2:$F$10001, ($F59-1)*10+N$2) -> 0.48546939 | ... P59: =INDEX(Random!$F$2:$F$10001, ($F59-1)*10+P$2) -> -0.027453943 | R59: 57 | S59: 100 | T59: 98.565543 | U59: 96.995464 | V59: 95.21317 | W59: 93.152905 | X59: 95.529051 | Y59: 91.476741 | Z59: 91.195592 | AA59: 92.73326 | AB59: 94.925994 | AC59: 94.880124 | AD59: =AVERAGE(T59:AC59) -> 94.466784 | AE59: =MAX(AD59-$C$3, 0) -> 0
F60: 58 | G60: =INDEX(Random!$F$2:$F$10001, ($F60-1)*10+G$2) -> 1.1572255 | H60: =INDEX(Random!$F$2:$F$10001, ($F60-1)*10+H$2) -> -0.90927916 | I60: =INDEX(Random!$F$2:$F$10001, ($F60-1)*10+I$2) -> -1.3992446 | J60: =INDEX(Random!$F$2:$F$10001, ($F60-1)*10+J$2) -> 0.43279654 | K60: =INDEX(Random!$F$2:$F$10001, ($F60-1)*10+K$2) -> 1.8581822 | L60: =INDEX(Random!$F$2:$F$10001, ($F60-1)*10+L$2) -> -2.3846092 | M60: =INDEX(Random!$F$2:$F$10001, ($F60-1)*10+M$2) -> 0.38876627 | N60: =INDEX(Random!$F$2:$F$10001, ($F60-1)*10+N$2) -> 0.57777107 | ... P60: =INDEX(Random!$F$2:$F$10001, ($F60-1)*10+P$2) -> -0.17735757 | R60: 58 | S60: 100 | T60: 104.00326 | U60: 100.92337 | V60: 96.338398 | W60: 97.789862 | X60: 104.12413 | Y60: 96.162456 | Z60: 97.467221 | AA60: 99.417948 | AB60: 100.38205 | AC60: 99.830337 | AD60: =AVERAGE(T60:AC60) -> 99.643903 | AE60: =MAX(AD60-$C$3, 0) -> 0
... F1002: 1000 | G1002: =INDEX(Random!$F$2:$F$10001, ($F1002-1)*10+G$2) -> -0.37059583 | H1002: =INDEX(Random!$F$2:$F$10001, ($F1002-1)*10+H$2) -> 1.072884 | I1002: =INDEX(Random!$F$2:$F$10001, ($F1002-1)*10+I$2) -> 1.0543095 | J1002: =INDEX(Random!$F$2:$F$10001, ($F1002-1)*10+J$2) -> 0.4652472 | K1002: =INDEX(Random!$F$2:$F$10001, ($F1002-1)*10+K$2) -> 1.5198676 | L1002: =INDEX(Random!$F$2:$F$10001, ($F1002-1)*10+L$2) -> 0.050700869 | M1002: =INDEX(Random!$F$2:$F$10001, ($F1002-1)*10+M$2) -> -0.13610769 | N1002: =INDEX(Random!$F$2:$F$10001, ($F1002-1)*10+N$2) -> -0.0056629079 | ... P1002: =INDEX(Random!$F$2:$F$10001, ($F1002-1)*10+P$2) -> -2.3235522 | R1002: 1000 | S1002: 100 | T1002: 98.807896 | U1002: 102.47313 | V1002: 106.20814 | W1002: 107.92571 | X1002: 113.61989 | Y1002: 113.86307 | Z1002: 113.39405 | AA1002: 113.42212 | AB1002: 112.97547 | AC1002: 104.55088 | AD1002: =AVERAGE(T1002:AC1002) -> 108.72404 | AE1002: =MAX(AD1002-$C$3, 0) -> 7.7240359

Sheet Rainbow Call
A1: Option Parameters | H1: Uncorrelated N(0, 1) | M1: Correlated N(0, 1) | Q1: New spot rate | U1: Spot Rate Growth | Y1: Payoff
A2: Strike | B2: K | C2: 1 | E2: Call Price | F2: =AVERAGE(Y3:Y5002) * EXP(-$F$11*$C$3) -> 31.558743 | H2: Trial | I2: 1 | J2: 2 | K2: 3 | L2: 4 | M2: 1 | N2: 2 | O2: 3 | P2: 4 | Q2: =B20 -> EUR | R2: =C20 -> GBP | S2: =D20 -> JPY | T2: =E20 -> CAD | U2: =B20 -> EUR | V2: =C20 -> GBP | W2: =D20 -> JPY | X2: =E20 -> CAD
A3: Maturity | B3: T | C3: 0.25 | H3: 1 | I3: =INDEX(Random!$F$2:$F$10003,($H3-1)*$L$2 + I$2) -> 0.77003388 | J3: =INDEX(Random!$F$2:$F$10003,($H3-1)*$L$2 + J$2) -> -0.021471217 | K3: =INDEX(Random!$F$2:$F$10003,($H3-1)*$L$2 + K$2) -> -1.6148261 | L3: =INDEX(Random!$F$2:$F$10003,($H3-1)*$L$2 + L$2) -> 0.74132908 | M3: {=TRANSPOSE(MMULT($B$28:$E$31, TRANSPOSE(I3:L3)))} -> 0.77003388 | N3: 0.59174475 | O3: -0.90230544 | P3: 1.0301264 | Q3: =$B$7 * EXP(($F$11 - $F$7 - $C$7*$C$7/2)*$C$3 + M3*$C$7*SQRT($C$3)) -> 1.2086791 | R3: =$B$8 * EXP(($F$11 - $F$8 - $C$8*$C$8/2)*$C$3 + N3*$C$8*SQRT($C$3)) -> 1.3791948 | S3: =$B$9 * EXP(($F$11 - $F$9 - $C$9*$C$9/2)*$C$3 + O3*$C$9*SQRT($C$3)) -> 0.0060673933 | T3: =$B$10 * EXP(($F$11 - $F$10 - $C$10*$C$10/2)*$C$3 + P3*$C$10*SQRT($C$3)) -> 0.7444139 | U3: =Q3/$B$7 -> 1.028663 | V3: =R3/$B$8 -> 1.0208696 | W3: =S3/$B$9 -> 0.96923216 | X3: =T3/$B$10 -> 1.0296181 | Y3: =$C$4 * (MAX(MAX(U3:X3) - $C$2, 0)) -> 29.618114
A4: Notional | B4: N | C4: 1000 | H4: 2 | I4: =INDEX(Random!$F$2:$F$10003,($H4-1)*$L$2 + I$2) -> -2.0600803 | J4: =INDEX(Random!$F$2:$F$10003,($H4-1)*$L$2 + J$2) -> 0.57768722 | K4: =INDEX(Random!$F$2:$F$10003,($H4-1)*$L$2 + K$2) -> -0.70092551 | L4: =INDEX(Random!$F$2:$F$10003,($H4-1)*$L$2 + L$2) -> 1.1843771 | M4: {=TRANSPOSE(MMULT($B$28:$E$31, TRANSPOSE(I4:L4)))} -> -2.0600803 | N4: -1.2612832 | O4: -1.7002561 | P4: -0.01955858 | Q4: =$B$7 * EXP(($F$11 - $F$7 - $C$7*$C$7/2)*$C$3 + M4*$C$7*SQRT($C$3)) -> 1.1055904 | R4: =$B$8 * EXP(($F$11 - $F$8 - $C$8*$C$8/2)*$C$3 + N4*$C$8*SQRT($C$3)) -> 1.2901918 | S4: =$B$9 * EXP(($F$11 - $F$9 - $C$9*$C$9/2)*$C$3 + O4*$C$9*SQRT($C$3)) -> 0.0058650803 | T4: =$B$10 * EXP(($F$11 - $F$10 - $C$10*$C$10/2)*$C$3 + P4*$C$10*SQRT($C$3)) -> 0.72551367 | U4: =Q4/$B$7 -> 0.940928 | V4: =R4/$B$8 -> 0.9549902 | W4: =S4/$B$9 -> 0.93691379 | X4: =T4/$B$10 -> 1.0034767 | Y4: =$C$4 * (MAX(MAX(U4:X4) - $C$2, 0)) -> 3.4767196
H5: 3 | I5: =INDEX(Random!$F$2:$F$10003,($H5-1)*$L$2 + I$2) -> 0.39750655 | J5: =INDEX(Random!$F$2:$F$10003,($H5-1)*$L$2 + J$2) -> 0.038342654 | K5: =INDEX(Random!$F$2:$F$10003,($H5-1)*$L$2 + K$2) -> 0.51504409 | L5: =INDEX(Random!$F$2:$F$10003,($H5-1)*$L$2 + L$2) -> -0.57350867 | M5: {=TRANSPOSE(MMULT($B$28:$E$31, TRANSPOSE(I5:L5)))} -> 0.39750655 | N5: 0.33604494 | O5: 0.65054906 | P5: -0.24600698 | Q5: =$B$7 * EXP(($F$11 - $F$7 - $C$7*$C$7/2)*$C$3 + M5*$C$7*SQRT($C$3)) -> 1.1945786 | R5: =$B$8 * EXP(($F$11 - $F$8 - $C$8*$C$8/2)*$C$3 + N5*$C$8*SQRT($C$3)) -> 1.3665573 | S5: =$B$9 * EXP(($F$11 - $F$9 - $C$9*$C$9/2)*$C$3 + O5*$C$9*SQRT($C$3)) -> 0.0064813278 | T5: =$B$10 * EXP(($F$11 - $F$10 - $C$10*$C$10/2)*$C$3 + P5*$C$10*SQRT($C$3)) -> 0.72149967 | U5: =Q5/$B$7 -> 1.0166626 | V5: =R5/$B$8 -> 1.0115154 | W5: =S5/$B$9 -> 1.0353559 | X5: =T5/$B$10 -> 0.99792486 | Y5: =$C$4 * (MAX(MAX(U5:X5) - $C$2, 0)) -> 35.355877
A6: CcyPair | B6: Spot | C6: Vol | E6: Ccy | F6: Yield | H6: 4 | I6: =INDEX(Random!$F$2:$F$10003,($H6-1)*$L$2 + I$2) -> 1.5680918 | J6: =INDEX(Random!$F$2:$F$10003,($H6-1)*$L$2 + J$2) -> 0.081428152 | K6: =INDEX(Random!$F$2:$F$10003,($H6-1)*$L$2 + K$2) -> 1.0743323 | L6: =INDEX(Random!$F$2:$F$10003,($H6-1)*$L$2 + L$2) -> 0.069042537 | M6: {=TRANSPOSE(MMULT($B$28:$E$31, TRANSPOSE(I6:L6)))} -> 1.5680918 | N6: 1.2824427 | O6: 1.7717262 | P6: 0.91220415 | Q6: =$B$7 * EXP(($F$11 - $F$7 - $C$7*$C$7/2)*$C$3 + M6*$C$7*SQRT($C$3)) -> 1.239449 | R6: =$B$8 * EXP(($F$11 - $F$8 - $C$8*$C$8/2)*$C$3 + N6*$C$8*SQRT($C$3)) -> 1.4139186 | S6: =$B$9 * EXP(($F$11 - $F$9 - $C$9*$C$9/2)*$C$3 + O6*$C$9*SQRT($C$3)) -> 0.0067976395 | T6: =$B$10 * EXP(($F$11 - $F$10 - $C$10*$C$10/2)*$C$3 + P6*$C$10*SQRT($C$3)) -> 0.74226632 | U6: =Q6/$B$7 -> 1.0548502 | V6: =R6/$B$8 -> 1.0465719 | W6: =S6/$B$9 -> 1.0858849 | X6: =T6/$B$10 -> 1.0266477 | Y6: =$C$4 * (MAX(MAX(U6:X6) - $C$2, 0)) -> 85.884907
A7: EURUSD | B7: 1.175 | C7: 0.063 | E7: EUR | F7: 0.02 | H7: 5 | I7: =INDEX(Random!$F$2:$F$10003,($H7-1)*$L$2 + I$2) -> -2.04904 | J7: =INDEX(Random!$F$2:$F$10003,($H7-1)*$L$2 + J$2) -> -0.05263592 | K7: =INDEX(Random!$F$2:$F$10003,($H7-1)*$L$2 + K$2) -> -0.41277469 | L7: =INDEX(Random!$F$2:$F$10003,($H7-1)*$L$2 + L$2) -> 0.33127521 | M7: {=TRANSPOSE(MMULT($B$28:$E$31, TRANSPOSE(I7:L7)))} -> -2.04904 | N7: -1.64252 | O7: -1.4937423 | P7: -0.84925536 | Q7: =$B$7 * EXP(($F$11 - $F$7 - $C$7*$C$7/2)*$C$3 + M7*$C$7*SQRT($C$3)) -> 1.105975 | R7: =$B$8 * EXP(($F$11 - $F$8 - $C$8*$C$8/2)*$C$3 + N7*$C$8*SQRT($C$3)) -> 1.2726055 | S7: =$B$9 * EXP(($F$11 - $F$9 - $C$9*$C$9/2)*$C$3 + O7*$C$9*SQRT($C$3)) -> 0.0059167837 | T7: =$B$10 * EXP(($F$11 - $F$10 - $C$10*$C$10/2)*$C$3 + P7*$C$10*SQRT($C$3)) -> 0.71091462 | U7: =Q7/$B$7 -> 0.94125529 | V7: =R7/$B$8 -> 0.94197295 | W7: =S7/$B$9 -> 0.94517312 | X7: =T7/$B$10 -> 0.9832844 | Y7: =$C$4 * (MAX(MAX(U7:X7) - $C$2, 0)) -> 0
A8: GBPUSD | B8: 1.351 | C8: 0.072 | E8: GBP | F8: 0.038 | H8: 6 | I8: =INDEX(Random!$F$2:$F$10003,($H8-1)*$L$2 + I$2) -> -0.87000051 | J8: =INDEX(Random!$F$2:$F$10003,($H8-1)*$L$2 + J$2) -> -0.59562722 | K8: =INDEX(Random!$F$2:$F$10003,($H8-1)*$L$2 + K$2) -> 1.287163 | L8: =INDEX(Random!$F$2:$F$10003,($H8-1)*$L$2 + L$2) -> -0.62332952 | M8: {=TRANSPOSE(MMULT($B$28:$E$31, TRANSPOSE(I8:L8)))} -> -0.87000051 | N8: -1.0520206 | O8: 0.53892355 | P8: -1.1239364 | Q8: =$B$7 * EXP(($F$11 - $F$7 - $C$7*$C$7/2)*$C$3 + M8*$C$7*SQRT($C$3)) -> 1.1478229 | R8: =$B$8 * EXP(($F$11 - $F$8 - $C$8*$C$8/2)*$C$3 + N8*$C$8*SQRT($C$3)) -> 1.2999481 | S8: =$B$9 * EXP(($F$11 - $F$9 - $C$9*$C$9/2)*$C$3 + O8*$C$9*SQRT($C$3)) -> 0.0064506526 | T8: =$B$10 * EXP(($F$11 - $F$10 - $C$10*$C$10/2)*$C$3 + P8*$C$10*SQRT($C$3)) -> 0.70614645 | U8: =Q8/$B$7 -> 0.97687054 | V8: =R8/$B$8 -> 0.96221175 | W8: =S8/$B$9 -> 1.0304557 | X8: =T8/$B$10 -> 0.97668942 | Y8: =$C$4 * (MAX(MAX(U8:X8) - $C$2, 0)) -> 30.455694
A9: JPYUSD | B9: 0.00626 | C9: 0.085 | E9: JPY | F9: 0.006 | H9: 7 | I9: =INDEX(Random!$F$2:$F$10003,($H9-1)*$L$2 + I$2) -> 1.0930683 | J9: =INDEX(Random!$F$2:$F$10003,($H9-1)*$L$2 + J$2) -> -1.3301227 | K9: =INDEX(Random!$F$2:$F$10003,($H9-1)*$L$2 + K$2) -> -0.44077363 | L9: =INDEX(Random!$F$2:$F$10003,($H9-1)*$L$2 + L$2) -> -0.27732365 | M9: {=TRANSPOSE(MMULT($B$28:$E$31, TRANSPOSE(I9:L9)))} -> 1.0930683 | N9: 0.03603932 | O9: 0.17022296 | P9: 0.073334753 | Q9: =$B$7 * EXP(($F$11 - $F$7 - $C$7*$C$7/2)*$C$3 + M9*$C$7*SQRT($C$3)) -> 1.2210409 | R9: =$B$8 * EXP(($F$11 - $F$8 - $C$8*$C$8/2)*$C$3 + N9*$C$8*SQRT($C$3)) -> 1.3518776 | S9: =$B$9 * EXP(($F$11 - $F$9 - $C$9*$C$9/2)*$C$3 + O9*$C$9*SQRT($C$3)) -> 0.0063503602 | T9: =$B$10 * EXP(($F$11 - $F$10 - $C$10*$C$10/2)*$C$3 + P9*$C$10*SQRT($C$3)) -> 0.72716674 | U9: =Q9/$B$7 -> 1.0391837 | V9: =R9/$B$8 -> 1.0006496 | W9: =S9/$B$9 -> 1.0144345 | X9: =T9/$B$10 -> 1.0057631 | Y9: =$C$4 * (MAX(MAX(U9:X9) - $C$2, 0)) -> 39.183725
A10: CADUSD | B10: 0.723 | C10: 0.049 | E10: CAD | F10: 0.021 | H10: 8 | I10: =INDEX(Random!$F$2:$F$10003,($H10-1)*$L$2 + I$2) -> 0.40161095 | J10: =INDEX(Random!$F$2:$F$10003,($H10-1)*$L$2 + J$2) -> -0.022358811 | K10: =INDEX(Random!$F$2:$F$10003,($H10-1)*$L$2 + K$2) -> 1.8063811 | L10: =INDEX(Random!$F$2:$F$10003,($H10-1)*$L$2 + L$2) -> 0.79484663 | M10: {=TRANSPOSE(MMULT($B$28:$E$31, TRANSPOSE(I10:L10)))} -> 0.40161095 | N10: 0.30172053 | O10: 1.715311 | P10: 0.83675533 | Q10: =$B$7 * EXP(($F$11 - $F$7 - $C$7*$C$7/2)*$C$3 + M10*$C$7*SQRT($C$3)) -> 1.194733 | R10: =$B$8 * EXP(($F$11 - $F$8 - $C$8*$C$8/2)*$C$3 + N10*$C$8*SQRT($C$3)) -> 1.3648697 | S10: =$B$9 * EXP(($F$11 - $F$9 - $C$9*$C$9/2)*$C$3 + O10*$C$9*SQRT($C$3)) -> 0.0067813607 | T10: =$B$10 * EXP(($F$11 - $F$10 - $C$10*$C$10/2)*$C$3 + P10*$C$10*SQRT($C$3)) -> 0.74089551 | U10: =Q10/$B$7 -> 1.0167941 | V10: =R10/$B$8 -> 1.0102663 | W10: =S10/$B$9 -> 1.0832845 | X10: =T10/$B$10 -> 1.0247517 | Y10: =$C$4 * (MAX(MAX(U10:X10) - $C$2, 0)) -> 83.284458
E11: USD | F11: 0.038 | H11: 9 | I11: =INDEX(Random!$F$2:$F$10003,($H11-1)*$L$2 + I$2) -> -0.47784146 | J11: =INDEX(Random!$F$2:$F$10003,($H11-1)*$L$2 + J$2) -> -1.6202444 | K11: =INDEX(Random!$F$2:$F$10003,($H11-1)*$L$2 + K$2) -> 0.16814432 | L11: =INDEX(Random!$F$2:$F$10003,($H11-1)*$L$2 + L$2) -> -0.46930818 | M11: {=TRANSPOSE(MMULT($B$28:$E$31, TRANSPOSE(I11:L11)))} -> -0.47784146 | N11: -1.3777132 | O11: -0.22589813 | P11: -1.0050336 | Q11: =$B$7 * EXP(($F$11 - $F$7 - $C$7*$C$7/2)*$C$3 + M11*$C$7*SQRT($C$3)) -> 1.1620899 | R11: =$B$8 * EXP(($F$11 - $F$8 - $C$8*$C$8/2)*$C$3 + N11*$C$8*SQRT($C$3)) -> 1.2847953 | S11: =$B$9 * EXP(($F$11 - $F$9 - $C$9*$C$9/2)*$C$3 + O11*$C$9*SQRT($C$3)) -> 0.0062443458 | T11: =$B$10 * EXP(($F$11 - $F$10 - $C$10*$C$10/2)*$C$3 + P11*$C$10*SQRT($C$3)) -> 0.70820654 | U11: =Q11/$B$7 -> 0.98901268 | V11: =R11/$B$8 -> 0.95099576 | W11: =S11/$B$9 -> 0.99749934 | X11: =T11/$B$10 -> 0.97953878 | Y11: =$C$4 * (MAX(MAX(U11:X11) - $C$2, 0)) -> 0
H12: 10 | I12: =INDEX(Random!$F$2:$F$10003,($H12-1)*$L$2 + I$2) -> 1.6344115 | J12: =INDEX(Random!$F$2:$F$10003,($H12-1)*$L$2 + J$2) -> -2.1378119 | K12: =INDEX(Random!$F$2:$F$10003,($H12-1)*$L$2 + K$2) -> -0.92908267 | L12: =INDEX(Random!$F$2:$F$10003,($H12-1)*$L$2 + L$2) -> -1.1724312 | M12: {=TRANSPOSE(MMULT($B$28:$E$31, TRANSPOSE(I12:L12)))} -> 1.6344115 | N12: -0.03824767 | O12: 0.022734953 | P12: -0.53456855 | Q12: =$B$7 * EXP(($F$11 - $F$7 - $C$7*$C$7/2)*$C$3 + M12*$C$7*SQRT($C$3)) -> 1.242041 | R12: =$B$8 * EXP(($F$11 - $F$8 - $C$8*$C$8/2)*$C$3 + N12*$C$8*SQRT($C$3)) -> 1.3482671 | S12: =$B$9 * EXP(($F$11 - $F$9 - $C$9*$C$9/2)*$C$3 + O12*$C$9*SQRT($C$3)) -> 0.0063106791 | T12: =$B$10 * EXP(($F$11 - $F$10 - $C$10*$C$10/2)*$C$3 + P12*$C$10*SQRT($C$3)) -> 0.71641683 | U12: =Q12/$B$7 -> 1.0570562 | V12: =R12/$B$8 -> 0.99797713 | W12: =S12/$B$9 -> 1.0080957 | X12: =T12/$B$10 -> 0.99089465 | Y12: =$C$4 * (MAX(MAX(U12:X12) - $C$2, 0)) -> 57.056161
A13: Cross Volatility | H13: 11 | I13: =INDEX(Random!$F$2:$F$10003,($H13-1)*$L$2 + I$2) -> -0.72345226 | J13: =INDEX(Random!$F$2:$F$10003,($H13-1)*$L$2 + J$2) -> -0.66277608 | K13: =INDEX(Random!$F$2:$F$10003,($H13-1)*$L$2 + K$2) -> -1.0884108 | L13: =INDEX(Random!$F$2:$F$10003,($H13-1)*$L$2 + L$2) -> -0.29335385 | M13: {=TRANSPOSE(MMULT($B$28:$E$31, TRANSPOSE(I13:L13)))} -> -0.72345226 | N13: -0.97841315 | O13: -1.3440212 | P13: -0.76679126 | Q13: =$B$7 * EXP(($F$11 - $F$7 - $C$7*$C$7/2)*$C$3 + M13*$C$7*SQRT($C$3)) -> 1.1531338 | R13: =$B$8 * EXP(($F$11 - $F$8 - $C$8*$C$8/2)*$C$3 + N13*$C$8*SQRT($C$3)) -> 1.3033973 | S13: =$B$9 * EXP(($F$11 - $F$9 - $C$9*$C$9/2)*$C$3 + O13*$C$9*SQRT($C$3)) -> 0.0059545531 | T13: =$B$10 * EXP(($F$11 - $F$10 - $C$10*$C$10/2)*$C$3 + P13*$C$10*SQRT($C$3)) -> 0.71235238 | U13: =Q13/$B$7 -> 0.98139046 | V13: =R13/$B$8 -> 0.96476486 | W13: =S13/$B$9 -> 0.95120657 | X13: =T13/$B$10 -> 0.98527301 | Y13: =$C$4 * (MAX(MAX(U13:X13) - $C$2, 0)) -> 0
A14: Ccy | B14: EUR | C14: GBP | D14: JPY | H14: 12 | I14: =INDEX(Random!$F$2:$F$10003,($H14-1)*$L$2 + I$2) -> -0.59961662 | J14: =INDEX(Random!$F$2:$F$10003,($H14-1)*$L$2 + J$2) -> 0.35744114 | K14: =INDEX(Random!$F$2:$F$10003,($H14-1)*$L$2 + K$2) -> -1.5645362 | L14: =INDEX(Random!$F$2:$F$10003,($H14-1)*$L$2 + L$2) -> 0.12103896 | M14: {=TRANSPOSE(MMULT($B$28:$E$31, TRANSPOSE(I14:L14)))} -> -0.59961662 | N14: -0.25001798 | O14: -1.6067949 | P14: -0.12960659 | Q14: =$B$7 * EXP(($F$11 - $F$7 - $C$7*$C$7/2)*$C$3 + M14*$C$7*SQRT($C$3)) -> 1.1576408 | R14: =$B$8 * EXP(($F$11 - $F$8 - $C$8*$C$8/2)*$C$3 + N14*$C$8*SQRT($C$3)) -> 1.3380274 | S14: =$B$9 * EXP(($F$11 - $F$9 - $C$9*$C$9/2)*$C$3 + O14*$C$9*SQRT($C$3)) -> 0.0058884233 | T14: =$B$10 * EXP(($F$11 - $F$10 - $C$10*$C$10/2)*$C$3 + P14*$C$10*SQRT($C$3)) -> 0.72356019 | U14: =Q14/$B$7 -> 0.98522617 | V14: =R14/$B$8 -> 0.99039775 | W14: =S14/$B$9 -> 0.94064271 | X14: =T14/$B$10 -> 1.0007748 | Y14: =$C$4 * (MAX(MAX(U14:X14) - $C$2, 0)) -> 0.77481366
A15: GBP | B15: 0.045 | H15: 13 | I15: =INDEX(Random!$F$2:$F$10003,($H15-1)*$L$2 + I$2) -> 0.55255032 | J15: =INDEX(Random!$F$2:$F$10003,($H15-1)*$L$2 + J$2) -> 0.30477959 | K15: =INDEX(Random!$F$2:$F$10003,($H15-1)*$L$2 + K$2) -> -1.122036 | L15: =INDEX(Random!$F$2:$F$10003,($H15-1)*$L$2 + L$2) -> 0.88318593 | M15: {=TRANSPOSE(MMULT($B$28:$E$31, TRANSPOSE(I15:L15)))} -> 0.55255032 | N15: 0.62268016 | O15: -0.59807548 | P15: 1.0952093 | Q15: =$B$7 * EXP(($F$11 - $F$7 - $C$7*$C$7/2)*$C$3 + M15*$C$7*SQRT($C$3)) -> 1.200427 | R15: =$B$8 * EXP(($F$11 - $F$8 - $C$8*$C$8/2)*$C$3 + N15*$C$8*SQRT($C$3)) -> 1.3807317 | S15: =$B$9 * EXP(($F$11 - $F$9 - $C$9*$C$9/2)*$C$3 + O15*$C$9*SQRT($C$3)) -> 0.0061463527 | T15: =$B$10 * EXP(($F$11 - $F$10 - $C$10*$C$10/2)*$C$3 + P15*$C$10*SQRT($C$3)) -> 0.74560183 | U15: =Q15/$B$7 -> 1.02164 | V15: =R15/$B$8 -> 1.0220071 | W15: =S15/$B$9 -> 0.98184548 | X15: =T15/$B$10 -> 1.0312612 | Y15: =$C$4 * (MAX(MAX(U15:X15) - $C$2, 0)) -> 31.261182
A16: JPY | B16: 0.072 | C16: 0.081 | H16: 14 | I16: =INDEX(Random!$F$2:$F$10003,($H16-1)*$L$2 + I$2) -> 0.35417352 | J16: =INDEX(Random!$F$2:$F$10003,($H16-1)*$L$2 + J$2) -> 2.4464606 | K16: =INDEX(Random!$F$2:$F$10003,($H16-1)*$L$2 + K$2) -> 0.86114115 | L16: =INDEX(Random!$F$2:$F$10003,($H16-1)*$L$2 + L$2) -> -0.19836295 | M16: {=TRANSPOSE(MMULT($B$28:$E$31, TRANSPOSE(I16:L16)))} -> 0.35417352 | N16: 1.7916342 | O16: 1.0554808 | P16: 0.57199607 | Q16: =$B$7 * EXP(($F$11 - $F$7 - $C$7*$C$7/2)*$C$3 + M16*$C$7*SQRT($C$3)) -> 1.1929491 | R16: =$B$8 * EXP(($F$11 - $F$8 - $C$8*$C$8/2)*$C$3 + N16*$C$8*SQRT($C$3)) -> 1.440076 | S16: =$B$9 * EXP(($F$11 - $F$9 - $C$9*$C$9/2)*$C$3 + O16*$C$9*SQRT($C$3)) -> 0.0065938341 | T16: =$B$10 * EXP(($F$11 - $F$10 - $C$10*$C$10/2)*$C$3 + P16*$C$10*SQRT($C$3)) -> 0.73610517 | U16: =Q16/$B$7 -> 1.0152758 | V16: =R16/$B$8 -> 1.0659334 | W16: =S16/$B$9 -> 1.0533281 | X16: =T16/$B$10 -> 1.0181261 | Y16: =$C$4 * (MAX(MAX(U16:X16) - $C$2, 0)) -> 65.933384
A17: CAD | B17: 0.055 | C17: 0.06 | D17: 0.084 | H17: 15 | I17: =INDEX(Random!$F$2:$F$10003,($H17-1)*$L$2 + I$2) -> -0.099004086 | J17: =INDEX(Random!$F$2:$F$10003,($H17-1)*$L$2 + J$2) -> -1.603532 | K17: =INDEX(Random!$F$2:$F$10003,($H17-1)*$L$2 + K$2) -> -0.36150153 | L17: =INDEX(Random!$F$2:$F$10003,($H17-1)*$L$2 + L$2) -> 0.36133867 | M17: {=TRANSPOSE(MMULT($B$28:$E$31, TRANSPOSE(I17:L17)))} -> -0.099004086 | N17: -1.0697171 | O17: -0.44956909 | P17: -0.11764269 | Q17: =$B$7 * EXP(($F$11 - $F$7 - $C$7*$C$7/2)*$C$3 + M17*$C$7*SQRT($C$3)) -> 1.1760406 | R17: =$B$8 * EXP(($F$11 - $F$8 - $C$8*$C$8/2)*$C$3 + N17*$C$8*SQRT($C$3)) -> 1.2991202 | S17: =$B$9 * EXP(($F$11 - $F$9 - $C$9*$C$9/2)*$C$3 + O17*$C$9*SQRT($C$3)) -> 0.0061852682 | T17: =$B$10 * EXP(($F$11 - $F$10 - $C$10*$C$10/2)*$C$3 + P17*$C$10*SQRT($C$3)) -> 0.72377231 | U17: =Q17/$B$7 -> 1.0008856 | V17: =R17/$B$8 -> 0.96159894 | W17: =S17/$B$9 -> 0.98806202 | X17: =T17/$B$10 -> 1.0010682 | Y17: =$C$4 * (MAX(MAX(U17:X17) - $C$2, 0)) -> 1.0681992
H18: 16 | I18: =INDEX(Random!$F$2:$F$10003,($H18-1)*$L$2 + I$2) -> -0.19970767 | J18: =INDEX(Random!$F$2:$F$10003,($H18-1)*$L$2 + J$2) -> -1.4556095 | K18: =INDEX(Random!$F$2:$F$10003,($H18-1)*$L$2 + K$2) -> 0.61148664 | L18: =INDEX(Random!$F$2:$F$10003,($H18-1)*$L$2 + L$2) -> 0.39078927 | M18: {=TRANSPOSE(MMULT($B$28:$E$31, TRANSPOSE(I18:L18)))} -> -0.19970767 | N18: -1.057338 | O18: 0.30599689 | P18: -0.12559124 | Q18: =$B$7 * EXP(($F$11 - $F$7 - $C$7*$C$7/2)*$C$3 + M18*$C$7*SQRT($C$3)) -> 1.1723159 | R18: =$B$8 * EXP(($F$11 - $F$8 - $C$8*$C$8/2)*$C$3 + N18*$C$8*SQRT($C$3)) -> 1.2996992 | S18: =$B$9 * EXP(($F$11 - $F$9 - $C$9*$C$9/2)*$C$3 + O18*$C$9*SQRT($C$3)) -> 0.0063871102 | T18: =$B$10 * EXP(($F$11 - $F$10 - $C$10*$C$10/2)*$C$3 + P18*$C$10*SQRT($C$3)) -> 0.72363137 | U18: =Q18/$B$7 -> 0.9977157 | V18: =R18/$B$8 -> 0.96202757 | W18: =S18/$B$9 -> 1.0203051 | X18: =T18/$B$10 -> 1.0008733 | Y18: =$C$4 * (MAX(MAX(U18:X18) - $C$2, 0)) -> 20.305143
A19: Implied Correlation | H19: 17 | I19: =INDEX(Random!$F$2:$F$10003,($H19-1)*$L$2 + I$2) -> 0.93897328 | J19: =INDEX(Random!$F$2:$F$10003,($H19-1)*$L$2 + J$2) -> -2.2119055 | K19: =INDEX(Random!$F$2:$F$10003,($H19-1)*$L$2 + K$2) -> -2.2730263 | L19: =INDEX(Random!$F$2:$F$10003,($H19-1)*$L$2 + L$2) -> 0.55360732 | M19: {=TRANSPOSE(MMULT($B$28:$E$31, TRANSPOSE(I19:L19)))} -> 0.93897328 | N19: -0.63049698 | O19: -1.4814381 | P19: 0.48426235 | Q19: =$B$7 * EXP(($F$11 - $F$7 - $C$7*$C$7/2)*$C$3 + M19*$C$7*SQRT($C$3)) -> 1.2151283 | R19: =$B$8 * EXP(($F$11 - $F$8 - $C$8*$C$8/2)*$C$3 + N19*$C$8*SQRT($C$3)) -> 1.319825 | S19: =$B$9 * EXP(($F$11 - $F$9 - $C$9*$C$9/2)*$C$3 + O19*$C$9*SQRT($C$3)) -> 0.0059198786 | T19: =$B$10 * EXP(($F$11 - $F$10 - $C$10*$C$10/2)*$C$3 + P19*$C$10*SQRT($C$3)) -> 0.73452463 | U19: =Q19/$B$7 -> 1.0341518 | V19: =R19/$B$8 -> 0.97692452 | W19: =S19/$B$9 -> 0.94566751 | X19: =T19/$B$10 -> 1.01594 | Y19: =$C$4 * (MAX(MAX(U19:X19) - $C$2, 0)) -> 34.151758
A20: Ccy | B20: EUR | C20: GBP | D20: JPY | E20: CAD | H20: 18 | I20: =INDEX(Random!$F$2:$F$10003,($H20-1)*$L$2 + I$2) -> -1.3535251 | J20: =INDEX(Random!$F$2:$F$10003,($H20-1)*$L$2 + J$2) -> -1.0668088 | K20: =INDEX(Random!$F$2:$F$10003,($H20-1)*$L$2 + K$2) -> -1.0046006 | L20: =INDEX(Random!$F$2:$F$10003,($H20-1)*$L$2 + L$2) -> 0.97538474 | M20: {=TRANSPOSE(MMULT($B$28:$E$31, TRANSPOSE(I20:L20)))} -> -1.3535251 | N20: -1.7234008 | O20: -1.6524816 | P20: -0.1724554 | Q20: =$B$7 * EXP(($F$11 - $F$7 - $C$7*$C$7/2)*$C$3 + M20*$C$7*SQRT($C$3)) -> 1.1304728 | R20: =$B$8 * EXP(($F$11 - $F$8 - $C$8*$C$8/2)*$C$3 + N20*$C$8*SQRT($C$3)) -> 1.2689054 | S20: =$B$9 * EXP(($F$11 - $F$9 - $C$9*$C$9/2)*$C$3 + O20*$C$9*SQRT($C$3)) -> 0.005877001 | T20: =$B$10 * EXP(($F$11 - $F$10 - $C$10*$C$10/2)*$C$3 + P20*$C$10*SQRT($C$3)) -> 0.722801 | U20: =Q20/$B$7 -> 0.96210454 | V20: =R20/$B$8 -> 0.93923419 | W20: =S20/$B$9 -> 0.93881805 | X20: =T20/$B$10 -> 0.99972476 | Y20: =$C$4 * (MAX(MAX(U20:X20) - $C$2, 0)) -> 0
A21: EUR | B21: 1 | C21: =B22 -> 0.78571429 | D21: =B23 -> 0.5611578 | E21: =B24 -> 0.54178814 | H21: 19 | I21: =INDEX(Random!$F$2:$F$10003,($H21-1)*$L$2 + I$2) -> 0.0090018173 | J21: =INDEX(Random!$F$2:$F$10003,($H21-1)*$L$2 + J$2) -> 1.0310011 | K21: =INDEX(Random!$F$2:$F$10003,($H21-1)*$L$2 + K$2) -> -1.7661142 | L21: =INDEX(Random!$F$2:$F$10003,($H21-1)*$L$2 + L$2) -> 0.063344635 | M21: {=TRANSPOSE(MMULT($B$28:$E$31, TRANSPOSE(I21:L21)))} -> 0.0090018173 | N21: 0.6448394 | O21: -1.3915343 | P21: 0.30702411 | Q21: =$B$7 * EXP(($F$11 - $F$7 - $C$7*$C$7/2)*$C$3 + M21*$C$7*SQRT($C$3)) -> 1.1800485 | R21: =$B$8 * EXP(($F$11 - $F$8 - $C$8*$C$8/2)*$C$3 + N21*$C$8*SQRT($C$3)) -> 1.3818336 | S21: =$B$9 * EXP(($F$11 - $F$9 - $C$9*$C$9/2)*$C$3 + O21*$C$9*SQRT($C$3)) -> 0.0059425412 | T21: =$B$10 * EXP(($F$11 - $F$10 - $C$10*$C$10/2)*$C$3 + P21*$C$10*SQRT($C$3)) -> 0.73134199 | U21: =Q21/$B$7 -> 1.0042966 | V21: =R21/$B$8 -> 1.0228228 | W21: =S21/$B$9 -> 0.94928773 | X21: =T21/$B$10 -> 1.011538 | Y21: =$C$4 * (MAX(MAX(U21:X21) - $C$2, 0)) -> 22.822762
A22: GBP | B22: =(C7^2 + C8^2 - B15^2) / (2*C7*C8) -> 0.78571429 | C22: 1 | D22: =C23 -> 0.47777778 | E22: =C24 -> 0.56476757 | H22: 20 | I22: =INDEX(Random!$F$2:$F$10003,($H22-1)*$L$2 + I$2) -> 0.085445841 | J22: =INDEX(Random!$F$2:$F$10003,($H22-1)*$L$2 + J$2) -> 1.7481604 | K22: =INDEX(Random!$F$2:$F$10003,($H22-1)*$L$2 + K$2) -> 0.33365545 | L22: =INDEX(Random!$F$2:$F$10003,($H22-1)*$L$2 + L$2) -> 0.16283613 | M22: {=TRANSPOSE(MMULT($B$28:$E$31, TRANSPOSE(I22:L22)))} -> 0.085445841 | N22: 1.1485298 | O22: 0.42759204 | P22: 0.56759891 | Q22: =$B$7 * EXP(($F$11 - $F$7 - $C$7*$C$7/2)*$C$3 + M22*$C$7*SQRT($C$3)) -> 1.1828935 | R22: =$B$8 * EXP(($F$11 - $F$8 - $C$8*$C$8/2)*$C$3 + N22*$C$8*SQRT($C$3)) -> 1.4071187 | S22: =$B$9 * EXP(($F$11 - $F$9 - $C$9*$C$9/2)*$C$3 + O22*$C$9*SQRT($C$3)) -> 0.0064202029 | T22: =$B$10 * EXP(($F$11 - $F$10 - $C$10*$C$10/2)*$C$3 + P22*$C$10*SQRT($C$3)) -> 0.73602587 | U22: =Q22/$B$7 -> 1.0067179 | V22: =R22/$B$8 -> 1.0415386 | W22: =S22/$B$9 -> 1.0255915 | X22: =T22/$B$10 -> 1.0180164 | Y22: =$C$4 * (MAX(MAX(U22:X22) - $C$2, 0)) -> 41.538631
A23: JPY | B23: =(C7^2 + C9^2 - B16^2) / (2*C7*C9) -> 0.5611578 | C23: =(C8^2 + C9^2 - C16^2) / (2*C8*C9) -> 0.47777778 | D23: 1 | E23: =D24 -> 0.30852341 | H23: 21 | I23: =INDEX(Random!$F$2:$F$10003,($H23-1)*$L$2 + I$2) -> -0.029378262 | J23: =INDEX(Random!$F$2:$F$10003,($H23-1)*$L$2 + J$2) -> 0.97048475 | K23: =INDEX(Random!$F$2:$F$10003,($H23-1)*$L$2 + K$2) -> 0.58976956 | L23: =INDEX(Random!$F$2:$F$10003,($H23-1)*$L$2 + L$2) -> -0.082535521 | M23: {=TRANSPOSE(MMULT($B$28:$E$31, TRANSPOSE(I23:L23)))} -> -0.029378262 | N23: 0.57724883 | O23: 0.52824559 | P23: 0.12907612 | Q23: =$B$7 * EXP(($F$11 - $F$7 - $C$7*$C$7/2)*$C$3 + M23*$C$7*SQRT($C$3)) -> 1.1786228 | R23: =$B$8 * EXP(($F$11 - $F$8 - $C$8*$C$8/2)*$C$3 + N23*$C$8*SQRT($C$3)) -> 1.3784753 | S23: =$B$9 * EXP(($F$11 - $F$9 - $C$9*$C$9/2)*$C$3 + O23*$C$9*SQRT($C$3)) -> 0.0064477259 | T23: =$B$10 * EXP(($F$11 - $F$10 - $C$10*$C$10/2)*$C$3 + P23*$C$10*SQRT($C$3)) -> 0.72816048 | U23: =Q23/$B$7 -> 1.0030832 | V23: =R23/$B$8 -> 1.020337 | W23: =S23/$B$9 -> 1.0299882 | X23: =T23/$B$10 -> 1.0071376 | Y23: =$C$4 * (MAX(MAX(U23:X23) - $C$2, 0)) -> 29.988166
A24: CAD | B24: =(C7^2 + C10^2 - B17^2) / (2*C7*C10) -> 0.54178814 | C24: =(C8^2 + C10^2 - C17^2) / (2*C8*C10) -> 0.56476757 | D24: =(C9^2 + C10^2 - D17^2) / (2*C9*C10) -> 0.30852341 | E24: 1 | H24: 22 | I24: =INDEX(Random!$F$2:$F$10003,($H24-1)*$L$2 + I$2) -> 1.2152465 | J24: =INDEX(Random!$F$2:$F$10003,($H24-1)*$L$2 + J$2) -> -1.398583 | K24: =INDEX(Random!$F$2:$F$10003,($H24-1)*$L$2 + K$2) -> -0.10982132 | L24: =INDEX(Random!$F$2:$F$10003,($H24-1)*$L$2 + L$2) -> 1.1582604 | M24: {=TRANSPOSE(MMULT($B$28:$E$31, TRANSPOSE(I24:L24)))} -> 1.2152465 | N24: 0.08968768 | O24: 0.50792506 | P24: 1.2831259 | Q24: =$B$7 * EXP(($F$11 - $F$7 - $C$7*$C$7/2)*$C$3 + M24*$C$7*SQRT($C$3)) -> 1.2257492 | R24: =$B$8 * EXP(($F$11 - $F$8 - $C$8*$C$8/2)*$C$3 + N24*$C$8*SQRT($C$3)) -> 1.3544911 | S24: =$B$9 * EXP(($F$11 - $F$9 - $C$9*$C$9/2)*$C$3 + O24*$C$9*SQRT($C$3)) -> 0.0064421599 | T24: =$B$10 * EXP(($F$11 - $F$10 - $C$10*$C$10/2)*$C$3 + P24*$C$10*SQRT($C$3)) -> 0.74904247 | U24: =Q24/$B$7 -> 1.0431908 | V24: =R24/$B$8 -> 1.0025841 | W24: =S24/$B$9 -> 1.029099 | X24: =T24/$B$10 -> 1.03602 | Y24: =$C$4 * (MAX(MAX(U24:X24) - $C$2, 0)) -> 43.190849
H25: 23 | I25: =INDEX(Random!$F$2:$F$10003,($H25-1)*$L$2 + I$2) -> -0.31322807 | J25: =INDEX(Random!$F$2:$F$10003,($H25-1)*$L$2 + J$2) -> 0.70316178 | K25: =INDEX(Random!$F$2:$F$10003,($H25-1)*$L$2 + K$2) -> 0.76118985 | L25: =INDEX(Random!$F$2:$F$10003,($H25-1)*$L$2 + L$2) -> -0.13820517 | M25: {=TRANSPOSE(MMULT($B$28:$E$31, TRANSPOSE(I25:L25)))} -> -0.31322807 | N25: 0.18886078 | O25: 0.49454632 | P25: -0.13174352 | Q25: =$B$7 * EXP(($F$11 - $F$7 - $C$7*$C$7/2)*$C$3 + M25*$C$7*SQRT($C$3)) -> 1.1681314 | R25: =$B$8 * EXP(($F$11 - $F$8 - $C$8*$C$8/2)*$C$3 + N25*$C$8*SQRT($C$3)) -> 1.3593356 | S25: =$B$9 * EXP(($F$11 - $F$9 - $C$9*$C$9/2)*$C$3 + O25*$C$9*SQRT($C$3)) -> 0.006438498 | T25: =$B$10 * EXP(($F$11 - $F$10 - $C$10*$C$10/2)*$C$3 + P25*$C$10*SQRT($C$3)) -> 0.72352231 | U25: =Q25/$B$7 -> 0.99415434 | V25: =R25/$B$8 -> 1.0061699 | W25: =S25/$B$9 -> 1.0285141 | X25: =T25/$B$10 -> 1.0007224 | Y25: =$C$4 * (MAX(MAX(U25:X25) - $C$2, 0)) -> 28.514053
A26: Cholesky Decomposition | H26: 24 | I26: =INDEX(Random!$F$2:$F$10003,($H26-1)*$L$2 + I$2) -> -0.040053655 | J26: =INDEX(Random!$F$2:$F$10003,($H26-1)*$L$2 + J$2) -> -0.3075265 | K26: =INDEX(Random!$F$2:$F$10003,($H26-1)*$L$2 + K$2) -> -0.27225431 | L26: =INDEX(Random!$F$2:$F$10003,($H26-1)*$L$2 + L$2) -> 0.41492362 | M26: {=TRANSPOSE(MMULT($B$28:$E$31, TRANSPOSE(I26:L26)))} -> -0.040053655 | N26: -0.22170341 | O26: -0.26556741 | P26: 0.24810684 | Q26: =$B$7 * EXP(($F$11 - $F$7 - $C$7*$C$7/2)*$C$3 + M26*$C$7*SQRT($C$3)) -> 1.1782265 | R26: =$B$8 * EXP(($F$11 - $F$8 - $C$8*$C$8/2)*$C$3 + N26*$C$8*SQRT($C$3)) -> 1.3393919 | S26: =$B$9 * EXP(($F$11 - $F$9 - $C$9*$C$9/2)*$C$3 + O26*$C$9*SQRT($C$3)) -> 0.0062338271 | T26: =$B$10 * EXP(($F$11 - $F$10 - $C$10*$C$10/2)*$C$3 + P26*$C$10*SQRT($C$3)) -> 0.73028708 | U26: =Q26/$B$7 -> 1.0027459 | V26: =R26/$B$8 -> 0.9914078 | W26: =S26/$B$9 -> 0.99581902 | X26: =T26/$B$10 -> 1.0100789 | Y26: =$C$4 * (MAX(MAX(U26:X26) - $C$2, 0)) -> 10.078946
A27: =A20 -> Ccy | B27: =B20 -> EUR | C27: =C20 -> GBP | D27: =D20 -> JPY | E27: =E20 -> CAD | H27: 25 | I27: =INDEX(Random!$F$2:$F$10003,($H27-1)*$L$2 + I$2) -> -0.36779231 | J27: =INDEX(Random!$F$2:$F$10003,($H27-1)*$L$2 + J$2) -> -0.55379921 | K27: =INDEX(Random!$F$2:$F$10003,($H27-1)*$L$2 + K$2) -> 0.64970981 | L27: =INDEX(Random!$F$2:$F$10003,($H27-1)*$L$2 + L$2) -> 2.1907635 | M27: {=TRANSPOSE(MMULT($B$28:$E$31, TRANSPOSE(I27:L27)))} -> -0.36779231 | N27: -0.63155408 | O27: 0.29697852 | P27: 1.4433304 | Q27: =$B$7 * EXP(($F$11 - $F$7 - $C$7*$C$7/2)*$C$3 + M27*$C$7*SQRT($C$3)) -> 1.1661253 | R27: =$B$8 * EXP(($F$11 - $F$8 - $C$8*$C$8/2)*$C$3 + N27*$C$8*SQRT($C$3)) -> 1.3197748 | S27: =$B$9 * EXP(($F$11 - $F$9 - $C$9*$C$9/2)*$C$3 + O27*$C$9*SQRT($C$3)) -> 0.0063846626 | T27: =$B$10 * EXP(($F$11 - $F$10 - $C$10*$C$10/2)*$C$3 + P27*$C$10*SQRT($C$3)) -> 0.75198824 | U27: =Q27/$B$7 -> 0.99244709 | V27: =R27/$B$8 -> 0.97688734 | W27: =S27/$B$9 -> 1.0199142 | X27: =T27/$B$10 -> 1.0400944 | Y27: =$C$4 * (MAX(MAX(U27:X27) - $C$2, 0)) -> 40.094391
A28: =A21 -> EUR | B28: {=Cholesky!B23:E26} -> 1 | C28: 0 | D28: 0 | E28: 0 | H28: 26 | I28: =INDEX(Random!$F$2:$F$10003,($H28-1)*$L$2 + I$2) -> 1.219039 | J28: =INDEX(Random!$F$2:$F$10003,($H28-1)*$L$2 + J$2) -> 1.2879173 | K28: =INDEX(Random!$F$2:$F$10003,($H28-1)*$L$2 + K$2) -> 0.27313996 | L28: =INDEX(Random!$F$2:$F$10003,($H28-1)*$L$2 + L$2) -> 0.74485004 | M28: {=TRANSPOSE(MMULT($B$28:$E$31, TRANSPOSE(I28:L28)))} -> 1.219039 | N28: 1.7545086 | O28: 0.9863269 | P28: 1.5502669 | Q28: =$B$7 * EXP(($F$11 - $F$7 - $C$7*$C$7/2)*$C$3 + M28*$C$7*SQRT($C$3)) -> 1.2258957 | R28: =$B$8 * EXP(($F$11 - $F$8 - $C$8*$C$8/2)*$C$3 + N28*$C$8*SQRT($C$3)) -> 1.4381526 | S28: =$B$9 * EXP(($F$11 - $F$9 - $C$9*$C$9/2)*$C$3 + O28*$C$9*SQRT($C$3)) -> 0.0065744831 | T28: =$B$10 * EXP(($F$11 - $F$10 - $C$10*$C$10/2)*$C$3 + P28*$C$10*SQRT($C$3)) -> 0.753961 | U28: =Q28/$B$7 -> 1.0433155 | V28: =R28/$B$8 -> 1.0645097 | W28: =S28/$B$9 -> 1.0502369 | X28: =T28/$B$10 -> 1.042823 | Y28: =$C$4 * (MAX(MAX(U28:X28) - $C$2, 0)) -> 64.509691
A29: =A22 -> GBP | B29: 0.78571429 | C29: 0.61858957 | D29: 0 | E29: 0 | H29: 27 | I29: =INDEX(Random!$F$2:$F$10003,($H29-1)*$L$2 + I$2) -> -0.085940683 | J29: =INDEX(Random!$F$2:$F$10003,($H29-1)*$L$2 + J$2) -> 0.11501962 | K29: =INDEX(Random!$F$2:$F$10003,($H29-1)*$L$2 + K$2) -> 0.24858351 | L29: =INDEX(Random!$F$2:$F$10003,($H29-1)*$L$2 + L$2) -> 0.55255614 | M29: {=TRANSPOSE(MMULT($B$28:$E$31, TRANSPOSE(I29:L29)))} -> -0.085940683 | N29: 0.0036251182 | O29: 0.16384958 | P29: 0.42408524 | Q29: =$B$7 * EXP(($F$11 - $F$7 - $C$7*$C$7/2)*$C$3 + M29*$C$7*SQRT($C$3)) -> 1.1765247 | R29: =$B$8 * EXP(($F$11 - $F$8 - $C$8*$C$8/2)*$C$3 + N29*$C$8*SQRT($C$3)) -> 1.350301 | S29: =$B$9 * EXP(($F$11 - $F$9 - $C$9*$C$9/2)*$C$3 + O29*$C$9*SQRT($C$3)) -> 0.0063486403 | T29: =$B$10 * EXP(($F$11 - $F$10 - $C$10*$C$10/2)*$C$3 + P29*$C$10*SQRT($C$3)) -> 0.73344249 | U29: =Q29/$B$7 -> 1.0012976 | V29: =R29/$B$8 -> 0.99948264 | W29: =S29/$B$9 -> 1.0141598 | X29: =T29/$B$10 -> 1.0144433 | Y29: =$C$4 * (MAX(MAX(U29:X29) - $C$2, 0)) -> 14.443274
A30: =A23 -> JPY | B30: 0.5611578 | C30: 0.059600229 | D30: 0.82556026 | E30: 0 | H30: 28 | I30: =INDEX(Random!$F$2:$F$10003,($H30-1)*$L$2 + I$2) -> 0.57101713 | J30: =INDEX(Random!$F$2:$F$10003,($H30-1)*$L$2 + J$2) -> -0.45403103 | K30: =INDEX(Random!$F$2:$F$10003,($H30-1)*$L$2 + K$2) -> -0.24135327 | L30: =INDEX(Random!$F$2:$F$10003,($H30-1)*$L$2 + L$2) -> -0.22884347 | M30: {=TRANSPOSE(MMULT($B$28:$E$31, TRANSPOSE(I30:L30)))} -> 0.57101713 | N30: 0.16779746 | O30: 0.094118696 | P30: 0.024573378 | Q30: =$B$7 * EXP(($F$11 - $F$7 - $C$7*$C$7/2)*$C$3 + M30*$C$7*SQRT($C$3)) -> 1.2011255 | R30: =$B$8 * EXP(($F$11 - $F$8 - $C$8*$C$8/2)*$C$3 + N30*$C$8*SQRT($C$3)) -> 1.3583052 | S30: =$B$9 * EXP(($F$11 - $F$9 - $C$9*$C$9/2)*$C$3 + O30*$C$9*SQRT($C$3)) -> 0.0063298536 | T30: =$B$10 * EXP(($F$11 - $F$10 - $C$10*$C$10/2)*$C$3 + P30*$C$10*SQRT($C$3)) -> 0.72629854 | U30: =Q30/$B$7 -> 1.0222345 | V30: =R30/$B$8 -> 1.0054073 | W30: =S30/$B$9 -> 1.0111587 | X30: =T30/$B$10 -> 1.0045623 | Y30: =$C$4 * (MAX(MAX(U30:X30) - $C$2, 0)) -> 22.234497
A31: =A24 -> CAD | B31: 0.54178814 | C31: 0.22482902 | D31: -0.010786727 | E31: 0.80981551 | H31: 29 | I31: =INDEX(Random!$F$2:$F$10003,($H31-1)*$L$2 + I$2) -> 0.66526098 | J31: =INDEX(Random!$F$2:$F$10003,($H31-1)*$L$2 + J$2) -> -0.68487127 | K31: =INDEX(Random!$F$2:$F$10003,($H31-1)*$L$2 + K$2) -> -1.5313986 | L31: =INDEX(Random!$F$2:$F$10003,($H31-1)*$L$2 + L$2) -> -1.1240584 | M31: {=TRANSPOSE(MMULT($B$28:$E$31, TRANSPOSE(I31:L31)))} -> 0.66526098 | N31: 0.099050825 | O31: -0.93176389 | P31: -0.68730961 | Q31: =$B$7 * EXP(($F$11 - $F$7 - $C$7*$C$7/2)*$C$3 + M31*$C$7*SQRT($C$3)) -> 1.2046966 | R31: =$B$8 * EXP(($F$11 - $F$8 - $C$8*$C$8/2)*$C$3 + N31*$C$8*SQRT($C$3)) -> 1.3549477 | S31: =$B$9 * EXP(($F$11 - $F$9 - $C$9*$C$9/2)*$C$3 + O31*$C$9*SQRT($C$3)) -> 0.0060598018 | T31: =$B$10 * EXP(($F$11 - $F$10 - $C$10*$C$10/2)*$C$3 + P31*$C$10*SQRT($C$3)) -> 0.7137409 | U31: =Q31/$B$7 -> 1.0252737 | V31: =R31/$B$8 -> 1.0029221 | W31: =S31/$B$9 -> 0.96801946 | X31: =T31/$B$10 -> 0.9871935 | Y31: =$C$4 * (MAX(MAX(U31:X31) - $C$2, 0)) -> 25.273694
H32: 30 | I32: =INDEX(Random!$F$2:$F$10003,($H32-1)*$L$2 + I$2) -> -1.3949514 | J32: =INDEX(Random!$F$2:$F$10003,($H32-1)*$L$2 + J$2) -> 0.92567358 | K32: =INDEX(Random!$F$2:$F$10003,($H32-1)*$L$2 + K$2) -> -0.93779701 | L32: =INDEX(Random!$F$2:$F$10003,($H32-1)*$L$2 + L$2) -> 0.17871074 | M32: {=TRANSPOSE(MMULT($B$28:$E$31, TRANSPOSE(I32:L32)))} -> -1.3949514 | N32: -0.5234212 | O32: -1.5018254 | P32: -0.39281134 | Q32: =$B$7 * EXP(($F$11 - $F$7 - $C$7*$C$7/2)*$C$3 + M32*$C$7*SQRT($C$3)) -> 1.1289986 | R32: =$B$8 * EXP(($F$11 - $F$8 - $C$8*$C$8/2)*$C$3 + N32*$C$8*SQRT($C$3)) -> 1.3249224 | S32: =$B$9 * EXP(($F$11 - $F$9 - $C$9*$C$9/2)*$C$3 + O32*$C$9*SQRT($C$3)) -> 0.0059147515 | T32: =$B$10 * EXP(($F$11 - $F$10 - $C$10*$C$10/2)*$C$3 + P32*$C$10*SQRT($C$3)) -> 0.71890931 | U32: =Q32/$B$7 -> 0.96084988 | V32: =R32/$B$8 -> 0.98069756 | W32: =S32/$B$9 -> 0.94484848 | X32: =T32/$B$10 -> 0.99434206 | Y32: =$C$4 * (MAX(MAX(U32:X32) - $C$2, 0)) -> 0
A33: Sample Correlation | H33: 31 | I33: =INDEX(Random!$F$2:$F$10003,($H33-1)*$L$2 + I$2) -> 0.7144657 | J33: =INDEX(Random!$F$2:$F$10003,($H33-1)*$L$2 + J$2) -> -1.2616514 | K33: =INDEX(Random!$F$2:$F$10003,($H33-1)*$L$2 + K$2) -> 0.99521177 | L33: =INDEX(Random!$F$2:$F$10003,($H33-1)*$L$2 + L$2) -> -0.022583618 | M33: {=TRANSPOSE(MMULT($B$28:$E$31, TRANSPOSE(I33:L33)))} -> 0.7144657 | N33: -0.21907852 | O33: 1.1473406 | P33: 0.074409543 | Q33: =$B$7 * EXP(($F$11 - $F$7 - $C$7*$C$7/2)*$C$3 + M33*$C$7*SQRT($C$3)) -> 1.2065653 | R33: =$B$8 * EXP(($F$11 - $F$8 - $C$8*$C$8/2)*$C$3 + N33*$C$8*SQRT($C$3)) -> 1.3395185 | S33: =$B$9 * EXP(($F$11 - $F$9 - $C$9*$C$9/2)*$C$3 + O33*$C$9*SQRT($C$3)) -> 0.0066196271 | T33: =$B$10 * EXP(($F$11 - $F$10 - $C$10*$C$10/2)*$C$3 + P33*$C$10*SQRT($C$3)) -> 0.72718588 | U33: =Q33/$B$7 -> 1.026864 | V33: =R33/$B$8 -> 0.99150149 | W33: =S33/$B$9 -> 1.0574484 | X33: =T33/$B$10 -> 1.0057896 | Y33: =$C$4 * (MAX(MAX(U33:X33) - $C$2, 0)) -> 57.448414
A34: Ccy | B34: =B20 -> EUR | C34: =C20 -> GBP | D34: =D20 -> JPY | E34: =E20 -> CAD | H34: 32 | I34: =INDEX(Random!$F$2:$F$10003,($H34-1)*$L$2 + I$2) -> 0.34908956 | J34: =INDEX(Random!$F$2:$F$10003,($H34-1)*$L$2 + J$2) -> 1.7350154 | K34: =INDEX(Random!$F$2:$F$10003,($H34-1)*$L$2 + K$2) -> -1.4400059 | L34: =INDEX(Random!$F$2:$F$10003,($H34-1)*$L$2 + L$2) -> -1.375995 | M34: {=TRANSPOSE(MMULT($B$28:$E$31, TRANSPOSE(I34:L34)))} -> 0.34908956 | N34: 1.3475471 | O34: -0.88950999 | P34: -0.51955472 | Q34: =$B$7 * EXP(($F$11 - $F$7 - $C$7*$C$7/2)*$C$3 + M34*$C$7*SQRT($C$3)) -> 1.1927581 | R34: =$B$8 * EXP(($F$11 - $F$8 - $C$8*$C$8/2)*$C$3 + N34*$C$8*SQRT($C$3)) -> 1.4172364 | S34: =$B$9 * EXP(($F$11 - $F$9 - $C$9*$C$9/2)*$C$3 + O34*$C$9*SQRT($C$3)) -> 0.0060706937 | T34: =$B$10 * EXP(($F$11 - $F$10 - $C$10*$C$10/2)*$C$3 + P34*$C$10*SQRT($C$3)) -> 0.71668041 | U34: =Q34/$B$7 -> 1.0151133 | V34: =R34/$B$8 -> 1.0490277 | W34: =S34/$B$9 -> 0.96975938 | X34: =T34/$B$10 -> 0.99125921 | Y34: =$C$4 * (MAX(MAX(U34:X34) - $C$2, 0)) -> 49.027657
A35: =A21 -> EUR | B35: =CORREL(M3:M5002, M3:M5002) -> 1 | H35: 33 | I35: =INDEX(Random!$F$2:$F$10003,($H35-1)*$L$2 + I$2) -> 0.33785109 | J35: =INDEX(Random!$F$2:$F$10003,($H35-1)*$L$2 + J$2) -> 1.5003575 | K35: =INDEX(Random!$F$2:$F$10003,($H35-1)*$L$2 + K$2) -> -0.2951963 | L35: =INDEX(Random!$F$2:$F$10003,($H35-1)*$L$2 + L$2) -> -0.53265153 | M35: {=TRANSPOSE(MMULT($B$28:$E$31, TRANSPOSE(I35:L35)))} -> 0.33785109 | N35: 1.1935599 | O35: 0.035307088 | P35: 0.092202352 | Q35: =$B$7 * EXP(($F$11 - $F$7 - $C$7*$C$7/2)*$C$3 + M35*$C$7*SQRT($C$3)) -> 1.1923359 | R35: =$B$8 * EXP(($F$11 - $F$8 - $C$8*$C$8/2)*$C$3 + N35*$C$8*SQRT($C$3)) -> 1.4094016 | S35: =$B$9 * EXP(($F$11 - $F$9 - $C$9*$C$9/2)*$C$3 + O35*$C$9*SQRT($C$3)) -> 0.0063140519 | T35: =$B$10 * EXP(($F$11 - $F$10 - $C$10*$C$10/2)*$C$3 + P35*$C$10*SQRT($C$3)) -> 0.72750295 | U35: =Q35/$B$7 -> 1.014754 | V35: =R35/$B$8 -> 1.0432284 | W35: =S35/$B$9 -> 1.0086345 | X35: =T35/$B$10 -> 1.0062281 | Y35: =$C$4 * (MAX(MAX(U35:X35) - $C$2, 0)) -> 43.228422
A36: =A22 -> GBP | B36: =CORREL(M3:M5002, N3:N5002) -> 0.78328473 | C36: =CORREL(N3:N5002, N3:N5002) -> 1 | H36: 34 | I36: =INDEX(Random!$F$2:$F$10003,($H36-1)*$L$2 + I$2) -> -1.174597 | J36: =INDEX(Random!$F$2:$F$10003,($H36-1)*$L$2 + J$2) -> -0.5680664 | K36: =INDEX(Random!$F$2:$F$10003,($H36-1)*$L$2 + K$2) -> 2.3552899 | L36: =INDEX(Random!$F$2:$F$10003,($H36-1)*$L$2 + L$2) -> -0.54225975 | M36: {=TRANSPOSE(MMULT($B$28:$E$31, TRANSPOSE(I36:L36)))} -> -1.174597 | N36: -1.2742976 | O36: 1.2514426 | P36: -1.2286368 | Q36: =$B$7 * EXP(($F$11 - $F$7 - $C$7*$C$7/2)*$C$3 + M36*$C$7*SQRT($C$3)) -> 1.1368624 | R36: =$B$8 * EXP(($F$11 - $F$8 - $C$8*$C$8/2)*$C$3 + N36*$C$8*SQRT($C$3)) -> 1.2895874 | S36: =$B$9 * EXP(($F$11 - $F$9 - $C$9*$C$9/2)*$C$3 + O36*$C$9*SQRT($C$3)) -> 0.0066489794 | T36: =$B$10 * EXP(($F$11 - $F$10 - $C$10*$C$10/2)*$C$3 + P36*$C$10*SQRT($C$3)) -> 0.7043374 | U36: =Q36/$B$7 -> 0.9675425 | V36: =R36/$B$8 -> 0.95454288 | W36: =S36/$B$9 -> 1.0621373 | X36: =T36/$B$10 -> 0.97418727 | Y36: =$C$4 * (MAX(MAX(U36:X36) - $C$2, 0)) -> 62.137284
A37: =A23 -> JPY | B37: =CORREL(M3:M5002, O3:O5002) -> 0.5604415 | C37: =CORREL(N3:N5002, O3:O5002) -> 0.48903582 | D37: =CORREL(O3:O5002, O3:O5002) -> 1 | H37: 35 | I37: =INDEX(Random!$F$2:$F$10003,($H37-1)*$L$2 + I$2) -> 1.9609289 | J37: =INDEX(Random!$F$2:$F$10003,($H37-1)*$L$2 + J$2) -> 1.5952949 | K37: =INDEX(Random!$F$2:$F$10003,($H37-1)*$L$2 + K$2) -> -0.01002694 | L37: =INDEX(Random!$F$2:$F$10003,($H37-1)*$L$2 + L$2) -> -0.22494283 | M37: {=TRANSPOSE(MMULT($B$28:$E$31, TRANSPOSE(I37:L37)))} -> 1.9609289 | N37: 2.5275626 | O37: 1.1871926 | P37: 1.2390226 | Q37: =$B$7 * EXP(($F$11 - $F$7 - $C$7*$C$7/2)*$C$3 + M37*$C$7*SQRT($C$3)) -> 1.2548817 | R37: =$B$8 * EXP(($F$11 - $F$8 - $C$8*$C$8/2)*$C$3 + N37*$C$8*SQRT($C$3)) -> 1.4787384 | S37: =$B$9 * EXP(($F$11 - $F$9 - $C$9*$C$9/2)*$C$3 + O37*$C$9*SQRT($C$3)) -> 0.0066308483 | T37: =$B$10 * EXP(($F$11 - $F$10 - $C$10*$C$10/2)*$C$3 + P37*$C$10*SQRT($C$3)) -> 0.74823354 | U37: =Q37/$B$7 -> 1.0679844 | V37: =R37/$B$8 -> 1.094551 | W37: =S37/$B$9 -> 1.0592409 | X37: =T37/$B$10 -> 1.0349012 | Y37: =$C$4 * (MAX(MAX(U37:X37) - $C$2, 0)) -> 94.551024
A38: =A24 -> CAD | B38: =CORREL(M3:M5002, P3:P5002) -> 0.53919536 | C38: =CORREL(N3:N5002, P3:P5002) -> 0.56033025 | D38: =CORREL(O3:O5002, P3:P5002) -> 0.30262041 | E38: =CORREL(P3:P5002, P3:P5002) -> 1 | H38: 36 | I38: =INDEX(Random!$F$2:$F$10003,($H38-1)*$L$2 + I$2) -> 1.6878412 | J38: =INDEX(Random!$F$2:$F$10003,($H38-1)*$L$2 + J$2) -> -2.3806676 | K38: =INDEX(Random!$F$2:$F$10003,($H38-1)*$L$2 + K$2) -> -1.3239593 | L38: =INDEX(Random!$F$2:$F$10003,($H38-1)*$L$2 + L$2) -> 0.087880733 | M38: {=TRANSPOSE(MMULT($B$28:$E$31, TRANSPOSE(I38:L38)))} -> 1.6878412 | N38: -0.14649518 | O38: -0.28775124 | P38: 0.46465757 | Q38: =$B$7 * EXP(($F$11 - $F$7 - $C$7*$C$7/2)*$C$3 + M38*$C$7*SQRT($C$3)) -> 1.2441331 | R38: =$B$8 * EXP(($F$11 - $F$8 - $C$8*$C$8/2)*$C$3 + N38*$C$8*SQRT($C$3)) -> 1.3430233 | S38: =$B$9 * EXP(($F$11 - $F$9 - $C$9*$C$9/2)*$C$3 + O38*$C$9*SQRT($C$3)) -> 0.0062279525 | T38: =$B$10 * EXP(($F$11 - $F$10 - $C$10*$C$10/2)*$C$3 + P38*$C$10*SQRT($C$3)) -> 0.73417191 | U38: =Q38/$B$7 -> 1.0588367 | V38: =R38/$B$8 -> 0.99409567 | W38: =S38/$B$9 -> 0.9948806 | X38: =T38/$B$10 -> 1.0154522 | Y38: =$C$4 * (MAX(MAX(U38:X38) - $C$2, 0)) -> 58.836723
H39: 37 | I39: =INDEX(Random!$F$2:$F$10003,($H39-1)*$L$2 + I$2) -> 0.44977416 | J39: =INDEX(Random!$F$2:$F$10003,($H39-1)*$L$2 + J$2) -> 0.19341983 | K39: =INDEX(Random!$F$2:$F$10003,($H39-1)*$L$2 + K$2) -> -1.006188 | L39: =INDEX(Random!$F$2:$F$10003,($H39-1)*$L$2 + L$2) -> -0.26899436 | M39: {=TRANSPOSE(MMULT($B$28:$E$31, TRANSPOSE(I39:L39)))} -> 0.44977416 | N39: 0.47304148 | O39: -0.56674672 | P39: 0.080186373 | Q39: =$B$7 * EXP(($F$11 - $F$7 - $C$7*$C$7/2)*$C$3 + M39*$C$7*SQRT($C$3)) -> 1.196547 | R39: =$B$8 * EXP(($F$11 - $F$8 - $C$8*$C$8/2)*$C$3 + N39*$C$8*SQRT($C$3)) -> 1.3733137 | S39: =$B$9 * EXP(($F$11 - $F$9 - $C$9*$C$9/2)*$C$3 + O39*$C$9*SQRT($C$3)) -> 0.0061545419 | T39: =$B$10 * EXP(($F$11 - $F$10 - $C$10*$C$10/2)*$C$3 + P39*$C$10*SQRT($C$3)) -> 0.72728881 | U39: =Q39/$B$7 -> 1.0183379 | V39: =R39/$B$8 -> 1.0165164 | W39: =S39/$B$9 -> 0.98315365 | X39: =T39/$B$10 -> 1.005932 | Y39: =$C$4 * (MAX(MAX(U39:X39) - $C$2, 0)) -> 18.337872
H40: 38 | I40: =INDEX(Random!$F$2:$F$10003,($H40-1)*$L$2 + I$2) -> -0.90903867 | J40: =INDEX(Random!$F$2:$F$10003,($H40-1)*$L$2 + J$2) -> -1.0613064 | K40: =INDEX(Random!$F$2:$F$10003,($H40-1)*$L$2 + K$2) -> -0.48243008 | L40: =INDEX(Random!$F$2:$F$10003,($H40-1)*$L$2 + L$2) -> -0.50083362 | M40: {=TRANSPOSE(MMULT($B$28:$E$31, TRANSPOSE(I40:L40)))} -> -0.90903867 | N40: -1.3707578 | O40: -0.97164335 | P40: -1.1314979 | Q40: =$B$7 * EXP(($F$11 - $F$7 - $C$7*$C$7/2)*$C$3 + M40*$C$7*SQRT($C$3)) -> 1.1464123 | R40: =$B$8 * EXP(($F$11 - $F$8 - $C$8*$C$8/2)*$C$3 + N40*$C$8*SQRT($C$3)) -> 1.285117 | S40: =$B$9 * EXP(($F$11 - $F$9 - $C$9*$C$9/2)*$C$3 + O40*$C$9*SQRT($C$3)) -> 0.0060495399 | T40: =$B$10 * EXP(($F$11 - $F$10 - $C$10*$C$10/2)*$C$3 + P40*$C$10*SQRT($C$3)) -> 0.70601565 | U40: =Q40/$B$7 -> 0.97567002 | V40: =R40/$B$8 -> 0.95123392 | W40: =S40/$B$9 -> 0.96638017 | X40: =T40/$B$10 -> 0.9765085 | Y40: =$C$4 * (MAX(MAX(U40:X40) - $C$2, 0)) -> 0
A41: Seed | B41: Estimate | H41: 39 | I41: =INDEX(Random!$F$2:$F$10003,($H41-1)*$L$2 + I$2) -> -0.66994996 | J41: =INDEX(Random!$F$2:$F$10003,($H41-1)*$L$2 + J$2) -> -0.014743541 | K41: =INDEX(Random!$F$2:$F$10003,($H41-1)*$L$2 + K$2) -> 0.2245723 | L41: =INDEX(Random!$F$2:$F$10003,($H41-1)*$L$2 + L$2) -> -1.3505642 | M41: {=TRANSPOSE(MMULT($B$28:$E$31, TRANSPOSE(I41:L41)))} -> -0.66994996 | N41: -0.53550945 | O41: -0.19142839 | P41: -1.462416 | Q41: =$B$7 * EXP(($F$11 - $F$7 - $C$7*$C$7/2)*$C$3 + M41*$C$7*SQRT($C$3)) -> 1.1550788 | R41: =$B$8 * EXP(($F$11 - $F$8 - $C$8*$C$8/2)*$C$3 + N41*$C$8*SQRT($C$3)) -> 1.324346 | S41: =$B$9 * EXP(($F$11 - $F$9 - $C$9*$C$9/2)*$C$3 + O41*$C$9*SQRT($C$3)) -> 0.0062535003 | T41: =$B$10 * EXP(($F$11 - $F$10 - $C$10*$C$10/2)*$C$3 + P41*$C$10*SQRT($C$3)) -> 0.70031477 | U41: =Q41/$B$7 -> 0.98304582 | V41: =R41/$B$8 -> 0.98027088 | W41: =S41/$B$9 -> 0.99896171 | X41: =T41/$B$10 -> 0.96862347 | Y41: =$C$4 * (MAX(MAX(U41:X41) - $C$2, 0)) -> 0
A42: 1 | B42: 31.558743 | H42: 40 | I42: =INDEX(Random!$F$2:$F$10003,($H42-1)*$L$2 + I$2) -> -2.7705825 | J42: =INDEX(Random!$F$2:$F$10003,($H42-1)*$L$2 + J$2) -> -1.6173471 | K42: =INDEX(Random!$F$2:$F$10003,($H42-1)*$L$2 + K$2) -> 0.29850002 | L42: =INDEX(Random!$F$2:$F$10003,($H42-1)*$L$2 + L$2) -> 0.20555348 | M42: {=TRANSPOSE(MMULT($B$28:$E$31, TRANSPOSE(I42:L42)))} -> -2.7705825 | N42: -3.1773603 | O42: -1.4046985 | P42: -1.7014548 | Q42: =$B$7 * EXP(($F$11 - $F$7 - $C$7*$C$7/2)*$C$3 + M42*$C$7*SQRT($C$3)) -> 1.0811212 | R42: =$B$8 * EXP(($F$11 - $F$8 - $C$8*$C$8/2)*$C$3 + N42*$C$8*SQRT($C$3)) -> 1.204196 | S42: =$B$9 * EXP(($F$11 - $F$9 - $C$9*$C$9/2)*$C$3 + O42*$C$9*SQRT($C$3)) -> 0.0059392174 | T42: =$B$10 * EXP(($F$11 - $F$10 - $C$10*$C$10/2)*$C$3 + P42*$C$10*SQRT($C$3)) -> 0.6962254 | U42: =Q42/$B$7 -> 0.92010317 | V42: =R42/$B$8 -> 0.89133675 | W42: =S42/$B$9 -> 0.94875677 | X42: =T42/$B$10 -> 0.96296736 | Y42: =$C$4 * (MAX(MAX(U42:X42) - $C$2, 0)) -> 0
A43: 2 | B43: 31.528336 | H43: 41 | I43: =INDEX(Random!$F$2:$F$10003,($H43-1)*$L$2 + I$2) -> -0.79190254 | J43: =INDEX(Random!$F$2:$F$10003,($H43-1)*$L$2 + J$2) -> -1.4708297 | K43: =INDEX(Random!$F$2:$F$10003,($H43-1)*$L$2 + K$2) -> -0.69430151 | L43: =INDEX(Random!$F$2:$F$10003,($H43-1)*$L$2 + L$2) -> 1.2303847 | M43: {=TRANSPOSE(MMULT($B$28:$E$31, TRANSPOSE(I43:L43)))} -> -0.79190254 | N43: -1.532049 | O43: -1.1052318 | P43: 0.24414527 | Q43: =$B$7 * EXP(($F$11 - $F$7 - $C$7*$C$7/2)*$C$3 + M43*$C$7*SQRT($C$3)) -> 1.1506501 | R43: =$B$8 * EXP(($F$11 - $F$8 - $C$8*$C$8/2)*$C$3 + N43*$C$8*SQRT($C$3)) -> 1.2776766 | S43: =$B$9 * EXP(($F$11 - $F$9 - $C$9*$C$9/2)*$C$3 + O43*$C$9*SQRT($C$3)) -> 0.0060152909 | T43: =$B$10 * EXP(($F$11 - $F$10 - $C$10*$C$10/2)*$C$3 + P43*$C$10*SQRT($C$3)) -> 0.7302162 | U43: =Q43/$B$7 -> 0.97927669 | V43: =R43/$B$8 -> 0.94572659 | W43: =S43/$B$9 -> 0.96090909 | X43: =T43/$B$10 -> 1.0099809 | Y43: =$C$4 * (MAX(MAX(U43:X43) - $C$2, 0)) -> 9.9809144
A44: 3 | B44: 31.714527 | H44: 42 | I44: =INDEX(Random!$F$2:$F$10003,($H44-1)*$L$2 + I$2) -> -1.2145721 | J44: =INDEX(Random!$F$2:$F$10003,($H44-1)*$L$2 + J$2) -> -1.1348284 | K44: =INDEX(Random!$F$2:$F$10003,($H44-1)*$L$2 + K$2) -> -0.044347735 | L44: =INDEX(Random!$F$2:$F$10003,($H44-1)*$L$2 + L$2) -> 0.70729611 | M44: {=TRANSPOSE(MMULT($B$28:$E$31, TRANSPOSE(I44:L44)))} -> -1.2145721 | N44: -1.6562996 | O44: -0.78581433 | P44: -0.33992536 | Q44: =$B$7 * EXP(($F$11 - $F$7 - $C$7*$C$7/2)*$C$3 + M44*$C$7*SQRT($C$3)) -> 1.1354318 | R44: =$B$8 * EXP(($F$11 - $F$8 - $C$8*$C$8/2)*$C$3 + N44*$C$8*SQRT($C$3)) -> 1.2719743 | S44: =$B$9 * EXP(($F$11 - $F$9 - $C$9*$C$9/2)*$C$3 + O44*$C$9*SQRT($C$3)) -> 0.0060975067 | T44: =$B$10 * EXP(($F$11 - $F$10 - $C$10*$C$10/2)*$C$3 + P44*$C$10*SQRT($C$3)) -> 0.71984141 | U44: =Q44/$B$7 -> 0.96632492 | V44: =R44/$B$8 -> 0.94150579 | W44: =S44/$B$9 -> 0.9740426 | X44: =T44/$B$10 -> 0.99563127 | Y44: =$C$4 * (MAX(MAX(U44:X44) - $C$2, 0)) -> 0
A45: 4 | B45: 31.497123 | H45: 43 | I45: =INDEX(Random!$F$2:$F$10003,($H45-1)*$L$2 + I$2) -> 1.0987856 | J45: =INDEX(Random!$F$2:$F$10003,($H45-1)*$L$2 + J$2) -> -0.039336575 | K45: =INDEX(Random!$F$2:$F$10003,($H45-1)*$L$2 + K$2) -> -0.92534877 | L45: =INDEX(Random!$F$2:$F$10003,($H45-1)*$L$2 + L$2) -> 1.2915863 | M45: {=TRANSPOSE(MMULT($B$28:$E$31, TRANSPOSE(I45:L45)))} -> 1.0987856 | N45: 0.83899834 | O45: -0.14968354 | P45: 1.6423931 | Q45: =$B$7 * EXP(($F$11 - $F$7 - $C$7*$C$7/2)*$C$3 + M45*$C$7*SQRT($C$3)) -> 1.2212608 | R45: =$B$8 * EXP(($F$11 - $F$8 - $C$8*$C$8/2)*$C$3 + N45*$C$8*SQRT($C$3)) -> 1.391526 | S45: =$B$9 * EXP(($F$11 - $F$9 - $C$9*$C$9/2)*$C$3 + O45*$C$9*SQRT($C$3)) -> 0.0062646048 | T45: =$B$10 * EXP(($F$11 - $F$10 - $C$10*$C$10/2)*$C$3 + P45*$C$10*SQRT($C$3)) -> 0.75566468 | U45: =Q45/$B$7 -> 1.0393709 | V45: =R45/$B$8 -> 1.0299971 | W45: =S45/$B$9 -> 1.0007356 | X45: =T45/$B$10 -> 1.0451794 | Y45: =$C$4 * (MAX(MAX(U45:X45) - $C$2, 0)) -> 45.179358
A46: 5 | B46: 31.167079 | H46: 44 | I46: =INDEX(Random!$F$2:$F$10003,($H46-1)*$L$2 + I$2) -> -0.35022317 | J46: =INDEX(Random!$F$2:$F$10003,($H46-1)*$L$2 + J$2) -> 0.013515742 | K46: =INDEX(Random!$F$2:$F$10003,($H46-1)*$L$2 + K$2) -> 0.73665841 | L46: =INDEX(Random!$F$2:$F$10003,($H46-1)*$L$2 + L$2) -> 0.16938929 | M46: {=TRANSPOSE(MMULT($B$28:$E$31, TRANSPOSE(I46:L46)))} -> -0.35022317 | N46: -0.26681465 | O46: 0.41243098 | P46: -0.057480089 | Q46: =$B$7 * EXP(($F$11 - $F$7 - $C$7*$C$7/2)*$C$3 + M46*$C$7*SQRT($C$3)) -> 1.1667709 | R46: =$B$8 * EXP(($F$11 - $F$8 - $C$8*$C$8/2)*$C$3 + N46*$C$8*SQRT($C$3)) -> 1.3372185 | S46: =$B$9 * EXP(($F$11 - $F$9 - $C$9*$C$9/2)*$C$3 + O46*$C$9*SQRT($C$3)) -> 0.0064160674 | T46: =$B$10 * EXP(($F$11 - $F$10 - $C$10*$C$10/2)*$C$3 + P46*$C$10*SQRT($C$3)) -> 0.72483992 | U46: =Q46/$B$7 -> 0.99299648 | V46: =R46/$B$8 -> 0.98979906 | W46: =S46/$B$9 -> 1.0249309 | X46: =T46/$B$10 -> 1.0025448 | Y46: =$C$4 * (MAX(MAX(U46:X46) - $C$2, 0)) -> 24.930896
A47: 6 | B47: 31.223562 | H47: 45 | I47: =INDEX(Random!$F$2:$F$10003,($H47-1)*$L$2 + I$2) -> 1.6989325 | J47: =INDEX(Random!$F$2:$F$10003,($H47-1)*$L$2 + J$2) -> 1.4736148 | K47: =INDEX(Random!$F$2:$F$10003,($H47-1)*$L$2 + K$2) -> 1.2953426 | L47: =INDEX(Random!$F$2:$F$10003,($H47-1)*$L$2 + L$2) -> 0.52453925 | M47: {=TRANSPOSE(MMULT($B$28:$E$31, TRANSPOSE(I47:L47)))} -> 1.6989325 | N47: 2.2464382 | O47: 2.1105803 | P47: 1.6625804 | Q47: =$B$7 * EXP(($F$11 - $F$7 - $C$7*$C$7/2)*$C$3 + M47*$C$7*SQRT($C$3)) -> 1.2445679 | R47: =$B$8 * EXP(($F$11 - $F$8 - $C$8*$C$8/2)*$C$3 + N47*$C$8*SQRT($C$3)) -> 1.4638484 | S47: =$B$9 * EXP(($F$11 - $F$9 - $C$9*$C$9/2)*$C$3 + O47*$C$9*SQRT($C$3)) -> 0.0068962427 | T47: =$B$10 * EXP(($F$11 - $F$10 - $C$10*$C$10/2)*$C$3 + P47*$C$10*SQRT($C$3)) -> 0.75603851 | U47: =Q47/$B$7 -> 1.0592067 | V47: =R47/$B$8 -> 1.0835295 | W47: =S47/$B$9 -> 1.1016362 | X47: =T47/$B$10 -> 1.0456964 | Y47: =$C$4 * (MAX(MAX(U47:X47) - $C$2, 0)) -> 101.63621
A48: 7 | B48: 31.858351 | H48: 46 | I48: =INDEX(Random!$F$2:$F$10003,($H48-1)*$L$2 + I$2) -> -1.9044745 | J48: =INDEX(Random!$F$2:$F$10003,($H48-1)*$L$2 + J$2) -> -1.515581 | K48: =INDEX(Random!$F$2:$F$10003,($H48-1)*$L$2 + K$2) -> 0.18264643 | L48: =INDEX(Random!$F$2:$F$10003,($H48-1)*$L$2 + L$2) -> -0.44954431 | M48: {=TRANSPOSE(MMULT($B$28:$E$31, TRANSPOSE(I48:L48)))} -> -1.9044745 | N48: -2.4338954 | O48: -1.0082541 | P48: -1.7385864 | Q48: =$B$7 * EXP(($F$11 - $F$7 - $C$7*$C$7/2)*$C$3 + M48*$C$7*SQRT($C$3)) -> 1.1110228 | R48: =$B$8 * EXP(($F$11 - $F$8 - $C$8*$C$8/2)*$C$3 + N48*$C$8*SQRT($C$3)) -> 1.2368611 | S48: =$B$9 * EXP(($F$11 - $F$9 - $C$9*$C$9/2)*$C$3 + O48*$C$9*SQRT($C$3)) -> 0.0060401344 | T48: =$B$10 * EXP(($F$11 - $F$10 - $C$10*$C$10/2)*$C$3 + P48*$C$10*SQRT($C$3)) -> 0.69559231 | U48: =Q48/$B$7 -> 0.94555136 | V48: =R48/$B$8 -> 0.91551527 | W48: =S48/$B$9 -> 0.9648777 | X48: =T48/$B$10 -> 0.96209172 | Y48: =$C$4 * (MAX(MAX(U48:X48) - $C$2, 0)) -> 0
A49: 8 | B49: 31.65745 | H49: 47 | I49: =INDEX(Random!$F$2:$F$10003,($H49-1)*$L$2 + I$2) -> -0.19142711 | J49: =INDEX(Random!$F$2:$F$10003,($H49-1)*$L$2 + J$2) -> 0.033502695 | K49: =INDEX(Random!$F$2:$F$10003,($H49-1)*$L$2 + K$2) -> 0.13121054 | L49: =INDEX(Random!$F$2:$F$10003,($H49-1)*$L$2 + L$2) -> -1.8157033 | M49: {=TRANSPOSE(MMULT($B$28:$E$31, TRANSPOSE(I49:L49)))} -> -0.19142711 | N49: -0.1296826 | O49: 0.0028981541 | P49: -1.5679806 | Q49: =$B$7 * EXP(($F$11 - $F$7 - $C$7*$C$7/2)*$C$3 + M49*$C$7*SQRT($C$3)) -> 1.1726218 | R49: =$B$8 * EXP(($F$11 - $F$8 - $C$8*$C$8/2)*$C$3 + N49*$C$8*SQRT($C$3)) -> 1.3438364 | S49: =$B$9 * EXP(($F$11 - $F$9 - $C$9*$C$9/2)*$C$3 + O49*$C$9*SQRT($C$3)) -> 0.006305361 | T49: =$B$10 * EXP(($F$11 - $F$10 - $C$10*$C$10/2)*$C$3 + P49*$C$10*SQRT($C$3)) -> 0.69850586 | U49: =Q49/$B$7 -> 0.99797597 | V49: =R49/$B$8 -> 0.99469753 | W49: =S49/$B$9 -> 1.0072462 | X49: =T49/$B$10 -> 0.96612153 | Y49: =$C$4 * (MAX(MAX(U49:X49) - $C$2, 0)) -> 7.2461739
A50: 9 | B50: 31.870333 | H50: 48 | I50: =INDEX(Random!$F$2:$F$10003,($H50-1)*$L$2 + I$2) -> -0.28649081 | J50: =INDEX(Random!$F$2:$F$10003,($H50-1)*$L$2 + J$2) -> 3.0040195 | K50: =INDEX(Random!$F$2:$F$10003,($H50-1)*$L$2 + K$2) -> 0.50657076 | L50: =INDEX(Random!$F$2:$F$10003,($H50-1)*$L$2 + L$2) -> -1.4943402 | M50: {=TRANSPOSE(MMULT($B$28:$E$31, TRANSPOSE(I50:L50)))} -> -0.28649081 | N50: 1.6331552 | O50: 0.43647839 | P50: -0.69543068 | Q50: =$B$7 * EXP(($F$11 - $F$7 - $C$7*$C$7/2)*$C$3 + M50*$C$7*SQRT($C$3)) -> 1.1691156 | R50: =$B$8 * EXP(($F$11 - $F$8 - $C$8*$C$8/2)*$C$3 + N50*$C$8*SQRT($C$3)) -> 1.4318834 | S50: =$B$9 * EXP(($F$11 - $F$9 - $C$9*$C$9/2)*$C$3 + O50*$C$9*SQRT($C$3)) -> 0.0064226281 | T50: =$B$10 * EXP(($F$11 - $F$10 - $C$10*$C$10/2)*$C$3 + P50*$C$10*SQRT($C$3)) -> 0.7135989 | U50: =Q50/$B$7 -> 0.994992 | V50: =R50/$B$8 -> 1.0598693 | W50: =S50/$B$9 -> 1.0259789 | X50: =T50/$B$10 -> 0.9869971 | Y50: =$C$4 * (MAX(MAX(U50:X50) - $C$2, 0)) -> 59.869289
A51: 10 | B51: 31.524198 | H51: 49 | I51: =INDEX(Random!$F$2:$F$10003,($H51-1)*$L$2 + I$2) -> -0.29093213 | J51: =INDEX(Random!$F$2:$F$10003,($H51-1)*$L$2 + J$2) -> 1.7727671 | K51: =INDEX(Random!$F$2:$F$10003,($H51-1)*$L$2 + K$2) -> -0.67303217 | L51: =INDEX(Random!$F$2:$F$10003,($H51-1)*$L$2 + L$2) -> -1.178126 | M51: {=TRANSPOSE(MMULT($B$28:$E$31, TRANSPOSE(I51:L51)))} -> -0.29093213 | N51: 0.86802572 | O51: -0.61323012 | P51: -0.70585894 | Q51: =$B$7 * EXP(($F$11 - $F$7 - $C$7*$C$7/2)*$C$3 + M51*$C$7*SQRT($C$3)) -> 1.168952 | R51: =$B$8 * EXP(($F$11 - $F$8 - $C$8*$C$8/2)*$C$3 + N51*$C$8*SQRT($C$3)) -> 1.3929809 | S51: =$B$9 * EXP(($F$11 - $F$9 - $C$9*$C$9/2)*$C$3 + O51*$C$9*SQRT($C$3)) -> 0.0061423953 | T51: =$B$10 * EXP(($F$11 - $F$10 - $C$10*$C$10/2)*$C$3 + P51*$C$10*SQRT($C$3)) -> 0.71341661 | U51: =Q51/$B$7 -> 0.99485281 | V51: =R51/$B$8 -> 1.0310739 | W51: =S51/$B$9 -> 0.98121331 | X51: =T51/$B$10 -> 0.98674496 | Y51: =$C$4 * (MAX(MAX(U51:X51) - $C$2, 0)) -> 31.073947
A52: 11 | B52: 31.600175 | H52: 50 | I52: =INDEX(Random!$F$2:$F$10003,($H52-1)*$L$2 + I$2) -> -0.63206489 | J52: =INDEX(Random!$F$2:$F$10003,($H52-1)*$L$2 + J$2) -> 0.59049889 | K52: =INDEX(Random!$F$2:$F$10003,($H52-1)*$L$2 + K$2) -> -0.62036168 | L52: =INDEX(Random!$F$2:$F$10003,($H52-1)*$L$2 + L$2) -> 1.851038 | M52: {=TRANSPOSE(MMULT($B$28:$E$31, TRANSPOSE(I52:L52)))} -> -0.63206489 | N52: -0.13134596 | O52: -0.83164022 | P52: 1.296007 | Q52: =$B$7 * EXP(($F$11 - $F$7 - $C$7*$C$7/2)*$C$3 + M52*$C$7*SQRT($C$3)) -> 1.1564581 | R52: =$B$8 * EXP(($F$11 - $F$8 - $C$8*$C$8/2)*$C$3 + N52*$C$8*SQRT($C$3)) -> 1.3437559 | S52: =$B$9 * EXP(($F$11 - $F$9 - $C$9*$C$9/2)*$C$3 + O52*$C$9*SQRT($C$3)) -> 0.0060856428 | T52: =$B$10 * EXP(($F$11 - $F$10 - $C$10*$C$10/2)*$C$3 + P52*$C$10*SQRT($C$3)) -> 0.74927889 | U52: =Q52/$B$7 -> 0.98421967 | V52: =R52/$B$8 -> 0.99463797 | W52: =S52/$B$9 -> 0.97214741 | X52: =T52/$B$10 -> 1.036347 | Y52: =$C$4 * (MAX(MAX(U52:X52) - $C$2, 0)) -> 36.347017
A53: 12 | B53: 31.378143 | H53: 51 | I53: =INDEX(Random!$F$2:$F$10003,($H53-1)*$L$2 + I$2) -> -0.33808184 | J53: =INDEX(Random!$F$2:$F$10003,($H53-1)*$L$2 + J$2) -> 1.1248831 | K53: =INDEX(Random!$F$2:$F$10003,($H53-1)*$L$2 + K$2) -> -0.36602298 | L53: =INDEX(Random!$F$2:$F$10003,($H53-1)*$L$2 + L$2) -> -1.0607678 | M53: {=TRANSPOSE(MMULT($B$28:$E$31, TRANSPOSE(I53:L53)))} -> -0.33808184 | N53: 0.43020519 | O53: -0.424848 | P53: -0.78534041 | Q53: =$B$7 * EXP(($F$11 - $F$7 - $C$7*$C$7/2)*$C$3 + M53*$C$7*SQRT($C$3)) -> 1.1672172 | R53: =$B$8 * EXP(($F$11 - $F$8 - $C$8*$C$8/2)*$C$3 + N53*$C$8*SQRT($C$3)) -> 1.3711975 | S53: =$B$9 * EXP(($F$11 - $F$9 - $C$9*$C$9/2)*$C$3 + O53*$C$9*SQRT($C$3)) -> 0.0061917702 | T53: =$B$10 * EXP(($F$11 - $F$10 - $C$10*$C$10/2)*$C$3 + P53*$C$10*SQRT($C$3)) -> 0.71202873 | U53: =Q53/$B$7 -> 0.99337633 | V53: =R53/$B$8 -> 1.01495 | W53: =S53/$B$9 -> 0.98910067 | X53: =T53/$B$10 -> 0.98482535 | Y53: =$C$4 * (MAX(MAX(U53:X53) - $C$2, 0)) -> 14.950037
... A61: 20 | B61: 31.688314 | H61: 59 | I61: =INDEX(Random!$F$2:$F$10003,($H61-1)*$L$2 + I$2) -> -0.38515053 | J61: =INDEX(Random!$F$2:$F$10003,($H61-1)*$L$2 + J$2) -> 1.2180627 | K61: =INDEX(Random!$F$2:$F$10003,($H61-1)*$L$2 + K$2) -> 1.6744965 | L61: =INDEX(Random!$F$2:$F$10003,($H61-1)*$L$2 + L$2) -> -0.0875683 | M61: {=TRANSPOSE(MMULT($B$28:$E$31, TRANSPOSE(I61:L61)))} -> -0.38515053 | N61: 0.45086262 | O61: 1.2388644 | P61: -0.023790647 | Q61: =$B$7 * EXP(($F$11 - $F$7 - $C$7*$C$7/2)*$C$3 + M61*$C$7*SQRT($C$3)) -> 1.1654879 | R61: =$B$8 * EXP(($F$11 - $F$8 - $C$8*$C$8/2)*$C$3 + N61*$C$8*SQRT($C$3)) -> 1.3722176 | S61: =$B$9 * EXP(($F$11 - $F$9 - $C$9*$C$9/2)*$C$3 + O61*$C$9*SQRT($C$3)) -> 0.006645426 | T61: =$B$10 * EXP(($F$11 - $F$10 - $C$10*$C$10/2)*$C$3 + P61*$C$10*SQRT($C$3)) -> 0.72543845 | U61: =Q61/$B$7 -> 0.99190458 | V61: =R61/$B$8 -> 1.0157051 | W61: =S61/$B$9 -> 1.0615696 | X61: =T61/$B$10 -> 1.0033727 | Y61: =$C$4 * (MAX(MAX(U61:X61) - $C$2, 0)) -> 61.569646
H62: 60 | I62: =INDEX(Random!$F$2:$F$10003,($H62-1)*$L$2 + I$2) -> -0.46789168 | J62: =INDEX(Random!$F$2:$F$10003,($H62-1)*$L$2 + J$2) -> -0.2779581 | K62: =INDEX(Random!$F$2:$F$10003,($H62-1)*$L$2 + K$2) -> 1.2825018 | L62: =INDEX(Random!$F$2:$F$10003,($H62-1)*$L$2 + L$2) -> 1.6012667 | M62: {=TRANSPOSE(MMULT($B$28:$E$31, TRANSPOSE(I62:L62)))} -> -0.46789168 | N62: -0.53957116 | O62: 0.77965512 | P62: 0.9669054 | Q62: =$B$7 * EXP(($F$11 - $F$7 - $C$7*$C$7/2)*$C$3 + M62*$C$7*SQRT($C$3)) -> 1.1624542 | R62: =$B$8 * EXP(($F$11 - $F$8 - $C$8*$C$8/2)*$C$3 + N62*$C$8*SQRT($C$3)) -> 1.3241523 | S62: =$B$9 * EXP(($F$11 - $F$9 - $C$9*$C$9/2)*$C$3 + O62*$C$9*SQRT($C$3)) -> 0.0065169886 | T62: =$B$10 * EXP(($F$11 - $F$10 - $C$10*$C$10/2)*$C$3 + P62*$C$10*SQRT($C$3)) -> 0.74326176 | U62: =Q62/$B$7 -> 0.9893227 | V62: =R62/$B$8 -> 0.98012755 | W62: =S62/$B$9 -> 1.0410525 | X62: =T62/$B$10 -> 1.0280246 | Y62: =$C$4 * (MAX(MAX(U62:X62) - $C$2, 0)) -> 41.052497
A63: Mean | B63: =AVERAGE(B42:B61) -> 31.515862 | H63: 61 | I63: =INDEX(Random!$F$2:$F$10003,($H63-1)*$L$2 + I$2) -> 0.14780736 | J63: =INDEX(Random!$F$2:$F$10003,($H63-1)*$L$2 + J$2) -> 0.11756704 | K63: =INDEX(Random!$F$2:$F$10003,($H63-1)*$L$2 + K$2) -> -0.45645903 | L63: =INDEX(Random!$F$2:$F$10003,($H63-1)*$L$2 + L$2) -> -0.67331445 | M63: {=TRANSPOSE(MMULT($B$28:$E$31, TRANSPOSE(I63:L63)))} -> 0.14780736 | N63: 0.1888601 | O63: -0.28688416 | P63: -0.43382402 | Q63: =$B$7 * EXP(($F$11 - $F$7 - $C$7*$C$7/2)*$C$3 + M63*$C$7*SQRT($C$3)) -> 1.1852195 | R63: =$B$8 * EXP(($F$11 - $F$8 - $C$8*$C$8/2)*$C$3 + N63*$C$8*SQRT($C$3)) -> 1.3593356 | S63: =$B$9 * EXP(($F$11 - $F$9 - $C$9*$C$9/2)*$C$3 + O63*$C$9*SQRT($C$3)) -> 0.006228182 | T63: =$B$10 * EXP(($F$11 - $F$10 - $C$10*$C$10/2)*$C$3 + P63*$C$10*SQRT($C$3)) -> 0.71818731 | U63: =Q63/$B$7 -> 1.0086974 | V63: =R63/$B$8 -> 1.0061699 | W63: =S63/$B$9 -> 0.99491726 | X63: =T63/$B$10 -> 0.99334344 | Y63: =$C$4 * (MAX(MAX(U63:X63) - $C$2, 0)) -> 8.6974116
A64: Std Dev | B64: =_xlfn.STDEV.S(B42:B61) -> 0.21348582 | H64: 62 | I64: =INDEX(Random!$F$2:$F$10003,($H64-1)*$L$2 + I$2) -> 0.79126275 | J64: =INDEX(Random!$F$2:$F$10003,($H64-1)*$L$2 + J$2) -> 1.421711 | K64: =INDEX(Random!$F$2:$F$10003,($H64-1)*$L$2 + K$2) -> -0.41542861 | L64: =INDEX(Random!$F$2:$F$10003,($H64-1)*$L$2 + L$2) -> 0.58783493 | M64: {=TRANSPOSE(MMULT($B$28:$E$31, TRANSPOSE(I64:L64)))} -> 0.79126275 | N64: 1.5011621 | O64: 0.18579621 | P64: 1.2288576 | Q64: =$B$7 * EXP(($F$11 - $F$7 - $C$7*$C$7/2)*$C$3 + M64*$C$7*SQRT($C$3)) -> 1.2094876 | R64: =$B$8 * EXP(($F$11 - $F$8 - $C$8*$C$8/2)*$C$3 + N64*$C$8*SQRT($C$3)) -> 1.4250956 | S64: =$B$9 * EXP(($F$11 - $F$9 - $C$9*$C$9/2)*$C$3 + O64*$C$9*SQRT($C$3)) -> 0.0063545647 | T64: =$B$10 * EXP(($F$11 - $F$10 - $C$10*$C$10/2)*$C$3 + P64*$C$10*SQRT($C$3)) -> 0.74804722 | U64: =Q64/$B$7 -> 1.0293511 | V64: =R64/$B$8 -> 1.054845 | W64: =S64/$B$9 -> 1.0151062 | X64: =T64/$B$10 -> 1.0346435 | Y64: =$C$4 * (MAX(MAX(U64:X64) - $C$2, 0)) -> 54.844998
A65: Std Dev, % | B65: =B64/B63 -> 0.0067739165 | H65: 63 | I65: =INDEX(Random!$F$2:$F$10003,($H65-1)*$L$2 + I$2) -> -1.0775266 | J65: =INDEX(Random!$F$2:$F$10003,($H65-1)*$L$2 + J$2) -> 2.3245838 | K65: =INDEX(Random!$F$2:$F$10003,($H65-1)*$L$2 + K$2) -> -2.1492981 | L65: =INDEX(Random!$F$2:$F$10003,($H65-1)*$L$2 + L$2) -> 1.5711247 | M65: {=TRANSPOSE(MMULT($B$28:$E$31, TRANSPOSE(I65:L65)))} -> -1.0775266 | N65: 0.59133523 | O65: -2.2404918 | P65: 1.2343478 | Q65: =$B$7 * EXP(($F$11 - $F$7 - $C$7*$C$7/2)*$C$3 + M65*$C$7*SQRT($C$3)) -> 1.140344 | R65: =$B$8 * EXP(($F$11 - $F$8 - $C$8*$C$8/2)*$C$3 + N65*$C$8*SQRT($C$3)) -> 1.3791745 | S65: =$B$9 * EXP(($F$11 - $F$9 - $C$9*$C$9/2)*$C$3 + O65*$C$9*SQRT($C$3)) -> 0.0057319521 | T65: =$B$10 * EXP(($F$11 - $F$10 - $C$10*$C$10/2)*$C$3 + P65*$C$10*SQRT($C$3)) -> 0.74814785 | U65: =Q65/$B$7 -> 0.97050549 | V65: =R65/$B$8 -> 1.0208545 | W65: =S65/$B$9 -> 0.9156473 | X65: =T65/$B$10 -> 1.0347826 | Y65: =$C$4 * (MAX(MAX(U65:X65) - $C$2, 0)) -> 34.782641
H66: 64 | I66: =INDEX(Random!$F$2:$F$10003,($H66-1)*$L$2 + I$2) -> 0.18348877 | J66: =INDEX(Random!$F$2:$F$10003,($H66-1)*$L$2 + J$2) -> -0.5884975 | K66: =INDEX(Random!$F$2:$F$10003,($H66-1)*$L$2 + K$2) -> -1.1416854 | L66: =INDEX(Random!$F$2:$F$10003,($H66-1)*$L$2 + L$2) -> -0.26244375 | M66: {=TRANSPOSE(MMULT($B$28:$E$31, TRANSPOSE(I66:L66)))} -> 0.18348877 | N66: -0.21986867 | O66: -0.8746385 | P66: -0.23311525 | Q66: =$B$7 * EXP(($F$11 - $F$7 - $C$7*$C$7/2)*$C$3 + M66*$C$7*SQRT($C$3)) -> 1.1865524 | R66: =$B$8 * EXP(($F$11 - $F$8 - $C$8*$C$8/2)*$C$3 + N66*$C$8*SQRT($C$3)) -> 1.3394804 | S66: =$B$9 * EXP(($F$11 - $F$9 - $C$9*$C$9/2)*$C$3 + O66*$C$9*SQRT($C$3)) -> 0.0060745318 | T66: =$B$10 * EXP(($F$11 - $F$10 - $C$10*$C$10/2)*$C$3 + P66*$C$10*SQRT($C$3)) -> 0.72172759 | U66: =Q66/$B$7 -> 1.0098318 | V66: =R66/$B$8 -> 0.99147329 | W66: =S66/$B$9 -> 0.9703725 | X66: =T66/$B$10 -> 0.9982401 | Y66: =$C$4 * (MAX(MAX(U66:X66) - $C$2, 0)) -> 9.8317888
H67: 65 | I67: =INDEX(Random!$F$2:$F$10003,($H67-1)*$L$2 + I$2) -> 1.6749552 | J67: =INDEX(Random!$F$2:$F$10003,($H67-1)*$L$2 + J$2) -> 0.35415635 | K67: =INDEX(Random!$F$2:$F$10003,($H67-1)*$L$2 + K$2) -> 0.47407409 | L67: =INDEX(Random!$F$2:$F$10003,($H67-1)*$L$2 + L$2) -> -0.96541947 | M67: {=TRANSPOSE(MMULT($B$28:$E$31, TRANSPOSE(I67:L67)))} -> 1.6749552 | N67: 1.5351137 | O67: 1.3523987 | P67: 0.20017015 | Q67: =$B$7 * EXP(($F$11 - $F$7 - $C$7*$C$7/2)*$C$3 + M67*$C$7*SQRT($C$3)) -> 1.2436282 | R67: =$B$8 * EXP(($F$11 - $F$8 - $C$8*$C$8/2)*$C$3 + N67*$C$8*SQRT($C$3)) -> 1.4268385 | S67: =$B$9 * EXP(($F$11 - $F$9 - $C$9*$C$9/2)*$C$3 + O67*$C$9*SQRT($C$3)) -> 0.006677569 | T67: =$B$10 * EXP(($F$11 - $F$10 - $C$10*$C$10/2)*$C$3 + P67*$C$10*SQRT($C$3)) -> 0.7294299 | U67: =Q67/$B$7 -> 1.058407 | V67: =R67/$B$8 -> 1.0561351 | W67: =S67/$B$9 -> 1.0667043 | X67: =T67/$B$10 -> 1.0088934 | Y67: =$C$4 * (MAX(MAX(U67:X67) - $C$2, 0)) -> 66.70432
H68: 66 | I68: =INDEX(Random!$F$2:$F$10003,($H68-1)*$L$2 + I$2) -> -0.42205977 | J68: =INDEX(Random!$F$2:$F$10003,($H68-1)*$L$2 + J$2) -> 0.65071882 | K68: =INDEX(Random!$F$2:$F$10003,($H68-1)*$L$2 + K$2) -> 0.56611331 | L68: =INDEX(Random!$F$2:$F$10003,($H68-1)*$L$2 + L$2) -> 2.1533465 | M68: {=TRANSPOSE(MMULT($B$28:$E$31, TRANSPOSE(I68:L68)))} -> -0.42205977 | N68: 0.07090949 | O68: 0.26930151 | P68: 1.6553404 | Q68: =$B$7 * EXP(($F$11 - $F$7 - $C$7*$C$7/2)*$C$3 + M68*$C$7*SQRT($C$3)) -> 1.1641336 | R68: =$B$8 * EXP(($F$11 - $F$8 - $C$8*$C$8/2)*$C$3 + N68*$C$8*SQRT($C$3)) -> 1.3535758 | S68: =$B$9 * EXP(($F$11 - $F$9 - $C$9*$C$9/2)*$C$3 + O68*$C$9*SQRT($C$3)) -> 0.0063771569 | T68: =$B$10 * EXP(($F$11 - $F$10 - $C$10*$C$10/2)*$C$3 + P68*$C$10*SQRT($C$3)) -> 0.75590442 | U68: =Q68/$B$7 -> 0.99075202 | V68: =R68/$B$8 -> 1.0019066 | W68: =S68/$B$9 -> 1.0187152 | X68: =T68/$B$10 -> 1.045511 | Y68: =$C$4 * (MAX(MAX(U68:X68) - $C$2, 0)) -> 45.510952
H69: 67 | I69: =INDEX(Random!$F$2:$F$10003,($H69-1)*$L$2 + I$2) -> 0.7226151 | J69: =INDEX(Random!$F$2:$F$10003,($H69-1)*$L$2 + J$2) -> -0.43169873 | K69: =INDEX(Random!$F$2:$F$10003,($H69-1)*$L$2 + K$2) -> -0.56222676 | L69: =INDEX(Random!$F$2:$F$10003,($H69-1)*$L$2 + L$2) -> 1.0302593 | M69: {=TRANSPOSE(MMULT($B$28:$E$31, TRANSPOSE(I69:L69)))} -> 0.7226151 | N69: 0.30072467 | O69: -0.084380314 | P69: 1.1348304 | Q69: =$B$7 * EXP(($F$11 - $F$7 - $C$7*$C$7/2)*$C$3 + M69*$C$7*SQRT($C$3)) -> 1.206875 | R69: =$B$8 * EXP(($F$11 - $F$8 - $C$8*$C$8/2)*$C$3 + N69*$C$8*SQRT($C$3)) -> 1.3648208 | S69: =$B$9 * EXP(($F$11 - $F$9 - $C$9*$C$9/2)*$C$3 + O69*$C$9*SQRT($C$3)) -> 0.0062820157 | T69: =$B$10 * EXP(($F$11 - $F$10 - $C$10*$C$10/2)*$C$3 + P69*$C$10*SQRT($C$3)) -> 0.74632596 | U69: =Q69/$B$7 -> 1.0271277 | V69: =R69/$B$8 -> 1.0102301 | W69: =S69/$B$9 -> 1.0035169 | X69: =T69/$B$10 -> 1.0322627 | Y69: =$C$4 * (MAX(MAX(U69:X69) - $C$2, 0)) -> 32.262732
H70: 68 | I70: =INDEX(Random!$F$2:$F$10003,($H70-1)*$L$2 + I$2) -> 0.35614289 | J70: =INDEX(Random!$F$2:$F$10003,($H70-1)*$L$2 + J$2) -> 0.25246204 | K70: =INDEX(Random!$F$2:$F$10003,($H70-1)*$L$2 + K$2) -> -1.3255674 | L70: =INDEX(Random!$F$2:$F$10003,($H70-1)*$L$2 + L$2) -> 0.40636932 | M70: {=TRANSPOSE(MMULT($B$28:$E$31, TRANSPOSE(I70:L70)))} -> 0.35614289 | N70: 0.43599694 | O70: -0.87943663 | P70: 0.5930975 | Q70: =$B$7 * EXP(($F$11 - $F$7 - $C$7*$C$7/2)*$C$3 + M70*$C$7*SQRT($C$3)) -> 1.1930231 | R70: =$B$8 * EXP(($F$11 - $F$8 - $C$8*$C$8/2)*$C$3 + N70*$C$8*SQRT($C$3)) -> 1.3714834 | S70: =$B$9 * EXP(($F$11 - $F$9 - $C$9*$C$9/2)*$C$3 + O70*$C$9*SQRT($C$3)) -> 0.0060732933 | T70: =$B$10 * EXP(($F$11 - $F$10 - $C$10*$C$10/2)*$C$3 + P70*$C$10*SQRT($C$3)) -> 0.73648582 | U70: =Q70/$B$7 -> 1.0153388 | V70: =R70/$B$8 -> 1.0151617 | W70: =S70/$B$9 -> 0.97017464 | X70: =T70/$B$10 -> 1.0186526 | Y70: =$C$4 * (MAX(MAX(U70:X70) - $C$2, 0)) -> 18.65259
H71: 69 | I71: =INDEX(Random!$F$2:$F$10003,($H71-1)*$L$2 + I$2) -> 1.5889861 | J71: =INDEX(Random!$F$2:$F$10003,($H71-1)*$L$2 + J$2) -> -0.55122348 | K71: =INDEX(Random!$F$2:$F$10003,($H71-1)*$L$2 + K$2) -> -0.46125857 | L71: =INDEX(Random!$F$2:$F$10003,($H71-1)*$L$2 + L$2) -> -1.5581412 | M71: {=TRANSPOSE(MMULT($B$28:$E$31, TRANSPOSE(I71:L71)))} -> 1.5889861 | N71: 0.907508 | O71: 0.47802216 | P71: -0.51986862 | Q71: =$B$7 * EXP(($F$11 - $F$7 - $C$7*$C$7/2)*$C$3 + M71*$C$7*SQRT($C$3)) -> 1.240265 | R71: =$B$8 * EXP(($F$11 - $F$8 - $C$8*$C$8/2)*$C$3 + N71*$C$8*SQRT($C$3)) -> 1.3949622 | S71: =$B$9 * EXP(($F$11 - $F$9 - $C$9*$C$9/2)*$C$3 + O71*$C$9*SQRT($C$3)) -> 0.006433978 | T71: =$B$10 * EXP(($F$11 - $F$10 - $C$10*$C$10/2)*$C$3 + P71*$C$10*SQRT($C$3)) -> 0.7166749 | U71: =Q71/$B$7 -> 1.0555447 | V71: =R71/$B$8 -> 1.0325405 | W71: =S71/$B$9 -> 1.027792 | X71: =T71/$B$10 -> 0.99125159 | Y71: =$C$4 * (MAX(MAX(U71:X71) - $C$2, 0)) -> 55.544701
H72: 70 | I72: =INDEX(Random!$F$2:$F$10003,($H72-1)*$L$2 + I$2) -> 1.6111084 | J72: =INDEX(Random!$F$2:$F$10003,($H72-1)*$L$2 + J$2) -> 0.6256355 | K72: =INDEX(Random!$F$2:$F$10003,($H72-1)*$L$2 + K$2) -> 0.46014023 | L72: =INDEX(Random!$F$2:$F$10003,($H72-1)*$L$2 + L$2) -> 0.18288603 | M72: {=TRANSPOSE(MMULT($B$28:$E$31, TRANSPOSE(I72:L72)))} -> 1.6111084 | N72: 1.6528825 | O72: 1.3212476 | P72: 1.156681 | Q72: =$B$7 * EXP(($F$11 - $F$7 - $C$7*$C$7/2)*$C$3 + M72*$C$7*SQRT($C$3)) -> 1.2411296 | R72: =$B$8 * EXP(($F$11 - $F$8 - $C$8*$C$8/2)*$C$3 + N72*$C$8*SQRT($C$3)) -> 1.4329007 | S72: =$B$9 * EXP(($F$11 - $F$9 - $C$9*$C$9/2)*$C$3 + O72*$C$9*SQRT($C$3)) -> 0.0066687343 | T72: =$B$10 * EXP(($F$11 - $F$10 - $C$10*$C$10/2)*$C$3 + P72*$C$10*SQRT($C$3)) -> 0.7467256 | U72: =Q72/$B$7 -> 1.0562805 | V72: =R72/$B$8 -> 1.0606223 | W72: =S72/$B$9 -> 1.065293 | X72: =T72/$B$10 -> 1.0328155 | Y72: =$C$4 * (MAX(MAX(U72:X72) - $C$2, 0)) -> 65.293019
H73: 71 | I73: =INDEX(Random!$F$2:$F$10003,($H73-1)*$L$2 + I$2) -> 1.0992154 | J73: =INDEX(Random!$F$2:$F$10003,($H73-1)*$L$2 + J$2) -> -2.3402067 | K73: =INDEX(Random!$F$2:$F$10003,($H73-1)*$L$2 + K$2) -> -0.97350506 | L73: =INDEX(Random!$F$2:$F$10003,($H73-1)*$L$2 + L$2) -> -2.2473107 | M73: {=TRANSPOSE(MMULT($B$28:$E$31, TRANSPOSE(I73:L73)))} -> 1.0992154 | N73: -0.5839582 | O73: -0.32633063 | P73: -1.7400107 | Q73: =$B$7 * EXP(($F$11 - $F$7 - $C$7*$C$7/2)*$C$3 + M73*$C$7*SQRT($C$3)) -> 1.2212773 | R73: =$B$8 * EXP(($F$11 - $F$8 - $C$8*$C$8/2)*$C$3 + N73*$C$8*SQRT($C$3)) -> 1.3220381 | S73: =$B$9 * EXP(($F$11 - $F$9 - $C$9*$C$9/2)*$C$3 + O73*$C$9*SQRT($C$3)) -> 0.0062177494 | T73: =$B$10 * EXP(($F$11 - $F$10 - $C$10*$C$10/2)*$C$3 + P73*$C$10*SQRT($C$3)) -> 0.69556804 | U73: =Q73/$B$7 -> 1.039385 | V73: =R73/$B$8 -> 0.97856262 | W73: =S73/$B$9 -> 0.9932507 | X73: =T73/$B$10 -> 0.96205815 | Y73: =$C$4 * (MAX(MAX(U73:X73) - $C$2, 0)) -> 39.384968
H74: 72 | I74: =INDEX(Random!$F$2:$F$10003,($H74-1)*$L$2 + I$2) -> -0.77144961 | J74: =INDEX(Random!$F$2:$F$10003,($H74-1)*$L$2 + J$2) -> -0.67078281 | K74: =INDEX(Random!$F$2:$F$10003,($H74-1)*$L$2 + K$2) -> 0.47685784 | L74: =INDEX(Random!$F$2:$F$10003,($H74-1)*$L$2 + L$2) -> -1.6943053 | M74: {=TRANSPOSE(MMULT($B$28:$E$31, TRANSPOSE(I74:L74)))} -> -0.77144961 | N74: -1.0210782 | O74: -0.079208894 | P74: -1.9459921 | Q74: =$B$7 * EXP(($F$11 - $F$7 - $C$7*$C$7/2)*$C$3 + M74*$C$7*SQRT($C$3)) -> 1.1513917 | R74: =$B$8 * EXP(($F$11 - $F$8 - $C$8*$C$8/2)*$C$3 + N74*$C$8*SQRT($C$3)) -> 1.3013969 | S74: =$B$9 * EXP(($F$11 - $F$9 - $C$9*$C$9/2)*$C$3 + O74*$C$9*SQRT($C$3)) -> 0.0062833965 | T74: =$B$10 * EXP(($F$11 - $F$10 - $C$10*$C$10/2)*$C$3 + P74*$C$10*SQRT($C$3)) -> 0.69206667 | U74: =Q74/$B$7 -> 0.97990781 | V74: =R74/$B$8 -> 0.96328418 | W74: =S74/$B$9 -> 1.0037375 | X74: =T74/$B$10 -> 0.95721531 | Y74: =$C$4 * (MAX(MAX(U74:X74) - $C$2, 0)) -> 3.737464
H75: 73 | I75: =INDEX(Random!$F$2:$F$10003,($H75-1)*$L$2 + I$2) -> -0.84853883 | J75: =INDEX(Random!$F$2:$F$10003,($H75-1)*$L$2 + J$2) -> 2.2461962 | K75: =INDEX(Random!$F$2:$F$10003,($H75-1)*$L$2 + K$2) -> -1.5574808 | L75: =INDEX(Random!$F$2:$F$10003,($H75-1)*$L$2 + L$2) -> 0.59980618 | M75: {=TRANSPOSE(MMULT($B$28:$E$31, TRANSPOSE(I75:L75)))} -> -0.84853883 | N75: 0.72276448 | O75: -1.6280846 | P75: 0.54781429 | Q75: =$B$7 * EXP(($F$11 - $F$7 - $C$7*$C$7/2)*$C$3 + M75*$C$7*SQRT($C$3)) -> 1.1485991 | R75: =$B$8 * EXP(($F$11 - $F$8 - $C$8*$C$8/2)*$C$3 + N75*$C$8*SQRT($C$3)) -> 1.3857155 | S75: =$B$9 * EXP(($F$11 - $F$9 - $C$9*$C$9/2)*$C$3 + O75*$C$9*SQRT($C$3)) -> 0.0058830978 | T75: =$B$10 * EXP(($F$11 - $F$10 - $C$10*$C$10/2)*$C$3 + P75*$C$10*SQRT($C$3)) -> 0.73566919 | U75: =Q75/$B$7 -> 0.97753117 | V75: =R75/$B$8 -> 1.0256961 | W75: =S75/$B$9 -> 0.93979198 | X75: =T75/$B$10 -> 1.0175231 | Y75: =$C$4 * (MAX(MAX(U75:X75) - $C$2, 0)) -> 25.696118
H76: 74 | I76: =INDEX(Random!$F$2:$F$10003,($H76-1)*$L$2 + I$2) -> -0.22764178 | J76: =INDEX(Random!$F$2:$F$10003,($H76-1)*$L$2 + J$2) -> -0.543103 | K76: =INDEX(Random!$F$2:$F$10003,($H76-1)*$L$2 + K$2) -> 1.7482948 | L76: =INDEX(Random!$F$2:$F$10003,($H76-1)*$L$2 + L$2) -> -0.86964766 | M76: {=TRANSPOSE(MMULT($B$28:$E$31, TRANSPOSE(I76:L76)))} -> -0.22764178 | N76: -0.51481925 | O76: 1.2832107 | P76: -0.96855148 | Q76: =$B$7 * EXP(($F$11 - $F$7 - $C$7*$C$7/2)*$C$3 + M76*$C$7*SQRT($C$3)) -> 1.1712848 | R76: =$B$8 * EXP(($F$11 - $F$8 - $C$8*$C$8/2)*$C$3 + N76*$C$8*SQRT($C$3)) -> 1.3253328 | S76: =$B$9 * EXP(($F$11 - $F$9 - $C$9*$C$9/2)*$C$3 + O76*$C$9*SQRT($C$3)) -> 0.0066579626 | T76: =$B$10 * EXP(($F$11 - $F$10 - $C$10*$C$10/2)*$C$3 + P76*$C$10*SQRT($C$3)) -> 0.70883983 | U76: =Q76/$B$7 -> 0.99683817 | V76: =R76/$B$8 -> 0.9810013 | W76: =S76/$B$9 -> 1.0635723 | X76: =T76/$B$10 -> 0.9804147 | Y76: =$C$4 * (MAX(MAX(U76:X76) - $C$2, 0)) -> 63.572293
H77: 75 | I77: =INDEX(Random!$F$2:$F$10003,($H77-1)*$L$2 + I$2) -> 1.4784269 | J77: =INDEX(Random!$F$2:$F$10003,($H77-1)*$L$2 + J$2) -> -1.4022514 | K77: =INDEX(Random!$F$2:$F$10003,($H77-1)*$L$2 + K$2) -> 1.7350352 | L77: =INDEX(Random!$F$2:$F$10003,($H77-1)*$L$2 + L$2) -> -0.99598083 | M77: {=TRANSPOSE(MMULT($B$28:$E$31, TRANSPOSE(I77:L77)))} -> 1.4784269 | N77: 0.29420305 | O77: 2.1784324 | P77: -0.33954872 | Q77: =$B$7 * EXP(($F$11 - $F$7 - $C$7*$C$7/2)*$C$3 + M77*$C$7*SQRT($C$3)) -> 1.2359532 | R77: =$B$8 * EXP(($F$11 - $F$8 - $C$8*$C$8/2)*$C$3 + N77*$C$8*SQRT($C$3)) -> 1.3645004 | S77: =$B$9 * EXP(($F$11 - $F$9 - $C$9*$C$9/2)*$C$3 + O77*$C$9*SQRT($C$3)) -> 0.0069161582 | T77: =$B$10 * EXP(($F$11 - $F$10 - $C$10*$C$10/2)*$C$3 + P77*$C$10*SQRT($C$3)) -> 0.71984805 | U77: =Q77/$B$7 -> 1.051875 | V77: =R77/$B$8 -> 1.0099929 | W77: =S77/$B$9 -> 1.1048176 | X77: =T77/$B$10 -> 0.99564046 | Y77: =$C$4 * (MAX(MAX(U77:X77) - $C$2, 0)) -> 104.8176
... H2502: 2500 | I2502: =INDEX(Random!$F$2:$F$10003,($H2502-1)*$L$2 + I$2) -> -0.13610769 | J2502: =INDEX(Random!$F$2:$F$10003,($H2502-1)*$L$2 + J$2) -> -0.0056629079 | K2502: =INDEX(Random!$F$2:$F$10003,($H2502-1)*$L$2 + K$2) -> -0.13068443 | L2502: =INDEX(Random!$F$2:$F$10003,($H2502-1)*$L$2 + L$2) -> -2.3235522 | M2502: {=TRANSPOSE(MMULT($B$28:$E$31, TRANSPOSE(I2502:L2502)))} -> -0.13610769 | N2502: -0.11044477 | O2502: -0.18460328 | P2502: -1.9552537 | Q2502: =$B$7 * EXP(($F$11 - $F$7 - $C$7*$C$7/2)*$C$3 + M2502*$C$7*SQRT($C$3)) -> 1.1746669 | R2502: =$B$8 * EXP(($F$11 - $F$8 - $C$8*$C$8/2)*$C$3 + N2502*$C$8*SQRT($C$3)) -> 1.3447674 | S2502: =$B$9 * EXP(($F$11 - $F$9 - $C$9*$C$9/2)*$C$3 + O2502*$C$9*SQRT($C$3)) -> 0.0062553145 | T2502: =$B$10 * EXP(($F$11 - $F$10 - $C$10*$C$10/2)*$C$3 + P2502*$C$10*SQRT($C$3)) -> 0.69190965 | U2502: =Q2502/$B$7 -> 0.99971652 | V2502: =R2502/$B$8 -> 0.99538666 | W2502: =S2502/$B$9 -> 0.99925152 | X2502: =T2502/$B$10 -> 0.95699813 | Y2502: =$C$4 * (MAX(MAX(U2502:X2502) - $C$2, 0)) -> 0
H2503: 1 | I2503: =-I3 -> -0.77003388 | J2503: =-J3 -> 0.021471217 | K2503: =-K3 -> 1.6148261 | L2503: =-L3 -> -0.74132908 | M2503: {=TRANSPOSE(MMULT($B$28:$E$31, TRANSPOSE(I2503:L2503)))} -> -0.77003388 | N2503: -0.59174475 | O2503: 0.90230544 | P2503: -1.0301264 | Q2503: =$B$7 * EXP(($F$11 - $F$7 - $C$7*$C$7/2)*$C$3 + M2503*$C$7*SQRT($C$3)) -> 1.151443 | R2503: =$B$8 * EXP(($F$11 - $F$8 - $C$8*$C$8/2)*$C$3 + N2503*$C$8*SQRT($C$3)) -> 1.3216676 | S2503: =$B$9 * EXP(($F$11 - $F$9 - $C$9*$C$9/2)*$C$3 + O2503*$C$9*SQRT($C$3)) -> 0.006551048 | T2503: =$B$10 * EXP(($F$11 - $F$10 - $C$10*$C$10/2)*$C$3 + P2503*$C$10*SQRT($C$3)) -> 0.70777129 | U2503: =Q2503/$B$7 -> 0.97995151 | V2503: =R2503/$B$8 -> 0.97828835 | W2503: =S2503/$B$9 -> 1.0464933 | X2503: =T2503/$B$10 -> 0.97893677 | Y2503: =$C$4 * (MAX(MAX(U2503:X2503) - $C$2, 0)) -> 46.493295
H2504: 2 | I2504: =-I4 -> 2.0600803 | J2504: =-J4 -> -0.57768722 | K2504: =-K4 -> 0.70092551 | L2504: =-L4 -> -1.1843771 | M2504: {=TRANSPOSE(MMULT($B$28:$E$31, TRANSPOSE(I2504:L2504)))} -> 2.0600803 | N2504: 1.2612832 | O2504: 1.7002561 | P2504: 0.01955858 | Q2504: =$B$7 * EXP(($F$11 - $F$7 - $C$7*$C$7/2)*$C$3 + M2504*$C$7*SQRT($C$3)) -> 1.2588071 | R2504: =$B$8 * EXP(($F$11 - $F$8 - $C$8*$C$8/2)*$C$3 + N2504*$C$8*SQRT($C$3)) -> 1.412842 | S2504: =$B$9 * EXP(($F$11 - $F$9 - $C$9*$C$9/2)*$C$3 + O2504*$C$9*SQRT($C$3)) -> 0.0067770232 | T2504: =$B$10 * EXP(($F$11 - $F$10 - $C$10*$C$10/2)*$C$3 + P2504*$C$10*SQRT($C$3)) -> 0.72620931 | U2504: =Q2504/$B$7 -> 1.0713252 | V2504: =R2504/$B$8 -> 1.045775 | W2504: =S2504/$B$9 -> 1.0825916 | X2504: =T2504/$B$10 -> 1.0044389 | Y2504: =$C$4 * (MAX(MAX(U2504:X2504) - $C$2, 0)) -> 82.591559
H2505: 3 | I2505: =-I5 -> -0.39750655 | J2505: =-J5 -> -0.038342654 | K2505: =-K5 -> -0.51504409 | L2505: =-L5 -> 0.57350867 | M2505: {=TRANSPOSE(MMULT($B$28:$E$31, TRANSPOSE(I2505:L2505)))} -> -0.39750655 | N2505: -0.33604494 | O2505: -0.65054906 | P2505: 0.24600698 | Q2505: =$B$7 * EXP(($F$11 - $F$7 - $C$7*$C$7/2)*$C$3 + M2505*$C$7*SQRT($C$3)) -> 1.1650343 | R2505: =$B$8 * EXP(($F$11 - $F$8 - $C$8*$C$8/2)*$C$3 + N2505*$C$8*SQRT($C$3)) -> 1.3338899 | S2505: =$B$9 * EXP(($F$11 - $F$9 - $C$9*$C$9/2)*$C$3 + O2505*$C$9*SQRT($C$3)) -> 0.0061326608 | T2505: =$B$10 * EXP(($F$11 - $F$10 - $C$10*$C$10/2)*$C$3 + P2505*$C$10*SQRT($C$3)) -> 0.73024951 | U2505: =Q2505/$B$7 -> 0.99151859 | V2505: =R2505/$B$8 -> 0.98733526 | W2505: =S2505/$B$9 -> 0.97965828 | X2505: =T2505/$B$10 -> 1.010027 | Y2505: =$C$4 * (MAX(MAX(U2505:X2505) - $C$2, 0)) -> 10.026983
H2506: 4 | I2506: =-I6 -> -1.5680918 | J2506: =-J6 -> -0.081428152 | K2506: =-K6 -> -1.0743323 | L2506: =-L6 -> -0.069042537 | M2506: {=TRANSPOSE(MMULT($B$28:$E$31, TRANSPOSE(I2506:L2506)))} -> -1.5680918 | N2506: -1.2824427 | O2506: -1.7717262 | P2506: -0.91220415 | Q2506: =$B$7 * EXP(($F$11 - $F$7 - $C$7*$C$7/2)*$C$3 + M2506*$C$7*SQRT($C$3)) -> 1.1228579 | R2506: =$B$8 * EXP(($F$11 - $F$8 - $C$8*$C$8/2)*$C$3 + N2506*$C$8*SQRT($C$3)) -> 1.2892093 | S2506: =$B$9 * EXP(($F$11 - $F$9 - $C$9*$C$9/2)*$C$3 + O2506*$C$9*SQRT($C$3)) -> 0.0058472923 | T2506: =$B$10 * EXP(($F$11 - $F$10 - $C$10*$C$10/2)*$C$3 + P2506*$C$10*SQRT($C$3)) -> 0.70981906 | U2506: =Q2506/$B$7 -> 0.95562374 | V2506: =R2506/$B$8 -> 0.95426302 | W2506: =S2506/$B$9 -> 0.93407225 | X2506: =T2506/$B$10 -> 0.9817691 | Y2506: =$C$4 * (MAX(MAX(U2506:X2506) - $C$2, 0)) -> 0
H2507: 5 | I2507: =-I7 -> 2.04904 | J2507: =-J7 -> 0.05263592 | K2507: =-K7 -> 0.41277469 | L2507: =-L7 -> -0.33127521 | M2507: {=TRANSPOSE(MMULT($B$28:$E$31, TRANSPOSE(I2507:L2507)))} -> 2.04904 | N2507: 1.64252 | O2507: 1.4937423 | P2507: 0.84925536 | Q2507: =$B$7 * EXP(($F$11 - $F$7 - $C$7*$C$7/2)*$C$3 + M2507*$C$7*SQRT($C$3)) -> 1.2583694 | R2507: =$B$8 * EXP(($F$11 - $F$8 - $C$8*$C$8/2)*$C$3 + N2507*$C$8*SQRT($C$3)) -> 1.4323662 | S2507: =$B$9 * EXP(($F$11 - $F$9 - $C$9*$C$9/2)*$C$3 + O2507*$C$9*SQRT($C$3)) -> 0.0067178026 | T2507: =$B$10 * EXP(($F$11 - $F$10 - $C$10*$C$10/2)*$C$3 + P2507*$C$10*SQRT($C$3)) -> 0.74112244 | U2507: =Q2507/$B$7 -> 1.0709527 | V2507: =R2507/$B$8 -> 1.0602267 | W2507: =S2507/$B$9 -> 1.0731314 | X2507: =T2507/$B$10 -> 1.0250656 | Y2507: =$C$4 * (MAX(MAX(U2507:X2507) - $C$2, 0)) -> 73.131405
H2508: 6 | I2508: =-I8 -> 0.87000051 | J2508: =-J8 -> 0.59562722 | K2508: =-K8 -> -1.287163 | L2508: =-L8 -> 0.62332952 | M2508: {=TRANSPOSE(MMULT($B$28:$E$31, TRANSPOSE(I2508:L2508)))} -> 0.87000051 | N2508: 1.0520206 | O2508: -0.53892355 | P2508: 1.1239364 | Q2508: =$B$7 * EXP(($F$11 - $F$7 - $C$7*$C$7/2)*$C$3 + M2508*$C$7*SQRT($C$3)) -> 1.2124911 | R2508: =$B$8 * EXP(($F$11 - $F$8 - $C$8*$C$8/2)*$C$3 + N2508*$C$8*SQRT($C$3)) -> 1.4022384 | S2508: =$B$9 * EXP(($F$11 - $F$9 - $C$9*$C$9/2)*$C$3 + O2508*$C$9*SQRT($C$3)) -> 0.0061618238 | T2508: =$B$10 * EXP(($F$11 - $F$10 - $C$10*$C$10/2)*$C$3 + P2508*$C$10*SQRT($C$3)) -> 0.74612679 | U2508: =Q2508/$B$7 -> 1.0319074 | V2508: =R2508/$B$8 -> 1.0379263 | W2508: =S2508/$B$9 -> 0.98431691 | X2508: =T2508/$B$10 -> 1.0319873 | Y2508: =$C$4 * (MAX(MAX(U2508:X2508) - $C$2, 0)) -> 37.92626
H2509: 7 | I2509: =-I9 -> -1.0930683 | J2509: =-J9 -> 1.3301227 | K2509: =-K9 -> 0.44077363 | L2509: =-L9 -> 0.27732365 | M2509: {=TRANSPOSE(MMULT($B$28:$E$31, TRANSPOSE(I2509:L2509)))} -> -1.0930683 | N2509: -0.03603932 | O2509: -0.17022296 | P2509: -0.073334753 | Q2509: =$B$7 * EXP(($F$11 - $F$7 - $C$7*$C$7/2)*$C$3 + M2509*$C$7*SQRT($C$3)) -> 1.1397858 | R2509: =$B$8 * EXP(($F$11 - $F$8 - $C$8*$C$8/2)*$C$3 + N2509*$C$8*SQRT($C$3)) -> 1.3483743 | S2509: =$B$9 * EXP(($F$11 - $F$9 - $C$9*$C$9/2)*$C$3 + O2509*$C$9*SQRT($C$3)) -> 0.0062591387 | T2509: =$B$10 * EXP(($F$11 - $F$10 - $C$10*$C$10/2)*$C$3 + P2509*$C$10*SQRT($C$3)) -> 0.72455842 | U2509: =Q2509/$B$7 -> 0.97003049 | V2509: =R2509/$B$8 -> 0.99805648 | W2509: =S2509/$B$9 -> 0.99986241 | X2509: =T2509/$B$10 -> 1.0021555 | Y2509: =$C$4 * (MAX(MAX(U2509:X2509) - $C$2, 0)) -> 2.1554933
H2510: 8 | I2510: =-I10 -> -0.40161095 | J2510: =-J10 -> 0.022358811 | K2510: =-K10 -> -1.8063811 | L2510: =-L10 -> -0.79484663 | M2510: {=TRANSPOSE(MMULT($B$28:$E$31, TRANSPOSE(I2510:L2510)))} -> -0.40161095 | N2510: -0.30172053 | O2510: -1.715311 | P2510: -0.83675533 | Q2510: =$B$7 * EXP(($F$11 - $F$7 - $C$7*$C$7/2)*$C$3 + M2510*$C$7*SQRT($C$3)) -> 1.1648837 | R2510: =$B$8 * EXP(($F$11 - $F$8 - $C$8*$C$8/2)*$C$3 + N2510*$C$8*SQRT($C$3)) -> 1.3355392 | S2510: =$B$9 * EXP(($F$11 - $F$9 - $C$9*$C$9/2)*$C$3 + O2510*$C$9*SQRT($C$3)) -> 0.0058613288 | T2510: =$B$10 * EXP(($F$11 - $F$10 - $C$10*$C$10/2)*$C$3 + P2510*$C$10*SQRT($C$3)) -> 0.71113237 | U2510: =Q2510/$B$7 -> 0.99139041 | V2510: =R2510/$B$8 -> 0.98855605 | W2510: =S2510/$B$9 -> 0.93631451 | X2510: =T2510/$B$10 -> 0.98358558 | Y2510: =$C$4 * (MAX(MAX(U2510:X2510) - $C$2, 0)) -> 0
H2511: 9 | I2511: =-I11 -> 0.47784146 | J2511: =-J11 -> 1.6202444 | K2511: =-K11 -> -0.16814432 | L2511: =-L11 -> 0.46930818 | M2511: {=TRANSPOSE(MMULT($B$28:$E$31, TRANSPOSE(I2511:L2511)))} -> 0.47784146 | N2511: 1.3777132 | O2511: 0.22589813 | P2511: 1.0050336 | Q2511: =$B$7 * EXP(($F$11 - $F$7 - $C$7*$C$7/2)*$C$3 + M2511*$C$7*SQRT($C$3)) -> 1.1976054 | R2511: =$B$8 * EXP(($F$11 - $F$8 - $C$8*$C$8/2)*$C$3 + N2511*$C$8*SQRT($C$3)) -> 1.4187763 | S2511: =$B$9 * EXP(($F$11 - $F$9 - $C$9*$C$9/2)*$C$3 + O2511*$C$9*SQRT($C$3)) -> 0.0063654042 | T2511: =$B$10 * EXP(($F$11 - $F$10 - $C$10*$C$10/2)*$C$3 + P2511*$C$10*SQRT($C$3)) -> 0.74395639 | U2511: =Q2511/$B$7 -> 1.0192386 | V2511: =R2511/$B$8 -> 1.0501675 | W2511: =S2511/$B$9 -> 1.0168377 | X2511: =T2511/$B$10 -> 1.0289853 | Y2511: =$C$4 * (MAX(MAX(U2511:X2511) - $C$2, 0)) -> 50.167498
H2512: 10 | I2512: =-I12 -> -1.6344115 | J2512: =-J12 -> 2.1378119 | K2512: =-K12 -> 0.92908267 | L2512: =-L12 -> 1.1724312 | M2512: {=TRANSPOSE(MMULT($B$28:$E$31, TRANSPOSE(I2512:L2512)))} -> -1.6344115 | N2512: 0.03824767 | O2512: -0.022734953 | P2512: 0.53456855 | Q2512: =$B$7 * EXP(($F$11 - $F$7 - $C$7*$C$7/2)*$C$3 + M2512*$C$7*SQRT($C$3)) -> 1.1205146 | R2512: =$B$8 * EXP(($F$11 - $F$8 - $C$8*$C$8/2)*$C$3 + N2512*$C$8*SQRT($C$3)) -> 1.3519851 | S2512: =$B$9 * EXP(($F$11 - $F$9 - $C$9*$C$9/2)*$C$3 + O2512*$C$9*SQRT($C$3)) -> 0.0062984957 | T2512: =$B$10 * EXP(($F$11 - $F$10 - $C$10*$C$10/2)*$C$3 + P2512*$C$10*SQRT($C$3)) -> 0.73543049 | U2512: =Q2512/$B$7 -> 0.95362946 | V2512: =R2512/$B$8 -> 1.0007292 | W2512: =S2512/$B$9 -> 1.0061495 | X2512: =T2512/$B$10 -> 1.0171929 | Y2512: =$C$4 * (MAX(MAX(U2512:X2512) - $C$2, 0)) -> 17.19293
H2513: 11 | I2513: =-I13 -> 0.72345226 | J2513: =-J13 -> 0.66277608 | K2513: =-K13 -> 1.0884108 | L2513: =-L13 -> 0.29335385 | M2513: {=TRANSPOSE(MMULT($B$28:$E$31, TRANSPOSE(I2513:L2513)))} -> 0.72345226 | N2513: 0.97841315 | O2513: 1.3440212 | P2513: 0.76679126 | Q2513: =$B$7 * EXP(($F$11 - $F$7 - $C$7*$C$7/2)*$C$3 + M2513*$C$7*SQRT($C$3)) -> 1.2069069 | R2513: =$B$8 * EXP(($F$11 - $F$8 - $C$8*$C$8/2)*$C$3 + N2513*$C$8*SQRT($C$3)) -> 1.3985275 | S2513: =$B$9 * EXP(($F$11 - $F$9 - $C$9*$C$9/2)*$C$3 + O2513*$C$9*SQRT($C$3)) -> 0.006675192 | T2513: =$B$10 * EXP(($F$11 - $F$10 - $C$10*$C$10/2)*$C$3 + P2513*$C$10*SQRT($C$3)) -> 0.73962661 | U2513: =Q2513/$B$7 -> 1.0271548 | V2513: =R2513/$B$8 -> 1.0351795 | W2513: =S2513/$B$9 -> 1.0663246 | X2513: =T2513/$B$10 -> 1.0229967 | Y2513: =$C$4 * (MAX(MAX(U2513:X2513) - $C$2, 0)) -> 66.324595
H2514: 12 | I2514: =-I14 -> 0.59961662 | J2514: =-J14 -> -0.35744114 | K2514: =-K14 -> 1.5645362 | L2514: =-L14 -> -0.12103896 | M2514: {=TRANSPOSE(MMULT($B$28:$E$31, TRANSPOSE(I2514:L2514)))} -> 0.59961662 | N2514: 0.25001798 | O2514: 1.6067949 | P2514: 0.12960659 | Q2514: =$B$7 * EXP(($F$11 - $F$7 - $C$7*$C$7/2)*$C$3 + M2514*$C$7*SQRT($C$3)) -> 1.2022081 | R2514: =$B$8 * EXP(($F$11 - $F$8 - $C$8*$C$8/2)*$C$3 + N2514*$C$8*SQRT($C$3)) -> 1.3623317 | S2514: =$B$9 * EXP(($F$11 - $F$9 - $C$9*$C$9/2)*$C$3 + O2514*$C$9*SQRT($C$3)) -> 0.0067501575 | T2514: =$B$10 * EXP(($F$11 - $F$10 - $C$10*$C$10/2)*$C$3 + P2514*$C$10*SQRT($C$3)) -> 0.72816994 | U2514: =Q2514/$B$7 -> 1.0231558 | V2514: =R2514/$B$8 -> 1.0083876 | W2514: =S2514/$B$9 -> 1.0782999 | X2514: =T2514/$B$10 -> 1.0071507 | Y2514: =$C$4 * (MAX(MAX(U2514:X2514) - $C$2, 0)) -> 78.299924
... H5002: 2500 | I5002: =-I2502 -> 0.13610769 | J5002: =-J2502 -> 0.0056629079 | K5002: =-K2502 -> 0.13068443 | L5002: =-L2502 -> 2.3235522 | M5002: {=TRANSPOSE(MMULT($B$28:$E$31, TRANSPOSE(I5002:L5002)))} -> 0.13610769 | N5002: 0.11044477 | O5002: 0.18460328 | P5002: 1.9552537 | Q5002: =$B$7 * EXP(($F$11 - $F$7 - $C$7*$C$7/2)*$C$3 + M5002*$C$7*SQRT($C$3)) -> 1.1847827 | R5002: =$B$8 * EXP(($F$11 - $F$8 - $C$8*$C$8/2)*$C$3 + N5002*$C$8*SQRT($C$3)) -> 1.3555036 | S5002: =$B$9 * EXP(($F$11 - $F$9 - $C$9*$C$9/2)*$C$3 + O5002*$C$9*SQRT($C$3)) -> 0.0063542425 | T5002: =$B$10 * EXP(($F$11 - $F$10 - $C$10*$C$10/2)*$C$3 + P5002*$C$10*SQRT($C$3)) -> 0.76147917 | U5002: =Q5002/$B$7 -> 1.0083257 | V5002: =R5002/$B$8 -> 1.0033336 | W5002: =S5002/$B$9 -> 1.0150547 | X5002: =T5002/$B$10 -> 1.0532215 | Y5002: =$C$4 * (MAX(MAX(U5002:X5002) - $C$2, 0)) -> 53.22153

Sheet Cholesky
A3: A = | B3: {='Rainbow Call'!B21:E24} -> 1 | C3: 0.78571429 | D3: 0.5611578 | E3: 0.54178814
B4: 0.78571429 | C4: 1 | D4: 0.47777778 | E4: 0.56476757
B5: 0.5611578 | C5: 0.47777778 | D5: 1 | E5: 0.30852341
B6: 0.54178814 | C6: 0.56476757 | D6: 0.30852341 | E6: 1
B8: =SQRT(B3) -> 1 | C8: 0 | D8: 0 | E8: 0
B9: {=B4:B6/B8} -> 0.78571429 | C9: {=C4:E6 - MMULT(B9:B11, TRANSPOSE(B9:B11))} -> 0.38265306 | D9: 0.036868081 | E9: 0.13907689
B10: 0.5611578 | C10: 0.036868081 | D10: 0.68510193 | E10: 0.0044947684
B11: 0.54178814 | C11: 0.13907689 | D11: 0.0044947684 | E11: 0.70646561
B13: =B8 -> 1 | C13: =C8 -> 0 | D13: =D8 -> 0 | E13: =E8 -> 0
B14: =B9 -> 0.78571429 | C14: =SQRT(C9) -> 0.61858957 | D14: 0 | E14: 0
B15: =B10 -> 0.5611578 | C15: {=C10:C11/C14} -> 0.059600229 | D15: {=D10:E11-MMULT(C15:C16,TRANSPOSE(C15:C16))} -> 0.68154974 | E15: -0.0089050929
B16: =B11 -> 0.54178814 | C16: 0.22482902 | D16: -0.0089050929 | E16: 0.65591752
B18: =B13 -> 1 | C18: =C13 -> 0 | D18: =D13 -> 0 | E18: =E13 -> 0
B19: =B14 -> 0.78571429 | C19: =C14 -> 0.61858957 | D19: =D14 -> 0 | E19: =E14 -> 0
B20: =B15 -> 0.5611578 | C20: =C15 -> 0.059600229 | D20: =SQRT(D15) -> 0.82556026 | E20: 0
B21: =B16 -> 0.54178814 | C21: =C16 -> 0.22482902 | D21: =D16/D20 -> -0.010786727 | E21: =E16 - D21*D21 -> 0.65580116
A23: L = | B23: =B18 -> 1 | C23: =C18 -> 0 | D23: =D18 -> 0 | E23: =E18 -> 0 | G23: L^T = | H23: {=TRANSPOSE(B23:E26)} -> 1 | I23: 0.78571429 | J23: 0.5611578 | K23: 0.54178814 | M23: L*L^T = | N23: {=MMULT(B23:E26, H23:K26)} -> 1 | O23: 0.78571429 | P23: 0.5611578 | Q23: 0.54178814
B24: =B19 -> 0.78571429 | C24: =C19 -> 0.61858957 | D24: =D19 -> 0 | E24: =E19 -> 0 | H24: 0 | I24: 0.61858957 | J24: 0.059600229 | K24: 0.22482902 | N24: 0.78571429 | O24: 1 | P24: 0.47777778 | Q24: 0.56476757
B25: =B20 -> 0.5611578 | C25: =C20 -> 0.059600229 | D25: =D20 -> 0.82556026 | E25: =E20 -> 0 | H25: 0 | I25: 0 | J25: 0.82556026 | K25: -0.010786727 | N25: 0.5611578 | O25: 0.47777778 | P25: 1 | Q25: 0.30852341
B26: =B21 -> 0.54178814 | C26: =C21 -> 0.22482902 | D26: =D21 -> -0.010786727 | E26: =SQRT(E21) -> 0.80981551 | H26: 0 | I26: 0 | J26: 0 | K26: 0.80981551 | N26: 0.54178814 | O26: 0.56476757 | P26: 0.30852341 | Q26: 1
